,中证500
2005-01-04,2323762.0
2005-01-05,3486101.0
2005-01-06,2933905.0
2005-01-07,3391626.0
2005-01-10,2949405.0
2005-01-11,3136115.0
2005-01-12,3196393.0
2005-01-13,4715733.0
2005-01-14,4016937.0
2005-01-17,4358603.0
2005-01-18,4516132.0
2005-01-19,4255249.0
2005-01-20,4652048.0
2005-01-21,6185255.0
2005-01-24,7323355.0
2005-01-25,4694803.0
2005-01-26,4113900.0
2005-01-27,4123213.0
2005-01-28,4072373.0
2005-01-31,4095099.0
2005-02-01,4199745.0
2005-02-02,6553566.0
2005-02-03,6371300.0
2005-02-04,5193013.0
2005-02-16,4693322.0
2005-02-17,4031958.0
2005-02-18,4112811.0
2005-02-21,4765203.0
2005-02-22,9575789.0
2005-02-23,10201823.0
2005-02-24,8683232.0
2005-02-25,9650761.0
2005-02-28,7028051.0
2005-03-01,6675636.0
2005-03-02,7457971.0
2005-03-03,5372494.0
2005-03-04,4525189.0
2005-03-07,4475140.0
2005-03-08,7187007.0
2005-03-09,8257822.0
2005-03-10,7106020.0
2005-03-11,5955310.0
2005-03-14,7550503.0
2005-03-15,6499568.0
2005-03-16,5311964.0
2005-03-17,5313307.0
2005-03-18,5393917.0
2005-03-21,4192190.0
2005-03-22,5795013.0
2005-03-23,5290283.0
2005-03-24,4319201.0
2005-03-25,4189844.0
2005-03-28,4019570.0
2005-03-29,3698567.0
2005-03-30,4689495.0
2005-03-31,4125613.0
2005-04-01,6921793.0
2005-04-04,5333838.0
2005-04-05,4572502.0
2005-04-06,6805027.0
2005-04-07,9540235.0
2005-04-08,7997380.0
2005-04-11,8688242.0
2005-04-12,6039966.0
2005-04-13,8141086.0
2005-04-14,6983687.0
2005-04-15,6661596.0
2005-04-18,5003269.0
2005-04-19,4798602.0
2005-04-20,5321650.0
2005-04-21,6250349.0
2005-04-22,6224884.0
2005-04-25,5819861.0
2005-04-26,6199955.0
2005-04-27,5943654.0
2005-04-28,7643112.0
2005-04-29,6013685.0
2005-05-09,4206100.0
2005-05-10,4946935.0
2005-05-11,4637579.0
2005-05-12,4597105.0
2005-05-13,5197528.0
2005-05-16,4537502.0
2005-05-17,4955081.0
2005-05-18,4558077.0
2005-05-19,4776276.0
2005-05-20,4327522.0
2005-05-23,4312715.0
2005-05-24,4695292.0
2005-05-25,5294537.0
2005-05-26,4838787.0
2005-05-27,4167631.0
2005-05-30,3848708.0
2005-05-31,4299736.0
2005-06-01,4648727.0
2005-06-02,4950638.0
2005-06-03,4586315.0
2005-06-06,4763542.0
2005-06-07,7087300.0
2005-06-08,14973544.0
2005-06-09,15311451.0
2005-06-10,10035948.0
2005-06-13,6894838.0
2005-06-14,7401586.0
2005-06-15,5884532.0
2005-06-16,5514482.0
2005-06-17,5478499.0
2005-06-20,7966476.0
2005-06-21,6385113.0
2005-06-22,4992737.0
2005-06-23,5246658.0
2005-06-24,4276755.0
2005-06-27,9280984.0
2005-06-28,5747787.0
2005-06-29,5149890.0
2005-06-30,5354700.0
2005-07-01,6469073.0
2005-07-04,5909701.0
2005-07-05,4391462.0
2005-07-06,4280243.0
2005-07-07,3925134.0
2005-07-08,5099620.0
2005-07-11,5045519.0
2005-07-12,6903271.0
2005-07-13,5718450.0
2005-07-14,5236366.0
2005-07-15,5942104.0
2005-07-18,4817896.0
2005-07-19,4185245.0
2005-07-20,4243009.0
2005-07-21,4745981.0
2005-07-22,9508555.0
2005-07-25,5771020.0
2005-07-26,9191361.0
2005-07-27,9472478.0
2005-07-28,10747152.0
2005-07-29,7056953.0
2005-08-01,6317943.0
2005-08-02,8902167.0
2005-08-03,14083549.0
2005-08-04,8661784.0
2005-08-05,12490262.0
2005-08-08,15361394.0
2005-08-09,14016400.0
2005-08-10,15201123.0
2005-08-11,16463304.0
2005-08-12,17643086.0
2005-08-15,12625261.0
2005-08-16,15515941.0
2005-08-17,16792374.0
2005-08-18,21332120.0
2005-08-19,13860548.0
2005-08-22,9724413.0
2005-08-23,9183851.0
2005-08-24,8841057.0
2005-08-25,10375848.0
2005-08-26,11880800.0
2005-08-29,10782556.0
2005-08-30,9242035.0
2005-08-31,11349943.0
2005-09-01,17034066.0
2005-09-02,15365547.0
2005-09-05,12504192.0
2005-09-06,17050904.0
2005-09-07,13957595.0
2005-09-08,14699157.0
2005-09-09,10399467.0
2005-09-12,7656523.0
2005-09-13,12496272.0
2005-09-14,16597333.0
2005-09-15,13582384.0
2005-09-16,10961532.0
2005-09-19,12056208.0
2005-09-20,15747605.0
2005-09-21,15603139.0
2005-09-22,14408321.0
2005-09-23,9799784.0
2005-09-26,6965689.0
2005-09-27,8805881.0
2005-09-28,7510781.0
2005-09-29,8835360.0
2005-09-30,7529963.0
2005-10-10,6119495.0
2005-10-11,7635267.0
2005-10-12,9459205.0
2005-10-13,8287048.0
2005-10-14,7954049.0
2005-10-17,7687888.0
2005-10-18,9716210.0
2005-10-19,9843633.0
2005-10-20,9521935.0
2005-10-21,10024927.0
2005-10-24,8789354.0
2005-10-25,8676966.0
2005-10-26,9382014.0
2005-10-27,8103937.0
2005-10-28,8668966.0
2005-10-31,6492574.0
2005-11-01,6944239.0
2005-11-02,9095992.0
2005-11-03,7559623.0
2005-11-04,6449610.0
2005-11-07,6132963.0
2005-11-08,7297838.0
2005-11-09,7612746.0
2005-11-10,8439580.0
2005-11-11,6380093.0
2005-11-14,4468436.0
2005-11-15,5871615.0
2005-11-16,5542224.0
2005-11-17,5533816.0
2005-11-18,9690756.0
2005-11-21,6608677.0
2005-11-22,6275090.0
2005-11-23,4940421.0
2005-11-24,5531201.0
2005-11-25,4849548.0
2005-11-28,4591305.0
2005-11-29,4499554.0
2005-11-30,4805174.0
2005-12-01,3927208.0
2005-12-02,4399086.0
2005-12-05,4895370.0
2005-12-06,3727782.0
2005-12-07,3755355.0
2005-12-08,3896999.0
2005-12-09,5563455.0
2005-12-12,5468310.0
2005-12-13,4917438.0
2005-12-14,5933929.0
2005-12-15,6089472.0
2005-12-16,5199474.0
2005-12-19,4859568.0
2005-12-20,4454202.0
2005-12-21,5205742.0
2005-12-22,5080676.0
2005-12-23,6446099.0
2005-12-26,7860415.0
2005-12-27,6528869.0
2005-12-28,5615717.0
2005-12-29,8617095.0
2005-12-30,7552316.0
2006-01-04,8039010.0
2006-01-05,10885811.0
2006-01-06,13370231.0
2006-01-09,12361296.0
2006-01-10,11200080.0
2006-01-11,12953141.0
2006-01-12,14024614.0
2006-01-13,14459388.0
2006-01-16,12592136.0
2006-01-17,8918319.0
2006-01-18,11474786.0
2006-01-19,13989234.0
2006-01-20,14779172.0
2006-01-23,14125714.0
2006-01-24,14103819.0
2006-01-25,12817111.0
2006-02-06,12923121.0
2006-02-07,17016908.0
2006-02-08,13588630.0
2006-02-09,11835024.0
2006-02-10,11797244.0
2006-02-13,11393721.0
2006-02-14,10447628.0
2006-02-15,12322016.0
2006-02-16,14477526.0
2006-02-17,11246007.0
2006-02-20,9821570.0
2006-02-21,10166777.0
2006-02-22,10339439.0
2006-02-23,9184009.0
2006-02-24,10007130.0
2006-02-27,9025472.0
2006-02-28,8702274.0
2006-03-01,9658441.0
2006-03-02,11407653.0
2006-03-03,9435551.0
2006-03-06,7323049.0
2006-03-07,8621116.0
2006-03-08,7226656.0
2006-03-09,6110908.0
2006-03-10,6049099.0
2006-03-13,5621891.0
2006-03-14,6342600.0
2006-03-15,7998642.0
2006-03-16,8182272.0
2006-03-17,8944893.0
2006-03-20,9120389.0
2006-03-21,11865276.0
2006-03-22,11514166.0
2006-03-23,13897920.0
2006-03-24,12647982.0
2006-03-27,10706853.0
2006-03-28,13360061.0
2006-03-29,15784085.0
2006-03-30,13329955.0
2006-03-31,13282342.0
2006-04-03,17490890.0
2006-04-04,18674872.0
2006-04-05,18667858.0
2006-04-06,21173354.0
2006-04-07,21288522.0
2006-04-10,21976514.0
2006-04-11,22595820.0
2006-04-12,20140516.0
2006-04-13,22614392.0
2006-04-14,16434914.0
2006-04-17,19137336.0
2006-04-18,17175728.0
2006-04-19,18561782.0
2006-04-20,19770248.0
2006-04-21,20485060.0
2006-04-24,22778340.0
2006-04-25,20744156.0
2006-04-26,22602808.0
2006-04-27,18574312.0
2006-04-28,20532796.0
2006-05-08,22440402.0
2006-05-09,29808582.0
2006-05-10,31202884.0
2006-05-11,36588884.0
2006-05-12,32967164.0
2006-05-15,40668940.0
2006-05-16,39381620.0
2006-05-17,32137140.0
2006-05-18,28510402.0
2006-05-19,30783976.0
2006-05-22,33218174.0
2006-05-23,31406252.0
2006-05-24,26600866.0
2006-05-25,19663824.0
2006-05-26,20931172.0
2006-05-29,23429286.0
2006-05-30,24941388.0
2006-05-31,27598876.0
2006-06-01,33069584.0
2006-06-02,38325544.0
2006-06-05,29413874.0
2006-06-06,25329400.0
2006-06-07,27931262.0
2006-06-08,24671632.0
2006-06-09,23220740.0
2006-06-12,14672115.0
2006-06-13,14557767.0
2006-06-14,13987922.0
2006-06-15,13827267.0
2006-06-16,15949331.0
2006-06-19,17174544.0
2006-06-20,17933394.0
2006-06-21,18241678.0
2006-06-22,16067073.0
2006-06-23,16886956.0
2006-06-26,20453222.0
2006-06-27,20306082.0
2006-06-28,17768400.0
2006-06-29,24385372.0
2006-06-30,24636734.0
2006-07-03,25348764.0
2006-07-04,27850126.0
2006-07-05,21574748.0
2006-07-06,25426140.0
2006-07-07,25026864.0
2006-07-10,19808480.0
2006-07-11,20802044.0
2006-07-12,25275444.0
2006-07-13,34944608.0
2006-07-14,21196876.0
2006-07-17,17734058.0
2006-07-18,17912038.0
2006-07-19,19013808.0
2006-07-20,16248454.0
2006-07-21,15893080.0
2006-07-24,16307505.0
2006-07-25,17835350.0
2006-07-26,17399888.0
2006-07-27,19791144.0
2006-07-28,18604576.0
2006-07-31,17977062.0
2006-08-01,14318330.0
2006-08-02,13078178.0
2006-08-03,11173162.0
2006-08-04,13257335.0
2006-08-07,12436967.0
2006-08-08,12371064.0
2006-08-09,11927142.0
2006-08-10,12458222.0
2006-08-11,12293776.0
2006-08-14,12974801.0
2006-08-15,10117217.0
2006-08-16,13800771.0
2006-08-17,12259591.0
2006-08-18,10095910.0
2006-08-21,11813110.0
2006-08-22,14067522.0
2006-08-23,13522173.0
2006-08-24,12826365.0
2006-08-25,15006759.0
2006-08-28,19226082.0
2006-08-29,24396300.0
2006-08-30,16136869.0
2006-08-31,17971384.0
2006-09-01,18102292.0
2006-09-04,16296001.0
2006-09-05,19483676.0
2006-09-06,17850908.0
2006-09-07,14341706.0
2006-09-08,11912110.0
2006-09-11,14193197.0
2006-09-12,15312015.0
2006-09-13,14936861.0
2006-09-14,15010711.0
2006-09-15,15522868.0
2006-09-18,17494032.0
2006-09-19,19406254.0
2006-09-20,17609936.0
2006-09-21,16687352.0
2006-09-22,18487552.0
2006-09-25,17092074.0
2006-09-26,15939399.0
2006-09-27,13780127.0
2006-09-28,16197201.0
2006-09-29,19163800.0
2006-10-09,21129866.0
2006-10-10,25278768.0
2006-10-11,21603318.0
2006-10-12,22633592.0
2006-10-13,17678774.0
2006-10-16,18015112.0
2006-10-17,16322135.0
2006-10-18,15533562.0
2006-10-19,18859082.0
2006-10-20,19020176.0
2006-10-23,21134776.0
2006-10-24,17996568.0
2006-10-25,19871334.0
2006-10-26,15862159.0
2006-10-27,16776153.0
2006-10-30,13871483.0
2006-10-31,14091961.0
2006-11-01,15680124.0
2006-11-02,15894523.0
2006-11-03,14239271.0
2006-11-06,14907359.0
2006-11-07,16321673.0
2006-11-08,12096574.0
2006-11-09,13194955.0
2006-11-10,15683384.0
2006-11-13,14993645.0
2006-11-14,12422880.0
2006-11-15,13274863.0
2006-11-16,15009693.0
2006-11-17,12995218.0
2006-11-20,14596352.0
2006-11-21,14237566.0
2006-11-22,18195598.0
2006-11-23,16538872.0
2006-11-24,19774506.0
2006-11-27,19812298.0
2006-11-28,19723052.0
2006-11-29,20951208.0
2006-11-30,27614668.0
2006-12-01,27637902.0
2006-12-04,29837776.0
2006-12-05,35176816.0
2006-12-06,37482820.0
2006-12-07,32934336.0
2006-12-08,25808656.0
2006-12-11,20101756.0
2006-12-12,21683956.0
2006-12-13,18968560.0
2006-12-14,21859160.0
2006-12-15,26099504.0
2006-12-18,30747036.0
2006-12-19,32015720.0
2006-12-20,33838260.0
2006-12-21,36040828.0
2006-12-22,27420472.0
2006-12-25,26413506.0
2006-12-26,23931456.0
2006-12-27,20997488.0
2006-12-28,24081394.0
2006-12-29,24615518.0
2007-01-04,32129868.0
2007-01-05,29545474.0
2007-01-08,39719320.0
2007-01-09,42845908.0
2007-01-10,45406336.0
2007-01-11,53883464.0
2007-01-12,44080092.0
2007-01-15,38812632.0
2007-01-16,48074416.0
2007-01-17,58832888.0
2007-01-18,50949460.0
2007-01-19,57925168.0
2007-01-22,63589200.0
2007-01-23,61080176.0
2007-01-24,51041224.0
2007-01-25,48175660.0
2007-01-26,44759404.0
2007-01-29,45646664.0
2007-01-30,50247688.0
2007-01-31,49046924.0
2007-02-01,42338844.0
2007-02-02,38610608.0
2007-02-05,30134110.0
2007-02-06,30876184.0
2007-02-07,38327048.0
2007-02-08,39053896.0
2007-02-09,37161824.0
2007-02-12,36188352.0
2007-02-13,38163784.0
2007-02-14,44065584.0
2007-02-15,51516460.0
2007-02-16,54056752.0
2007-02-26,48963084.0
2007-02-27,72404256.0
2007-02-28,53025028.0
2007-03-01,58828140.0
2007-03-02,47238104.0
2007-03-05,49535976.0
2007-03-06,33321666.0
2007-03-07,37230708.0
2007-03-08,43077064.0
2007-03-09,48031704.0
2007-03-12,51367092.0
2007-03-13,53596160.0
2007-03-14,56580272.0
2007-03-15,51009808.0
2007-03-16,55633132.0
2007-03-19,47649880.0
2007-03-20,43558984.0
2007-03-21,48276756.0
2007-03-22,56005696.0
2007-03-23,52272356.0
2007-03-26,56736776.0
2007-03-27,56957800.0
2007-03-28,67009340.0
2007-03-29,55994800.0
2007-03-30,35962416.0
2007-04-02,37673588.0
2007-04-03,46766984.0
2007-04-04,53126352.0
2007-04-05,52801656.0
2007-04-06,56252056.0
2007-04-09,62143752.0
2007-04-10,63556608.0
2007-04-11,67723776.0
2007-04-12,64707448.0
2007-04-13,67535072.0
2007-04-16,60396856.0
2007-04-17,77944240.0
2007-04-18,71614000.0
2007-04-19,78014304.0
2007-04-20,62251144.0
2007-04-23,73720032.0
2007-04-24,81814320.0
2007-04-25,64389272.0
2007-04-26,55433348.0
2007-04-27,58297400.0
2007-04-30,65571152.0
2007-05-08,73123976.0
2007-05-09,83052496.0
2007-05-10,68513920.0
2007-05-11,60242752.0
2007-05-14,58751380.0
2007-05-15,64001792.0
2007-05-16,55559392.0
2007-05-17,62708704.0
2007-05-18,59209700.0
2007-05-21,71621744.0
2007-05-22,80650688.0
2007-05-23,74290000.0
2007-05-24,83135280.0
2007-05-25,71208664.0
2007-05-28,81156432.0
2007-05-29,75634104.0
2007-05-30,80630304.0
2007-05-31,74445304.0
2007-06-01,66043512.0
2007-06-04,45166436.0
2007-06-05,70413232.0
2007-06-06,67135672.0
2007-06-07,64774240.0
2007-06-08,64571340.0
2007-06-11,61730088.0
2007-06-12,73569736.0
2007-06-13,77713296.0
2007-06-14,68961104.0
2007-06-15,52084748.0
2007-06-18,57885768.0
2007-06-19,61844388.0
2007-06-20,67281000.0
2007-06-21,52002464.0
2007-06-22,55689412.0
2007-06-25,47652136.0
2007-06-26,43627272.0
2007-06-27,42012260.0
2007-06-28,39969480.0
2007-06-29,38787816.0
2007-07-02,33504868.0
2007-07-03,30575776.0
2007-07-04,26839808.0
2007-07-05,29414090.0
2007-07-06,37954628.0
2007-07-09,41519752.0
2007-07-10,34736936.0
2007-07-11,24806420.0
2007-07-12,23598616.0
2007-07-13,20163548.0
2007-07-16,20845936.0
2007-07-17,21454454.0
2007-07-18,24959894.0
2007-07-19,18838756.0
2007-07-20,35232856.0
2007-07-23,50433560.0
2007-07-24,51089456.0
2007-07-25,41057608.0
2007-07-26,47620396.0
2007-07-27,48190964.0
2007-07-30,53009656.0
2007-07-31,50712508.0
2007-08-01,59398872.0
2007-08-02,46425760.0
2007-08-03,53896072.0
2007-08-06,54750124.0
2007-08-07,51098864.0
2007-08-08,46105604.0
2007-08-09,38807228.0
2007-08-10,40678680.0
2007-08-13,40502416.0
2007-08-14,37008300.0
2007-08-15,37001028.0
2007-08-16,39367720.0
2007-08-17,38005656.0
2007-08-20,45576504.0
2007-08-21,49591844.0
2007-08-22,55468432.0
2007-08-23,50015584.0
2007-08-24,50881116.0
2007-08-27,52241820.0
2007-08-28,47776480.0
2007-08-29,44907272.0
2007-08-30,51519908.0
2007-08-31,55587884.0
2007-09-03,64639716.0
2007-09-04,57774064.0
2007-09-05,45766788.0
2007-09-06,51029932.0
2007-09-07,57324600.0
2007-09-10,49224552.0
2007-09-11,55784240.0
2007-09-12,47944356.0
2007-09-13,41370636.0
2007-09-14,46901568.0
2007-09-17,52511732.0
2007-09-18,49774864.0
2007-09-19,43110976.0
2007-09-20,41224368.0
2007-09-21,42901056.0
2007-09-24,39626580.0
2007-09-25,33147224.0
2007-09-26,27770924.0
2007-09-27,25245216.0
2007-09-28,35372404.0
2007-10-08,36258308.0
2007-10-09,35443192.0
2007-10-10,37983664.0
2007-10-11,36394376.0
2007-10-12,47244760.0
2007-10-15,34245876.0
2007-10-16,28644936.0
2007-10-17,27959088.0
2007-10-18,27461488.0
2007-10-19,22176600.0
2007-10-22,23355676.0
2007-10-23,22961572.0
2007-10-24,22316588.0
2007-10-25,30098040.0
2007-10-26,21560562.0
2007-10-29,18080846.0
2007-10-30,18713900.0
2007-10-31,26309612.0
2007-11-01,23393038.0
2007-11-02,21624770.0
2007-11-05,17471052.0
2007-11-06,16420338.0
2007-11-07,15667195.0
2007-11-08,17215608.0
2007-11-09,15929249.0
2007-11-12,17257974.0
2007-11-13,16725083.0
2007-11-14,19491376.0
2007-11-15,19245920.0
2007-11-16,15545429.0
2007-11-19,17968552.0
2007-11-20,19062836.0
2007-11-21,17508412.0
2007-11-22,15528087.0
2007-11-23,11425117.0
2007-11-26,14035768.0
2007-11-27,11995548.0
2007-11-28,11482784.0
2007-11-29,16398975.0
2007-11-30,15511798.0
2007-12-03,14052326.0
2007-12-04,13967543.0
2007-12-05,17699604.0
2007-12-06,15894081.0
2007-12-07,19130818.0
2007-12-10,27756960.0
2007-12-11,29101646.0
2007-12-12,25664016.0
2007-12-13,26583768.0
2007-12-14,22307464.0
2007-12-17,28954406.0
2007-12-18,17892084.0
2007-12-19,23556730.0
2007-12-20,23552788.0
2007-12-21,26200856.0
2007-12-24,34845136.0
2007-12-25,28556996.0
2007-12-26,30823800.0
2007-12-27,35701876.0
2007-12-28,29803572.0
2008-01-02,34345912.0
2008-01-03,41987484.0
2008-01-04,33308592.0
2008-01-07,40403712.0
2008-01-08,42472884.0
2008-01-09,34823784.0
2008-01-10,40849680.0
2008-01-11,34948236.0
2008-01-14,33850868.0
2008-01-15,36880404.0
2008-01-16,39059992.0
2008-01-17,42935088.0
2008-01-18,31238228.0
2008-01-21,35462972.0
2008-01-22,40374460.0
2008-01-23,38194756.0
2008-01-24,42780036.0
2008-01-25,38904384.0
2008-01-28,34534568.0
2008-01-29,23744432.0
2008-01-30,24904476.0
2008-01-31,18567936.0
2008-02-01,22513664.0
2008-02-04,21305052.0
2008-02-05,20773920.0
2008-02-13,15587040.0
2008-02-14,16113469.0
2008-02-15,19162780.0
2008-02-18,28922754.0
2008-02-19,28823324.0
2008-02-20,31477152.0
2008-02-21,31554580.0
2008-02-22,31199166.0
2008-02-25,26735588.0
2008-02-26,25287596.0
2008-02-27,23774898.0
2008-02-28,24117614.0
2008-02-29,25394688.0
2008-03-03,37422560.0
2008-03-04,43168116.0
2008-03-05,38579300.0
2008-03-06,44758020.0
2008-03-07,29953784.0
2008-03-10,23857880.0
2008-03-11,20439510.0
2008-03-12,22539380.0
2008-03-13,25924778.0
2008-03-14,16579345.0
2008-03-17,21112848.0
2008-03-18,24330980.0
2008-03-19,25517310.0
2008-03-20,28428386.0
2008-03-21,25717360.0
2008-03-24,25757548.0
2008-03-25,22386574.0
2008-03-26,19459636.0
2008-03-27,21748198.0
2008-03-28,23076200.0
2008-03-31,19053104.0
2008-04-01,22753576.0
2008-04-02,23076090.0
2008-04-03,18938840.0
2008-04-07,21854728.0
2008-04-08,25150056.0
2008-04-09,24320220.0
2008-04-10,20713312.0
2008-04-11,19907940.0
2008-04-14,20826898.0
2008-04-15,18137732.0
2008-04-16,17413194.0
2008-04-17,17224704.0
2008-04-18,16732307.0
2008-04-21,21837804.0
2008-04-22,19059848.0
2008-04-23,22778040.0
2008-04-24,47085732.0
2008-04-25,42792012.0
2008-04-28,30778740.0
2008-04-29,25885782.0
2008-04-30,37790832.0
2008-05-05,39172368.0
2008-05-06,39841700.0
2008-05-07,37470528.0
2008-05-08,31820528.0
2008-05-09,37449272.0
2008-05-12,37697504.0
2008-05-13,46981036.0
2008-05-14,43683680.0
2008-05-15,39735068.0
2008-05-16,30652808.0
2008-05-19,22805928.0
2008-05-20,31286546.0
2008-05-21,34400608.0
2008-05-22,31415976.0
2008-05-23,29245492.0
2008-05-26,28323668.0
2008-05-27,20108660.0
2008-05-28,23523876.0
2008-05-29,24258298.0
2008-05-30,21345458.0
2008-06-02,21008026.0
2008-06-03,22600916.0
2008-06-04,20518032.0
2008-06-05,17225468.0
2008-06-06,15106070.0
2008-06-10,18875808.0
2008-06-11,20126344.0
2008-06-12,20001540.0
2008-06-13,17586874.0
2008-06-16,15780758.0
2008-06-17,18512968.0
2008-06-18,26356834.0
2008-06-19,23981574.0
2008-06-20,27585838.0
2008-06-23,16676657.0
2008-06-24,20244826.0
2008-06-25,28449752.0
2008-06-26,30425738.0
2008-06-27,26066420.0
2008-06-30,16361769.0
2008-07-01,17018352.0
2008-07-02,17255784.0
2008-07-03,30751412.0
2008-07-04,26879750.0
2008-07-07,34492532.0
2008-07-08,36576108.0
2008-07-09,42098144.0
2008-07-10,42047452.0
2008-07-11,30154708.0
2008-07-14,26040784.0
2008-07-15,32645244.0
2008-07-16,27609956.0
2008-07-17,23928852.0
2008-07-18,23682384.0
2008-07-21,28663796.0
2008-07-22,29213112.0
2008-07-23,28395072.0
2008-07-24,30853128.0
2008-07-25,26398364.0
2008-07-28,27742362.0
2008-07-29,27028920.0
2008-07-30,22320518.0
2008-07-31,20879750.0
2008-08-01,20683964.0
2008-08-04,17827896.0
2008-08-05,18506416.0
2008-08-06,18056000.0
2008-08-07,17788436.0
2008-08-08,21309704.0
2008-08-11,19815712.0
2008-08-12,16283799.0
2008-08-13,17795574.0
2008-08-14,14520588.0
2008-08-15,13570525.0
2008-08-18,15336331.0
2008-08-19,13920257.0
2008-08-20,26330756.0
2008-08-21,25329284.0
2008-08-22,17875340.0
2008-08-25,14033218.0
2008-08-26,17692714.0
2008-08-27,16134188.0
2008-08-28,13263577.0
2008-08-29,19417916.0
2008-09-01,15455365.0
2008-09-02,15449478.0
2008-09-03,18866490.0
2008-09-04,15600557.0
2008-09-05,17462008.0
2008-09-08,15894645.0
2008-09-09,12755283.0
2008-09-10,15341723.0
2008-09-11,13175295.0
2008-09-12,10496691.0
2008-09-16,14941077.0
2008-09-17,14183202.0
2008-09-18,21147828.0
2008-09-19,23083756.0
2008-09-22,46244380.0
2008-09-23,27446202.0
2008-09-24,21766416.0
2008-09-25,34836876.0
2008-09-26,26804392.0
2008-10-06,20982550.0
2008-10-07,18706028.0
2008-10-08,16635678.0
2008-10-09,15749337.0
2008-10-10,19147468.0
2008-10-13,17247624.0
2008-10-14,21644382.0
2008-10-15,14004050.0
2008-10-16,17651872.0
2008-10-17,13810887.0
2008-10-20,16738951.0
2008-10-21,20064584.0
2008-10-22,16682010.0
2008-10-23,15466692.0
2008-10-24,15940938.0
2008-10-27,19565598.0
2008-10-28,20157776.0
2008-10-29,18664424.0
2008-10-30,16592959.0
2008-10-31,13754040.0
2008-11-03,12354945.0
2008-11-04,14212153.0
2008-11-05,20628916.0
2008-11-06,16775525.0
2008-11-07,17839228.0
2008-11-10,31892066.0
2008-11-11,34852244.0
2008-11-12,26825960.0
2008-11-13,47507868.0
2008-11-14,55050340.0
2008-11-17,56535912.0
2008-11-18,63976108.0
2008-11-19,53437020.0
2008-11-20,59822600.0
2008-11-21,55083176.0
2008-11-24,37202084.0
2008-11-25,28119452.0
2008-11-26,23963110.0
2008-11-27,47539920.0
2008-11-28,30741424.0
2008-12-01,37176944.0
2008-12-02,50216724.0
2008-12-03,59429076.0
2008-12-04,74284728.0
2008-12-05,51366288.0
2008-12-08,69811088.0
2008-12-09,60845044.0
2008-12-10,52866680.0
2008-12-11,51629824.0
2008-12-12,45509820.0
2008-12-15,36196028.0
2008-12-16,36115416.0
2008-12-17,44330616.0
2008-12-18,41871992.0
2008-12-19,48167944.0
2008-12-22,42559940.0
2008-12-23,45766100.0
2008-12-24,34314088.0
2008-12-25,28189664.0
2008-12-26,21288476.0
2008-12-29,20060068.0
2008-12-30,22269184.0
2008-12-31,19916636.0
2009-01-05,24718228.0
2009-01-06,38325980.0
2009-01-07,40155900.0
2009-01-08,33592608.0
2009-01-09,31585564.0
2009-01-12,38011768.0
2009-01-13,33355966.0
2009-01-14,37642928.0
2009-01-15,50112552.0
2009-01-16,53147016.0
2009-01-19,40780848.0
2009-01-20,32273924.0
2009-01-21,38764396.0
2009-01-22,42052268.0
2009-01-23,37781176.0
2009-02-02,42700512.0
2009-02-03,63882148.0
2009-02-04,69846976.0
2009-02-05,73744120.0
2009-02-06,76563552.0
2009-02-09,90834112.0
2009-02-10,81705152.0
2009-02-11,95073552.0
2009-02-12,80197104.0
2009-02-13,90039520.0
2009-02-16,90691688.0
2009-02-17,85069088.0
2009-02-18,68995992.0
2009-02-19,57010304.0
2009-02-20,60043580.0
2009-02-23,73580424.0
2009-02-24,85993464.0
2009-02-25,68657576.0
2009-02-26,65727756.0
2009-02-27,53180000.0
2009-03-02,37333120.0
2009-03-03,44132148.0
2009-03-04,61254464.0
2009-03-05,70331776.0
2009-03-06,50807744.0
2009-03-09,50605052.0
2009-03-10,35740688.0
2009-03-11,43868976.0
2009-03-12,38265160.0
2009-03-13,36035128.0
2009-03-16,31294852.0
2009-03-17,54249800.0
2009-03-18,68328368.0
2009-03-19,65849600.0
2009-03-20,64333748.0
2009-03-23,70752256.0
2009-03-24,72372152.0
2009-03-25,64925444.0
2009-03-26,57070364.0
2009-03-27,69678992.0
2009-03-30,57376148.0
2009-03-31,59667520.0
2009-04-01,76329272.0
2009-04-02,76376080.0
2009-04-03,66739600.0
2009-04-07,53024736.0
2009-04-08,61578796.0
2009-04-09,49871136.0
2009-04-10,72079936.0
2009-04-13,77994888.0
2009-04-14,76936976.0
2009-04-15,83775472.0
2009-04-16,86665480.0
2009-04-17,76864816.0
2009-04-20,73529072.0
2009-04-21,79868176.0
2009-04-22,86051840.0
2009-04-23,55318760.0
2009-04-24,52483376.0
2009-04-27,53130568.0
2009-04-28,44365084.0
2009-04-29,56199876.0
2009-04-30,62320400.0
2009-05-04,69192008.0
2009-05-05,72957328.0
2009-05-06,72987000.0
2009-05-07,81373896.0
2009-05-08,77862544.0
2009-05-11,79066336.0
2009-05-12,50827088.0
2009-05-13,61448252.0
2009-05-14,59123916.0
2009-05-15,58945696.0
2009-05-18,56313856.0
2009-05-19,71390584.0
2009-05-20,70002824.0
2009-05-21,70062880.0
2009-05-22,49637980.0
2009-05-25,56607344.0
2009-05-26,61079104.0
2009-05-27,50492468.0
2009-06-01,56432388.0
2009-06-02,64421808.0
2009-06-03,65177476.0
2009-06-04,65131060.0
2009-06-05,58164716.0
2009-06-08,52720724.0
2009-06-09,56322992.0
2009-06-10,61203676.0
2009-06-11,60964112.0
2009-06-12,55539308.0
2009-06-15,40944144.0
2009-06-16,40799704.0
2009-06-17,48982568.0
2009-06-18,59630872.0
2009-06-19,64737252.0
2009-06-22,57531260.0
2009-06-23,49053196.0
2009-06-24,49764748.0
2009-06-25,51372644.0
2009-06-26,50124720.0
2009-06-29,59346576.0
2009-06-30,53491816.0
2009-07-01,60848600.0
2009-07-02,71837648.0
2009-07-03,75130464.0
2009-07-06,74514064.0
2009-07-07,71322376.0
2009-07-08,60148040.0
2009-07-09,75239648.0
2009-07-10,77856248.0
2009-07-13,75672512.0
2009-07-14,74369592.0
2009-07-15,84360832.0
2009-07-16,84348616.0
2009-07-17,76085168.0
2009-07-20,90161040.0
2009-07-21,89371032.0
2009-07-22,77173832.0
2009-07-23,76614400.0
2009-07-24,82625760.0
2009-07-27,79283864.0
2009-07-28,88281336.0
2009-07-29,94637680.0
2009-07-30,69836968.0
2009-07-31,75259168.0
2009-08-03,85107280.0
2009-08-04,93650296.0
2009-08-05,88793352.0
2009-08-06,78729672.0
2009-08-07,66695008.0
2009-08-10,53810692.0
2009-08-11,44640436.0
2009-08-12,53833016.0
2009-08-13,42709924.0
2009-08-14,50726464.0
2009-08-17,48213668.0
2009-08-18,38126224.0
2009-08-19,43905920.0
2009-08-20,42960836.0
2009-08-21,51580488.0
2009-08-24,54607548.0
2009-08-25,59825452.0
2009-08-26,59667704.0
2009-08-27,65426056.0
2009-08-28,48276208.0
2009-08-31,47314228.0
2009-09-01,37392876.0
2009-09-02,31058498.0
2009-09-03,47946512.0
2009-09-04,53833604.0
2009-09-07,58320116.0
2009-09-08,55785168.0
2009-09-09,55879160.0
2009-09-10,49193024.0
2009-09-11,53522288.0
2009-09-14,69996416.0
2009-09-15,71362912.0
2009-09-16,72237440.0
2009-09-17,77663272.0
2009-09-18,80515880.0
2009-09-21,61094420.0
2009-09-22,57192976.0
2009-09-23,49935068.0
2009-09-24,44118224.0
2009-09-25,33151502.0
2009-09-28,32287692.0
2009-09-29,32639226.0
2009-09-30,28863896.0
2009-10-09,36436932.0
2009-10-12,39199708.0
2009-10-13,37932288.0
2009-10-14,52256032.0
2009-10-15,44252952.0
2009-10-16,42916352.0
2009-10-19,56594400.0
2009-10-20,67725088.0
2009-10-21,65471956.0
2009-10-22,56752284.0
2009-10-23,69440064.0
2009-10-26,58061836.0
2009-10-27,57622840.0
2009-10-28,50009616.0
2009-10-29,47908872.0
2009-10-30,51748368.0
2009-11-02,65950704.0
2009-11-03,82590016.0
2009-11-04,77912160.0
2009-11-05,70886944.0
2009-11-06,83945696.0
2009-11-09,68324552.0
2009-11-10,69802584.0
2009-11-11,62783804.0
2009-11-12,66825436.0
2009-11-13,63309284.0
2009-11-16,88374848.0
2009-11-17,78861376.0
2009-11-18,77771464.0
2009-11-19,86056224.0
2009-11-20,88271200.0
2009-11-23,82837184.0
2009-11-24,116086824.0
2009-11-25,87596048.0
2009-11-26,103729264.0
2009-11-27,70829624.0
2009-11-30,62939504.0
2009-12-01,76089664.0
2009-12-02,87627872.0
2009-12-03,79041824.0
2009-12-04,93985360.0
2009-12-07,60493096.0
2009-12-08,66403636.0
2009-12-09,55351672.0
2009-12-10,45417816.0
2009-12-11,47113648.0
2009-12-14,46093144.0
2009-12-15,46581032.0
2009-12-16,43417892.0
2009-12-17,44927096.0
2009-12-18,42987152.0
2009-12-21,32099718.0
2009-12-22,36848968.0
2009-12-23,32888848.0
2009-12-24,44360080.0
2009-12-25,42724540.0
2009-12-28,43749736.0
2009-12-29,45272144.0
2009-12-30,48089604.0
2009-12-31,45292800.0
2010-01-04,51256732.0
2010-01-05,57040744.0
2010-01-06,57875976.0
2010-01-07,57873440.0
2010-01-08,46573648.0
2010-01-11,57089732.0
2010-01-12,62061688.0
2010-01-13,67898808.0
2010-01-14,67918480.0
2010-01-15,58513372.0
2010-01-18,63284356.0
2010-01-19,66154944.0
2010-01-20,78086536.0
2010-01-21,50936676.0
2010-01-22,60187184.0
2010-01-25,41395084.0
2010-01-26,41520280.0
2010-01-27,32924152.0
2010-01-28,32127328.0
2010-01-29,39888064.0
2010-02-01,43095028.0
2010-02-02,38532504.0
2010-02-03,48526680.0
2010-02-04,51873784.0
2010-02-05,49670404.0
2010-02-08,31946076.0
2010-02-09,29896578.0
2010-02-10,25897196.0
2010-02-11,24485408.0
2010-02-12,24511378.0
2010-02-22,31469426.0
2010-02-23,38842112.0
2010-02-24,48024568.0
2010-02-25,55519408.0
2010-02-26,49530520.0
2010-03-01,53862436.0
2010-03-02,56628860.0
2010-03-03,63573552.0
2010-03-04,68470704.0
2010-03-05,52371476.0
2010-03-08,45039468.0
2010-03-09,47214428.0
2010-03-10,44799560.0
2010-03-11,37561120.0
2010-03-12,35400212.0
2010-03-15,29928780.0
2010-03-16,27664476.0
2010-03-17,44369452.0
2010-03-18,49791344.0
2010-03-19,46415544.0
2010-03-22,47200320.0
2010-03-23,47048668.0
2010-03-24,47442768.0
2010-03-25,48954116.0
2010-03-26,45219280.0
2010-03-29,50283240.0
2010-03-30,47343720.0
2010-03-31,49108276.0
2010-04-01,61878856.0
2010-04-02,59431944.0
2010-04-06,57397048.0
2010-04-07,53289184.0
2010-04-08,57175512.0
2010-04-09,58419224.0
2010-04-12,72281720.0
2010-04-13,73469440.0
2010-04-14,56202288.0
2010-04-15,54251120.0
2010-04-16,43045736.0
2010-04-19,58277448.0
2010-04-20,52719072.0
2010-04-21,63953384.0
2010-04-22,65995208.0
2010-04-23,55763900.0
2010-04-26,48510448.0
2010-04-27,53715864.0
2010-04-28,44319856.0
2010-04-29,48293400.0
2010-04-30,43819652.0
2010-05-04,31837592.0
2010-05-05,43298496.0
2010-05-06,44983500.0
2010-05-07,42211552.0
2010-05-10,40192160.0
2010-05-11,40025808.0
2010-05-12,36571832.0
2010-05-13,36516864.0
2010-05-14,36942440.0
2010-05-17,37603132.0
2010-05-18,37712984.0
2010-05-19,34960516.0
2010-05-20,33434322.0
2010-05-21,40230812.0
2010-05-24,54419276.0
2010-05-25,47451016.0
2010-05-26,34229708.0
2010-05-27,43652360.0
2010-05-28,45314112.0
2010-05-31,41408220.0
2010-06-01,38746192.0
2010-06-02,32708800.0
2010-06-03,37543528.0
2010-06-04,31415124.0
2010-06-07,34970360.0
2010-06-08,34239596.0
2010-06-09,47558272.0
2010-06-10,41886172.0
2010-06-11,34418004.0
2010-06-17,28998360.0
2010-06-18,35042624.0
2010-06-21,35086240.0
2010-06-22,34616536.0
2010-06-23,31267976.0
2010-06-24,24970786.0
2010-06-25,25801714.0
2010-06-28,21119468.0
2010-06-29,33575640.0
2010-06-30,25537340.0
2010-07-01,22463470.0
2010-07-02,30876868.0
2010-07-05,22484252.0
2010-07-06,29592012.0
2010-07-07,28947692.0
2010-07-08,27792470.0
2010-07-09,40733296.0
2010-07-12,40014436.0
2010-07-13,34445296.0
2010-07-14,35409656.0
2010-07-15,32710612.0
2010-07-16,27987212.0
2010-07-19,35074236.0
2010-07-20,52683504.0
2010-07-21,52042488.0
2010-07-22,46178884.0
2010-07-23,44710460.0
2010-07-26,43857872.0
2010-07-27,41066280.0
2010-07-28,57902008.0
2010-07-29,62749036.0
2010-07-30,47298288.0
2010-08-02,54273136.0
2010-08-03,59405904.0
2010-08-04,54686760.0
2010-08-05,58414576.0
2010-08-06,63696276.0
2010-08-09,59991104.0
2010-08-10,62485512.0
2010-08-11,42638844.0
2010-08-12,45326652.0
2010-08-13,41849584.0
2010-08-16,56252592.0
2010-08-17,56911700.0
2010-08-18,56897208.0
2010-08-19,59312864.0
2010-08-20,58298748.0
2010-08-23,48536656.0
2010-08-24,54699664.0
2010-08-25,54285400.0
2010-08-26,42401536.0
2010-08-27,36949888.0
2010-08-30,55412904.0
2010-08-31,59063492.0
2010-09-01,64648952.0
2010-09-02,65126400.0
2010-09-03,67592640.0
2010-09-06,64243960.0
2010-09-07,54167864.0
2010-09-08,55226504.0
2010-09-09,70247232.0
2010-09-10,62314076.0
2010-09-13,62354600.0
2010-09-14,61049812.0
2010-09-15,60256288.0
2010-09-16,56016232.0
2010-09-17,42085316.0
2010-09-20,38806392.0
2010-09-21,28514132.0
2010-09-27,36480284.0
2010-09-28,41678016.0
2010-09-29,39953484.0
2010-09-30,35289020.0
2010-10-08,51551488.0
2010-10-11,76595408.0
2010-10-12,67833440.0
2010-10-13,77370400.0
2010-10-14,75713464.0
2010-10-15,71827384.0
2010-10-18,83674560.0
2010-10-19,65163144.0
2010-10-20,76638056.0
2010-10-21,67899416.0
2010-10-22,66071920.0
2010-10-25,81029248.0
2010-10-26,89138488.0
2010-10-27,80491680.0
2010-10-28,61781620.0
2010-10-29,65471876.0
2010-11-01,85238376.0
2010-11-02,96864368.0
2010-11-03,76317120.0
2010-11-04,76126008.0
2010-11-05,89504912.0
2010-11-08,95076488.0
2010-11-09,92700584.0
2010-11-10,88592640.0
2010-11-11,98773280.0
2010-11-12,105143256.0
2010-11-15,67850336.0
2010-11-16,78362152.0
2010-11-17,54307888.0
2010-11-18,42024504.0
2010-11-19,54210576.0
2010-11-22,60867648.0
2010-11-23,53772272.0
2010-11-24,54086200.0
2010-11-25,60786556.0
2010-11-26,54072352.0
2010-11-29,50071000.0
2010-11-30,64600124.0
2010-12-01,40821236.0
2010-12-02,47746716.0
2010-12-03,37637972.0
2010-12-06,34135680.0
2010-12-07,33681596.0
2010-12-08,33016178.0
2010-12-09,35036068.0
2010-12-10,30412526.0
2010-12-13,45563548.0
2010-12-14,49363280.0
2010-12-15,46795720.0
2010-12-16,35520440.0
2010-12-17,30412144.0
2010-12-20,45587756.0
2010-12-21,40388408.0
2010-12-22,40779136.0
2010-12-23,34608132.0
2010-12-24,30950786.0
2010-12-27,34155336.0
2010-12-28,29554248.0
2010-12-29,21476836.0
2010-12-30,23532240.0
2010-12-31,27654614.0
2011-01-04,36995644.0
2011-01-05,34752216.0
2011-01-06,31238744.0
2011-01-07,34996232.0
2011-01-10,31137862.0
2011-01-11,27506088.0
2011-01-12,26914396.0
2011-01-13,25443772.0
2011-01-14,27811774.0
2011-01-17,30677510.0
2011-01-18,19442864.0
2011-01-19,24360938.0
2011-01-20,28652462.0
2011-01-21,27095040.0
2011-01-24,25220680.0
2011-01-25,21336168.0
2011-01-26,19743124.0
2011-01-27,27964816.0
2011-01-28,25817664.0
2011-01-31,26406322.0
2011-02-01,23946694.0
2011-02-09,27542084.0
2011-02-10,34578248.0
2011-02-11,39915984.0
2011-02-14,47815132.0
2011-02-15,51557040.0
2011-02-16,44671368.0
2011-02-17,50445328.0
2011-02-18,42906720.0
2011-02-21,47370220.0
2011-02-22,57381960.0
2011-02-23,44830064.0
2011-02-24,50090684.0
2011-02-25,44455448.0
2011-02-28,51242788.0
2011-03-01,57798416.0
2011-03-02,53142792.0
2011-03-03,51710388.0
2011-03-04,42559604.0
2011-03-07,57478588.0
2011-03-08,53140080.0
2011-03-09,51146196.0
2011-03-10,52319888.0
2011-03-11,51719336.0
2011-03-14,53410132.0
2011-03-15,63336064.0
2011-03-16,55561320.0
2011-03-17,56740776.0
2011-03-18,42676832.0
2011-03-21,41919676.0
2011-03-22,39107000.0
2011-03-23,46373560.0
2011-03-24,48996692.0
2011-03-25,58577396.0
2011-03-28,69123032.0
2011-03-29,70333328.0
2011-03-30,53628600.0
2011-03-31,45793404.0
2011-04-01,39117300.0
2011-04-06,45714760.0
2011-04-07,44968888.0
2011-04-08,45371604.0
2011-04-11,52617552.0
2011-04-12,52714364.0
2011-04-13,48871328.0
2011-04-14,48913120.0
2011-04-15,52794112.0
2011-04-18,56460232.0
2011-04-19,64017972.0
2011-04-20,50876712.0
2011-04-21,53830704.0
2011-04-22,54987668.0
2011-04-25,50114044.0
2011-04-26,39257716.0
2011-04-27,41128256.0
2011-04-28,40775600.0
2011-04-29,30110310.0
2011-05-03,35460536.0
2011-05-04,40627912.0
2011-05-05,34700032.0
2011-05-06,36905772.0
2011-05-09,34562508.0
2011-05-10,35224544.0
2011-05-11,42374924.0
2011-05-12,47355572.0
2011-05-13,42464080.0
2011-05-16,40995344.0
2011-05-17,46860596.0
2011-05-18,36080752.0
2011-05-19,34682656.0
2011-05-20,30219964.0
2011-05-23,42852620.0
2011-05-24,32871980.0
2011-05-25,34181692.0
2011-05-26,35701836.0
2011-05-27,33902384.0
2011-05-30,26592576.0
2011-05-31,26472384.0
2011-06-01,27467294.0
2011-06-02,30385988.0
2011-06-03,26719692.0
2011-06-07,25352426.0
2011-06-08,29693704.0
2011-06-09,30127452.0
2011-06-10,27162726.0
2011-06-13,22902974.0
2011-06-14,29955584.0
2011-06-15,29547810.0
2011-06-16,27906068.0
2011-06-17,22826896.0
2011-06-20,21588504.0
2011-06-21,24448656.0
2011-06-22,22280878.0
2011-06-23,29277376.0
2011-06-24,45929284.0
2011-06-27,39164604.0
2011-06-28,32310010.0
2011-06-29,33963704.0
2011-06-30,32737948.0
2011-07-01,38820200.0
2011-07-04,50314792.0
2011-07-05,46068508.0
2011-07-06,43304340.0
2011-07-07,48503156.0
2011-07-08,36410596.0
2011-07-11,37252192.0
2011-07-12,41420804.0
2011-07-13,40235268.0
2011-07-14,46130780.0
2011-07-15,47819304.0
2011-07-18,48436664.0
2011-07-19,41506072.0
2011-07-20,39451112.0
2011-07-21,38798972.0
2011-07-22,33160576.0
2011-07-25,43504128.0
2011-07-26,28412604.0
2011-07-27,32212386.0
2011-07-28,31914050.0
2011-07-29,29398572.0
2011-08-01,24982782.0
2011-08-02,30586290.0
2011-08-03,27439076.0
2011-08-04,25913440.0
2011-08-05,30731408.0
2011-08-08,41717504.0
2011-08-09,38004496.0
2011-08-10,38268544.0
2011-08-11,37546216.0
2011-08-12,40382792.0
2011-08-15,36169184.0
2011-08-16,34803516.0
2011-08-17,28101940.0
2011-08-18,29525608.0
2011-08-19,27429392.0
2011-08-22,24476832.0
2011-08-23,25595152.0
2011-08-24,27783946.0
2011-08-25,34114120.0
2011-08-26,30709252.0
2011-08-29,30220344.0
2011-08-30,31378152.0
2011-08-31,24421284.0
2011-09-01,22801092.0
2011-09-02,20968772.0
2011-09-05,21013430.0
2011-09-06,17285960.0
2011-09-07,23486428.0
2011-09-08,22323366.0
2011-09-09,18182358.0
2011-09-13,18062308.0
2011-09-14,19006268.0
2011-09-15,20381224.0
2011-09-16,17654278.0
2011-09-19,17790252.0
2011-09-20,17712032.0
2011-09-21,30212116.0
2011-09-22,27491612.0
2011-09-23,23245736.0
2011-09-26,19744800.0
2011-09-27,19274128.0
2011-09-28,20292030.0
2011-09-29,22061616.0
2011-09-30,16756973.0
2011-10-10,13753168.0
2011-10-11,20019156.0
2011-10-12,27002030.0
2011-10-13,28752880.0
2011-10-14,22100436.0
2011-10-17,21815064.0
2011-10-18,24453868.0
2011-10-19,19701816.0
2011-10-20,22601144.0
2011-10-21,17210084.0
2011-10-24,23028722.0
2011-10-25,32638636.0
2011-10-26,38890216.0
2011-10-27,33011480.0
2011-10-28,43181068.0
2011-10-31,36182616.0
2011-11-01,33916984.0
2011-11-02,42973876.0
2011-11-03,57586448.0
2011-11-04,42117976.0
2011-11-07,32477514.0
2011-11-08,30570454.0
2011-11-09,32184224.0
2011-11-10,34523680.0
2011-11-11,29188800.0
2011-11-14,35127016.0
2011-11-15,35161440.0
2011-11-16,38356676.0
2011-11-17,29247852.0
2011-11-18,29967176.0
2011-11-21,20483200.0
2011-11-22,20175324.0
2011-11-23,20435816.0
2011-11-24,21109144.0
2011-11-25,19141472.0
2011-11-28,18501072.0
2011-11-29,22752472.0
2011-11-30,30116374.0
2011-12-01,34941884.0
2011-12-02,23210190.0
2011-12-05,20162112.0
2011-12-06,17038892.0
2011-12-07,15326574.0
2011-12-08,19494264.0
2011-12-09,15358366.0
2011-12-12,14094503.0
2011-12-13,20352648.0
2011-12-14,15452334.0
2011-12-15,19868216.0
2011-12-16,19225658.0
2011-12-19,19381264.0
2011-12-20,19955886.0
2011-12-21,17750500.0
2011-12-22,21916270.0
2011-12-23,18996176.0
2011-12-26,15476837.0
2011-12-27,15874097.0
2011-12-28,17440648.0
2011-12-29,15220927.0
2011-12-30,17784264.0
2012-01-04,18342840.0
2012-01-05,19965700.0
2012-01-06,17818124.0
2012-01-09,25616408.0
2012-01-10,39387520.0
2012-01-11,33901708.0
2012-01-12,29069876.0
2012-01-13,28108656.0
2012-01-16,18775466.0
2012-01-17,30148504.0
2012-01-18,30825516.0
2012-01-19,22974026.0
2012-01-20,22067348.0
2012-01-30,18754384.0
2012-01-31,18290720.0
2012-02-01,18236400.0
2012-02-02,21787904.0
2012-02-03,32168312.0
2012-02-06,31249204.0
2012-02-07,26815778.0
2012-02-08,33521948.0
2012-02-09,43898212.0
2012-02-10,39783192.0
2012-02-13,38238076.0
2012-02-14,35904824.0
2012-02-15,43625728.0
2012-02-16,43777964.0
2012-02-17,32808052.0
2012-02-20,40392596.0
2012-02-21,36803776.0
2012-02-22,51791672.0
2012-02-23,46948688.0
2012-02-24,56589428.0
2012-02-27,65749512.0
2012-02-28,49008664.0
2012-02-29,40415160.0
2012-03-01,35636808.0
2012-03-02,46234628.0
2012-03-05,49104516.0
2012-03-06,45639236.0
2012-03-07,42103840.0
2012-03-08,43200052.0
2012-03-09,44003416.0
2012-03-12,47078436.0
2012-03-13,47496368.0
2012-03-14,76590776.0
2012-03-15,50893936.0
2012-03-16,45535224.0
2012-03-19,45400984.0
2012-03-20,41414840.0
2012-03-21,40281832.0
2012-03-22,33653336.0
2012-03-23,32869792.0
2012-03-26,24884816.0
2012-03-27,26109104.0
2012-03-28,36270136.0
2012-03-29,30801466.0
2012-03-30,24826016.0
2012-04-05,29352448.0
2012-04-06,30065466.0
2012-04-09,25820028.0
2012-04-10,28826224.0
2012-04-11,32721452.0
2012-04-12,41797336.0
2012-04-13,48222256.0
2012-04-16,44225816.0
2012-04-17,42854332.0
2012-04-18,44254448.0
2012-04-19,40362024.0
2012-04-20,45830360.0
2012-04-23,53167408.0
2012-04-24,55731816.0
2012-04-25,62910456.0
2012-04-26,53458816.0
2012-04-27,38847016.0
2012-05-02,47656404.0
2012-05-03,41613120.0
2012-05-04,40671452.0
2012-05-07,42312756.0
2012-05-08,40796564.0
2012-05-09,39331104.0
2012-05-10,32391180.0
2012-05-11,32360160.0
2012-05-14,37973676.0
2012-05-15,33110382.0
2012-05-16,32594326.0
2012-05-17,36674872.0
2012-05-18,37751568.0
2012-05-21,31496200.0
2012-05-22,34531192.0
2012-05-23,40013724.0
2012-05-24,37482896.0
2012-05-25,35694436.0
2012-05-28,41965484.0
2012-05-29,47610592.0
2012-05-30,39619720.0
2012-05-31,36784376.0
2012-06-01,34951400.0
2012-06-04,37140064.0
2012-06-05,27792184.0
2012-06-06,25405500.0
2012-06-07,25629536.0
2012-06-08,26182540.0
2012-06-11,26783144.0
2012-06-12,25318876.0
2012-06-13,31709992.0
2012-06-14,30569988.0
2012-06-15,27821018.0
2012-06-18,26203010.0
2012-06-19,30135968.0
2012-06-20,25778044.0
2012-06-21,24672848.0
2012-06-25,24481528.0
2012-06-26,24632380.0
2012-06-27,23233274.0
2012-06-28,24647608.0
2012-06-29,25254318.0
2012-07-02,26187340.0
2012-07-03,28102156.0
2012-07-04,23234780.0
2012-07-05,24976516.0
2012-07-06,29658212.0
2012-07-09,29267498.0
2012-07-10,23223052.0
2012-07-11,21254468.0
2012-07-12,31711096.0
2012-07-13,24312072.0
2012-07-16,29146202.0
2012-07-17,23122360.0
2012-07-18,27706804.0
2012-07-19,33196398.0
2012-07-20,27471152.0
2012-07-23,23173112.0
2012-07-24,21941704.0
2012-07-25,22803552.0
2012-07-26,23368152.0
2012-07-27,20566796.0
2012-07-30,21270690.0
2012-07-31,20378412.0
2012-08-01,19890892.0
2012-08-02,20529310.0
2012-08-03,21856892.0
2012-08-06,30051288.0
2012-08-07,34012320.0
2012-08-08,30300694.0
2012-08-09,33631784.0
2012-08-10,31124782.0
2012-08-13,27737144.0
2012-08-14,27085196.0
2012-08-15,21160138.0
2012-08-16,17659890.0
2012-08-17,16691881.0
2012-08-20,16860188.0
2012-08-21,22797592.0
2012-08-22,21917304.0
2012-08-23,22042944.0
2012-08-24,23637200.0
2012-08-27,21990360.0
2012-08-28,20486334.0
2012-08-29,20895032.0
2012-08-30,26069892.0
2012-08-31,17767184.0
2012-09-03,22583408.0
2012-09-04,21103124.0
2012-09-05,20951680.0
2012-09-06,21776796.0
2012-09-07,50349688.0
2012-09-10,42717616.0
2012-09-11,33453740.0
2012-09-12,33796212.0
2012-09-13,33938240.0
2012-09-14,34915456.0
2012-09-17,29401640.0
2012-09-18,20639932.0
2012-09-19,19631772.0
2012-09-20,26794148.0
2012-09-21,23752364.0
2012-09-24,22123560.0
2012-09-25,19735876.0
2012-09-26,20860436.0
2012-09-27,26945622.0
2012-09-28,26692404.0
2012-10-08,19485326.0
2012-10-09,29878196.0
2012-10-10,33291788.0
2012-10-11,29191820.0
2012-10-12,28213828.0
2012-10-15,23539876.0
2012-10-16,22489720.0
2012-10-17,22499428.0
2012-10-18,34601124.0
2012-10-19,27975908.0
2012-10-22,24527344.0
2012-10-23,28952346.0
2012-10-24,29639668.0
2012-10-25,33361964.0
2012-10-26,29717478.0
2012-10-29,20727660.0
2012-10-30,22608736.0
2012-10-31,20977676.0
2012-11-01,33136396.0
2012-11-02,33139024.0
2012-11-05,29117416.0
2012-11-06,29707414.0
2012-11-07,24474336.0
2012-11-08,27608878.0
2012-11-09,20290200.0
2012-11-12,21407500.0
2012-11-13,22946754.0
2012-11-14,19657788.0
2012-11-15,20262092.0
2012-11-16,18923872.0
2012-11-19,16723783.0
2012-11-20,16332550.0
2012-11-21,20669916.0
2012-11-22,17125288.0
2012-11-23,17107808.0
2012-11-26,14775891.0
2012-11-27,20739078.0
2012-11-28,18301148.0
2012-11-29,17544788.0
2012-11-30,18980356.0
2012-12-03,21115016.0
2012-12-04,22740396.0
2012-12-05,37987932.0
2012-12-06,28387032.0
2012-12-07,39193632.0
2012-12-10,40450532.0
2012-12-11,35119468.0
2012-12-12,27388008.0
2012-12-13,26777078.0
2012-12-14,52540336.0
2012-12-17,52606392.0
2012-12-18,46993056.0
2012-12-19,36876184.0
2012-12-20,36911368.0
2012-12-21,39141260.0
2012-12-24,29083884.0
2012-12-25,52862852.0
2012-12-26,46800000.0
2012-12-27,47223724.0
2012-12-28,41316232.0
2012-12-31,47415848.0
2013-01-04,46170856.0
2013-01-07,42731120.0
2013-01-08,51963828.0
2013-01-09,50927396.0
2013-01-10,47901960.0
2013-01-11,51300536.0
2013-01-14,56753232.0
2013-01-15,69368968.0
2013-01-16,62908480.0
2013-01-17,47415540.0
2013-01-18,51118612.0
2013-01-21,53789532.0
2013-01-22,53474120.0
2013-01-23,43357372.0
2013-01-24,57174968.0
2013-01-25,37099184.0
2013-01-28,45422120.0
2013-01-29,49280376.0
2013-01-30,54218928.0
2013-01-31,48591252.0
2013-02-01,47925488.0
2013-02-04,55937448.0
2013-02-05,47711132.0
2013-02-06,42308704.0
2013-02-07,38704832.0
2013-02-08,37928304.0
2013-02-18,45099280.0
2013-02-19,48420992.0
2013-02-20,44252308.0
2013-02-21,54411624.0
2013-02-22,41585440.0
2013-02-25,37677104.0
2013-02-26,43386760.0
2013-02-27,38234976.0
2013-02-28,46062088.0
2013-03-01,50173280.0
2013-03-04,64588088.0
2013-03-05,50380216.0
2013-03-06,58246380.0
2013-03-07,54941456.0
2013-03-08,39649240.0
2013-03-11,32733664.0
2013-03-12,44069284.0
2013-03-13,31415512.0
2013-03-14,27756632.0
2013-03-15,38003056.0
2013-03-18,36157364.0
2013-03-19,34632032.0
2013-03-20,45308620.0
2013-03-21,48504440.0
2013-03-22,42811368.0
2013-03-25,39784824.0
2013-03-26,38135552.0
2013-03-27,36894000.0
2013-03-28,41252740.0
2013-03-29,31555518.0
2013-04-01,32953824.0
2013-04-02,37863676.0
2013-04-03,36721020.0
2013-04-08,36220828.0
2013-04-09,34183396.0
2013-04-10,35551708.0
2013-04-11,31925568.0
2013-04-12,29294988.0
2013-04-15,29308108.0
2013-04-16,29893888.0
2013-04-17,28793458.0
2013-04-18,32346728.0
2013-04-19,43337892.0
2013-04-22,43809696.0
2013-04-23,43616452.0
2013-04-24,42449212.0
2013-04-25,48836444.0
2013-04-26,37402912.0
2013-05-02,29438536.0
2013-05-03,37244336.0
2013-05-06,44249312.0
2013-05-07,41201396.0
2013-05-08,42307296.0
2013-05-09,49301724.0
2013-05-10,44666708.0
2013-05-13,39465780.0
2013-05-14,38083656.0
2013-05-15,36487416.0
2013-05-16,52393568.0
2013-05-17,59398504.0
2013-05-20,66798824.0
2013-05-21,67690120.0
2013-05-22,65313272.0
2013-05-23,57813096.0
2013-05-24,50238936.0
2013-05-27,55529356.0
2013-05-28,60071568.0
2013-05-29,58319096.0
2013-05-30,54454808.0
2013-05-31,55067936.0
2013-06-03,48387752.0
2013-06-04,49249704.0
2013-06-05,36616172.0
2013-06-06,38813764.0
2013-06-07,40708652.0
2013-06-13,37241680.0
2013-06-14,34643840.0
2013-06-17,35645968.0
2013-06-18,31332908.0
2013-06-19,32895416.0
2013-06-20,33024026.0
2013-06-21,32289840.0
2013-06-24,40536540.0
2013-06-25,51554392.0
2013-06-26,39900588.0
2013-06-27,44968692.0
2013-06-28,38640596.0
2013-07-01,35326628.0
2013-07-02,40385072.0
2013-07-03,44310656.0
2013-07-04,46938956.0
2013-07-05,43952832.0
2013-07-08,39952472.0
2013-07-09,30094636.0
2013-07-10,41864128.0
2013-07-11,63323520.0
2013-07-12,51808212.0
2013-07-15,46585888.0
2013-07-16,49314724.0
2013-07-17,50046776.0
2013-07-18,45983436.0
2013-07-19,50986596.0
2013-07-22,41992972.0
2013-07-23,53543832.0
2013-07-24,56549744.0
2013-07-25,50866792.0
2013-07-26,39358432.0
2013-07-29,39191056.0
2013-07-30,36592728.0
2013-07-31,35825660.0
2013-08-01,44225964.0
2013-08-02,47264020.0
2013-08-05,41721848.0
2013-08-06,49796072.0
2013-08-07,52616516.0
2013-08-08,42449968.0
2013-08-09,44357692.0
2013-08-12,56492688.0
2013-08-13,52649484.0
2013-08-14,52983288.0
2013-08-15,43739736.0
2013-08-16,53635600.0
2013-08-19,38469592.0
2013-08-20,43159820.0
2013-08-21,42619884.0
2013-08-22,46132536.0
2013-08-23,54837232.0
2013-08-26,53522588.0
2013-08-27,57467908.0
2013-08-28,70205928.0
2013-08-29,62936688.0
2013-08-30,77069200.0
2013-09-02,62860944.0
2013-09-03,59626648.0
2013-09-04,62363848.0
2013-09-05,60681104.0
2013-09-06,60603116.0
2013-09-09,72932216.0
2013-09-10,81063456.0
2013-09-11,88026264.0
2013-09-12,67273440.0
2013-09-13,64865344.0
2013-09-16,55682312.0
2013-09-17,57558552.0
2013-09-18,44464408.0
2013-09-23,56527140.0
2013-09-24,65079752.0
2013-09-25,70191624.0
2013-09-26,59027572.0
2013-09-27,43549264.0
2013-09-30,39454584.0
2013-10-08,55134380.0
2013-10-09,60214012.0
2013-10-10,69807456.0
2013-10-11,72015584.0
2013-10-14,74692288.0
2013-10-15,75671784.0
2013-10-16,77837952.0
2013-10-17,66319176.0
2013-10-18,50779600.0
2013-10-21,66057292.0
2013-10-22,73645944.0
2013-10-23,67708424.0
2013-10-24,44942280.0
2013-10-25,49905236.0
2013-10-28,39569844.0
2013-10-29,55739760.0
2013-10-30,41549280.0
2013-10-31,41787544.0
2013-11-01,33387356.0
2013-11-04,32852152.0
2013-11-05,39498164.0
2013-11-06,45097252.0
2013-11-07,34814964.0
2013-11-08,34946728.0
2013-11-11,27357500.0
2013-11-12,30054980.0
2013-11-13,32957286.0
2013-11-14,33107760.0
2013-11-15,48826912.0
2013-11-18,56264008.0
2013-11-19,50882612.0
2013-11-20,48582896.0
2013-11-21,53986872.0
2013-11-22,49023980.0
2013-11-25,46434888.0
2013-11-26,42954416.0
2013-11-27,47221056.0
2013-11-28,55447964.0
2013-11-29,48473248.0
2013-12-02,66783092.0
2013-12-03,46942056.0
2013-12-04,64141884.0
2013-12-05,49524276.0
2013-12-06,42822792.0
2013-12-09,40104736.0
2013-12-10,45884256.0
2013-12-11,46188048.0
2013-12-12,39090672.0
2013-12-13,35894548.0
2013-12-16,41047676.0
2013-12-17,31875312.0
2013-12-18,26983216.0
2013-12-19,28183488.0
2013-12-20,29200456.0
2013-12-23,26690132.0
2013-12-24,28610148.0
2013-12-25,26951988.0
2013-12-26,33116048.0
2013-12-27,32215142.0
2013-12-30,31654040.0
2013-12-31,29276062.0
2014-01-02,30800260.0
2014-01-03,34817560.0
2014-01-06,34511864.0
2014-01-07,27208620.0
2014-01-08,31943440.0
2014-01-09,33354136.0
2014-01-10,31393304.0
2014-01-13,27842416.0
2014-01-14,28565104.0
2014-01-15,29479192.0
2014-01-16,29583312.0
2014-01-17,25325292.0
2014-01-20,23805748.0
2014-01-21,28497804.0
2014-01-22,41849048.0
2014-01-23,40705800.0
2014-01-24,45790748.0
2014-01-27,42636804.0
2014-01-28,31946532.0
2014-01-29,33008380.0
2014-01-30,28549940.0
2014-02-07,34036568.0
2014-02-10,57754948.0
2014-02-11,61876820.0
2014-02-12,59039264.0
2014-02-13,61051500.0
2014-02-14,50631160.0
2014-02-17,62469416.0
2014-02-18,63913296.0
2014-02-19,61217760.0
2014-02-20,62564480.0
2014-02-21,48017884.0
2014-02-24,51238732.0
2014-02-25,65665272.0
2014-02-26,48856736.0
2014-02-27,54510924.0
2014-02-28,46601200.0
2014-03-03,51290256.0
2014-03-04,53655608.0
2014-03-05,53143632.0
2014-03-06,48189904.0
2014-03-07,45686320.0
2014-03-10,49665552.0
2014-03-11,39939680.0
2014-03-12,41221160.0
2014-03-13,37064656.0
2014-03-14,35140832.0
2014-03-17,39288172.0
2014-03-18,44270840.0
2014-03-19,42668960.0
2014-03-20,49863056.0
2014-03-21,52362720.0
2014-03-24,54202976.0
2014-03-25,53667024.0
2014-03-26,46277504.0
2014-03-27,49459872.0
2014-03-28,53458264.0
2014-03-31,38337776.0
2014-04-01,34655220.0
2014-04-02,43981944.0
2014-04-03,42342712.0
2014-04-04,38203216.0
2014-04-08,42618208.0
2014-04-09,43685036.0
2014-04-10,51174180.0
2014-04-11,43247392.0
2014-04-14,41571744.0
2014-04-15,45456868.0
2014-04-16,38105116.0
2014-04-17,38718392.0
2014-04-18,34736480.0
2014-04-21,40253952.0
2014-04-22,41934820.0
2014-04-23,30741912.0
2014-04-24,32345720.0
2014-04-25,36000620.0
2014-04-28,36670328.0
2014-04-29,28297418.0
2014-04-30,26592828.0
2014-05-05,28615420.0
2014-05-06,30600384.0
2014-05-07,29363632.0
2014-05-08,30515952.0
2014-05-09,29488834.0
2014-05-12,42454808.0
2014-05-13,35814980.0
2014-05-14,28307556.0
2014-05-15,30771182.0
2014-05-16,26713346.0
2014-05-19,24203592.0
2014-05-20,24846022.0
2014-05-21,24046892.0
2014-05-22,30960984.0
2014-05-23,28877232.0
2014-05-26,33396372.0
2014-05-27,32742760.0
2014-05-28,36774764.0
2014-05-29,37364672.0
2014-05-30,34479816.0
2014-06-03,30154992.0
2014-06-04,30240408.0
2014-06-05,29580728.0
2014-06-06,29926322.0
2014-06-09,26819524.0
2014-06-10,30297388.0
2014-06-11,31915296.0
2014-06-12,35134920.0
2014-06-13,39840796.0
2014-06-16,39294760.0
2014-06-17,39860752.0
2014-06-18,40688672.0
2014-06-19,43351488.0
2014-06-20,29331630.0
2014-06-23,32200352.0
2014-06-24,34149696.0
2014-06-25,30419894.0
2014-06-26,40550700.0
2014-06-27,48476120.0
2014-06-30,49209664.0
2014-07-01,48813984.0
2014-07-02,52966356.0
2014-07-03,61184096.0
2014-07-04,55166388.0
2014-07-07,51197152.0
2014-07-08,50180744.0
2014-07-09,56944644.0
2014-07-10,48708484.0
2014-07-11,53074688.0
2014-07-14,60592480.0
2014-07-15,66834000.0
2014-07-16,59414416.0
2014-07-17,49988360.0
2014-07-18,49582584.0
2014-07-21,44186096.0
2014-07-22,54673016.0
2014-07-23,58518276.0
2014-07-24,62738288.0
2014-07-25,55043408.0
2014-07-28,79528352.0
2014-07-29,80760832.0
2014-07-30,69146672.0
2014-07-31,65711040.0
2014-08-01,78171896.0
2014-08-04,66083148.0
2014-08-05,74379616.0
2014-08-06,74507248.0
2014-08-07,71135736.0
2014-08-08,57397716.0
2014-08-11,64798592.0
2014-08-12,67262928.0
2014-08-13,73110600.0
2014-08-14,74617880.0
2014-08-15,64972288.0
2014-08-18,71526264.0
2014-08-19,77521488.0
2014-08-20,76368688.0
2014-08-21,72257056.0
2014-08-22,72034760.0
2014-08-25,67975472.0
2014-08-26,69606912.0
2014-08-27,54359736.0
2014-08-28,54355984.0
2014-08-29,43722812.0
2014-09-01,57685416.0
2014-09-02,84153840.0
2014-09-03,87927136.0
2014-09-04,94318096.0
2014-09-05,90826616.0
2014-09-09,89284304.0
2014-09-10,86187344.0
2014-09-11,97669704.0
2014-09-12,78550024.0
2014-09-15,92873064.0
2014-09-16,117310232.0
2014-09-17,86276128.0
2014-09-18,77913056.0
2014-09-19,73891424.0
2014-09-22,77667072.0
2014-09-23,71679128.0
2014-09-24,84890144.0
2014-09-25,92339392.0
2014-09-26,72968520.0
2014-09-29,80918088.0
2014-09-30,81755048.0
2014-10-08,90358512.0
2014-10-09,104303280.0
2014-10-10,96123928.0
2014-10-13,83134544.0
2014-10-14,82292192.0
2014-10-15,81985744.0
2014-10-16,95753176.0
2014-10-17,85229816.0
2014-10-20,64596604.0
2014-10-21,67813184.0
2014-10-22,61360808.0
2014-10-23,65012400.0
2014-10-24,56333896.0
2014-10-27,56003584.0
2014-10-28,75113016.0
2014-10-29,105608672.0
2014-10-30,99168608.0
2014-10-31,91669056.0
2014-11-03,92197432.0
2014-11-04,93807648.0
2014-11-05,84678576.0
2014-11-06,79650744.0
2014-11-07,96201288.0
2014-11-10,85242920.0
2014-11-11,106506600.0
2014-11-12,72860728.0
2014-11-13,87063496.0
2014-11-14,65753808.0
2014-11-17,68439224.0
2014-11-18,63490500.0
2014-11-19,68164712.0
2014-11-20,59676756.0
2014-11-21,72866760.0
2014-11-24,118515608.0
2014-11-25,107770016.0
2014-11-26,109880096.0
2014-11-27,120587368.0
2014-11-28,125361752.0
2014-12-01,115923392.0
2014-12-02,109407008.0
2014-12-03,152946992.0
2014-12-04,152121968.0
2014-12-05,172436976.0
2014-12-08,152402000.0
2014-12-09,197608672.0
2014-12-10,131311672.0
2014-12-11,139869632.0
2014-12-12,116562832.0
2014-12-15,129681032.0
2014-12-16,125116824.0
2014-12-17,133134512.0
2014-12-18,107139000.0
2014-12-19,133387144.0
2014-12-22,151327536.0
2014-12-23,95282592.0
2014-12-24,86145744.0
2014-12-25,89766624.0
2014-12-26,105786712.0
2014-12-29,120696240.0
2014-12-30,98910328.0
2014-12-31,93682896.0
2015-01-05,128787600.0
2015-01-06,123754496.0
2015-01-07,96050496.0
2015-01-08,95634616.0
2015-01-09,90640808.0
2015-01-12,78026432.0
2015-01-13,68693768.0
2015-01-14,67086496.0
2015-01-15,67885512.0
2015-01-16,84506848.0
2015-01-19,105336272.0
2015-01-20,91937952.0
2015-01-21,110167424.0
2015-01-22,105412624.0
2015-01-23,99440336.0
2015-01-26,101298792.0
2015-01-27,114317984.0
2015-01-28,102386416.0
2015-01-29,84538576.0
2015-01-30,80593272.0
2015-02-02,71871864.0
2015-02-03,75432560.0
2015-02-04,80926720.0
2015-02-05,88324352.0
2015-02-06,76277608.0
2015-02-09,55873440.0
2015-02-10,54973768.0
2015-02-11,58059568.0
2015-02-12,62691776.0
2015-02-13,82306368.0
2015-02-16,82305576.0
2015-02-17,80938872.0
2015-02-25,83550616.0
2015-02-26,90920744.0
2015-02-27,96560680.0
2015-03-02,127235328.0
2015-03-03,146953264.0
2015-03-04,119226336.0
2015-03-05,120959088.0
2015-03-06,109313728.0
2015-03-09,98702216.0
2015-03-10,102915056.0
2015-03-11,99462456.0
2015-03-12,101821472.0
2015-03-13,95229824.0
2015-03-16,137058320.0
2015-03-17,172583344.0
2015-03-18,164616352.0
2015-03-19,166872992.0
2015-03-20,152162320.0
2015-03-23,171778128.0
2015-03-24,197066880.0
2015-03-25,169575456.0
2015-03-26,163926384.0
2015-03-27,126460984.0
2015-03-30,163219552.0
2015-03-31,169906000.0
2015-04-01,154918800.0
2015-04-02,167650944.0
2015-04-03,170123568.0
2015-04-07,180904832.0
2015-04-08,189495728.0
2015-04-09,182754752.0
2015-04-10,161502960.0
2015-04-13,178484992.0
2015-04-14,183190496.0
2015-04-15,167211024.0
2015-04-16,143246064.0
2015-04-17,191109824.0
2015-04-20,214596064.0
2015-04-21,169810416.0
2015-04-22,199156928.0
2015-04-23,197994960.0
2015-04-24,183527680.0
2015-04-27,185685536.0
2015-04-28,184257632.0
2015-04-29,145074720.0
2015-04-30,146653888.0
2015-05-04,136204608.0
2015-05-05,144224272.0
2015-05-06,129313936.0
2015-05-07,112570944.0
2015-05-08,118887576.0
2015-05-11,148572304.0
2015-05-12,165849056.0
2015-05-13,174986448.0
2015-05-14,149017856.0
2015-05-15,143713584.0
2015-05-18,140445392.0
2015-05-19,151754592.0
2015-05-20,190955968.0
2015-05-21,187177984.0
2015-05-22,222507872.0
2015-05-25,228463952.0
2015-05-26,238514272.0
2015-05-27,232612176.0
2015-05-28,258094080.0
2015-05-29,198772640.0
2015-06-01,186016128.0
2015-06-02,213234224.0
2015-06-03,209059568.0
2015-06-04,211460192.0
2015-06-05,248874592.0
2015-06-08,235630576.0
2015-06-09,185184464.0
2015-06-10,184590368.0
2015-06-11,190367984.0
2015-06-12,210655584.0
2015-06-15,205877376.0
2015-06-16,179503840.0
2015-06-17,160039584.0
2015-06-18,154351936.0
2015-06-19,137848608.0
2015-06-23,141045840.0
2015-06-24,158209440.0
2015-06-25,164073376.0
2015-06-26,145076592.0
2015-06-29,181652784.0
2015-06-30,195568528.0
2015-07-01,171297424.0
2015-07-02,156973840.0
2015-07-03,156106000.0
2015-07-06,230754384.0
2015-07-07,114115960.0
2015-07-08,275340768.0
2015-07-09,95815744.0
2015-07-10,72141192.0
2015-07-13,124577680.0
2015-07-14,167383696.0
2015-07-15,164267664.0
2015-07-16,142013072.0
2015-07-17,139377376.0
2015-07-20,162131840.0
2015-07-21,143097600.0
2015-07-22,161165840.0
2015-07-23,177494960.0
2015-07-24,196947872.0
2015-07-27,171740048.0
2015-07-28,180294336.0
2015-07-29,132745248.0
2015-07-30,141928704.0
2015-07-31,107834136.0
2015-08-03,112364592.0
2015-08-04,117180320.0
2015-08-05,119999768.0
2015-08-06,90058280.0
2015-08-07,109469664.0
2015-08-10,145317376.0
2015-08-11,162434832.0
2015-08-12,132680648.0
2015-08-13,133650288.0
2015-08-14,160713072.0
2015-08-17,162013280.0
2015-08-18,184395696.0
2015-08-19,162622256.0
2015-08-20,138314464.0
2015-08-21,134561088.0
2015-08-24,92192224.0
2015-08-25,104162288.0
2015-08-26,149197216.0
2015-08-27,124932336.0
2015-08-28,142758512.0
2015-08-31,116258552.0
2015-09-01,98667928.0
2015-09-02,115032720.0
2015-09-07,102447072.0
2015-09-08,85509840.0
2015-09-09,150097824.0
2015-09-10,106415176.0
2015-09-11,92572032.0
2015-09-14,119113664.0
2015-09-15,93427424.0
2015-09-16,104952920.0
2015-09-17,127835728.0
2015-09-18,83652112.0
2015-09-21,105433928.0
2015-09-22,118689624.0
2015-09-23,101247328.0
2015-09-24,93290192.0
2015-09-25,98942032.0
2015-09-28,67737160.0
2015-09-29,68579496.0
2015-09-30,56497672.0
2015-10-08,94907320.0
2015-10-09,99711664.0
2015-10-12,153619872.0
2015-10-13,132977520.0
2015-10-14,125882448.0
2015-10-15,131795064.0
2015-10-16,164509968.0
2015-10-19,156007936.0
2015-10-20,138062784.0
2015-10-21,178169184.0
2015-10-22,135470896.0
2015-10-23,158898960.0
2015-10-26,163304720.0
2015-10-27,147441280.0
2015-10-28,132724224.0
2015-10-29,110741272.0
2015-10-30,110069552.0
2015-11-02,107204320.0
2015-11-03,89105336.0
2015-11-04,139208400.0
2015-11-05,185191776.0
2015-11-06,152693280.0
2015-11-09,177520096.0
2015-11-10,165737536.0
2015-11-11,152086176.0
2015-11-12,162280288.0
2015-11-13,147559264.0
2015-11-16,116919960.0
2015-11-17,162750880.0
2015-11-18,125690008.0
2015-11-19,110520024.0
2015-11-20,146076176.0
2015-11-23,142383456.0
2015-11-24,110258560.0
2015-11-25,124435504.0
2015-11-26,140404608.0
2015-11-27,152970496.0
2015-11-30,129234024.0
2015-12-01,113008680.0
2015-12-02,102647472.0
2015-12-03,95329408.0
2015-12-04,101362536.0
2015-12-07,92881296.0
2015-12-08,94938824.0
2015-12-09,83299992.0
2015-12-10,78990424.0
2015-12-11,72132288.0
2015-12-14,79957288.0
2015-12-15,86021488.0
2015-12-16,85351168.0
2015-12-17,130054768.0
2015-12-18,114416912.0
2015-12-21,115015000.0
2015-12-22,111592512.0
2015-12-23,118166312.0
2015-12-24,91509344.0
2015-12-25,81253520.0
2015-12-28,109813512.0
2015-12-29,77292528.0
2015-12-30,85533232.0
2015-12-31,79781520.0
2016-01-04,78015000.0
2016-01-05,113428224.0
2016-01-06,100930424.0
2016-01-07,28426742.0
2016-01-08,111129608.0
2016-01-11,115600736.0
2016-01-12,91905216.0
2016-01-13,86123400.0
2016-01-14,92251448.0
2016-01-15,88630536.0
2016-01-18,72469792.0
2016-01-19,87981016.0
2016-01-20,91947520.0
2016-01-21,81882768.0
2016-01-22,69830712.0
2016-01-25,65308512.0
2016-01-26,85443920.0
2016-01-27,87924120.0
2016-01-28,67338080.0
2016-01-29,72359088.0
2016-02-01,64716112.0
2016-02-02,66571960.0
2016-02-03,63280728.0
2016-02-04,71083984.0
2016-02-05,56075544.0
2016-02-15,53631252.0
2016-02-16,82877144.0
2016-02-17,90582520.0
2016-02-18,93714800.0
2016-02-19,70380496.0
2016-02-22,94320520.0
2016-02-23,87874880.0
2016-02-24,89819576.0
2016-02-25,110668656.0
2016-02-26,79857896.0
2016-02-29,86703152.0
2016-03-01,80803568.0
2016-03-02,110671952.0
2016-03-03,128527360.0
2016-03-04,108829952.0
2016-03-07,87170584.0
2016-03-08,98149656.0
2016-03-09,72615320.0
2016-03-10,59559412.0
2016-03-11,49800024.0
2016-03-14,79997416.0
2016-03-15,66268900.0
2016-03-16,57487332.0
2016-03-17,84575760.0
2016-03-18,125160344.0
2016-03-21,131825512.0
2016-03-22,107721656.0
2016-03-23,89661328.0
2016-03-24,101439744.0
2016-03-25,78231312.0
2016-03-28,93782328.0
2016-03-29,79003976.0
2016-03-30,88061296.0
2016-03-31,94915720.0
2016-04-01,85219536.0
2016-04-05,105543048.0
2016-04-06,104674576.0
2016-04-07,109927152.0
2016-04-08,88670176.0
2016-04-11,102199976.0
2016-04-12,87061768.0
2016-04-13,132989984.0
2016-04-14,99088176.0
2016-04-15,82798056.0
2016-04-18,80400472.0
2016-04-19,69438664.0
2016-04-20,117325384.0
2016-04-21,84808592.0
2016-04-22,62323812.0
2016-04-25,57034332.0
2016-04-26,56055304.0
2016-04-27,60731580.0
2016-04-28,60430700.0
2016-04-29,49704188.0
2016-05-03,75831056.0
2016-05-04,74555744.0
2016-05-05,64558968.0
2016-05-06,98056920.0
2016-05-09,78233384.0
2016-05-10,52657744.0
2016-05-11,58011128.0
2016-05-12,58215816.0
2016-05-13,53076736.0
2016-05-16,57960896.0
2016-05-17,65260136.0
2016-05-18,63704856.0
2016-05-19,56438940.0
2016-05-20,55936076.0
2016-05-23,62777792.0
2016-05-24,57956416.0
2016-05-25,53302956.0
2016-05-26,59665728.0
2016-05-27,59984704.0
2016-05-30,48888004.0
2016-05-31,95238072.0
2016-06-01,94513984.0
2016-06-02,81245312.0
2016-06-03,84843512.0
2016-06-06,73552816.0
2016-06-07,69598256.0
2016-06-08,73498160.0
2016-06-13,87139856.0
2016-06-14,62032704.0
2016-06-15,90878608.0
2016-06-16,96031456.0
2016-06-17,89066840.0
2016-06-20,74530144.0
2016-06-21,88140688.0
2016-06-22,72417144.0
2016-06-23,77979552.0
2016-06-24,98419872.0
2016-06-27,84047904.0
2016-06-28,94952720.0
2016-06-29,93055216.0
2016-06-30,77299664.0
2016-07-01,73814432.0
2016-07-04,100078192.0
2016-07-05,107928800.0
2016-07-06,95069624.0
2016-07-07,112453600.0
2016-07-08,88064744.0
2016-07-11,103662864.0
2016-07-12,116873792.0
2016-07-13,112122080.0
2016-07-14,95271584.0
2016-07-15,93192904.0
2016-07-18,89330624.0
2016-07-19,80961872.0
2016-07-20,74820304.0
2016-07-21,87437928.0
2016-07-22,86445496.0
2016-07-25,81090040.0
2016-07-26,81556560.0
2016-07-27,138527888.0
2016-07-28,91318712.0
2016-07-29,72681328.0
2016-08-01,72910224.0
2016-08-02,55805056.0
2016-08-03,68686952.0
2016-08-04,70556392.0
2016-08-05,67543360.0
2016-08-08,77047880.0
2016-08-09,78165120.0
2016-08-10,77197424.0
2016-08-11,70684528.0
2016-08-12,68635480.0
2016-08-15,117981472.0
2016-08-16,109712840.0
2016-08-17,95788512.0
2016-08-18,110415536.0
2016-08-19,91827096.0
2016-08-22,92369152.0
2016-08-23,80572960.0
2016-08-24,73862344.0
2016-08-25,79722432.0
2016-08-26,74785792.0
2016-08-29,68956568.0
2016-08-30,61588352.0
2016-08-31,65277004.0
2016-09-01,71886112.0
2016-09-02,67506960.0
2016-09-05,65434640.0
2016-09-06,86826088.0
2016-09-07,93190208.0
2016-09-08,72464136.0
2016-09-09,78672464.0
2016-09-12,90041760.0
2016-09-13,68636656.0
2016-09-14,58319692.0
2016-09-19,54978764.0
2016-09-20,54505612.0
2016-09-21,50290344.0
2016-09-22,62971600.0
2016-09-23,62578308.0
2016-09-26,72106656.0
2016-09-27,56400532.0
2016-09-28,49163264.0
2016-09-29,50691560.0
2016-09-30,44965128.0
2016-10-10,72724032.0
2016-10-11,78850888.0
2016-10-12,67718488.0
2016-10-13,68471648.0
2016-10-14,65860096.0
2016-10-17,71704800.0
2016-10-18,73698512.0
2016-10-19,75048808.0
2016-10-20,65574912.0
2016-10-21,73195128.0
2016-10-24,86076744.0
2016-10-25,83923232.0
2016-10-26,80859248.0
2016-10-27,67102996.0
2016-10-28,70697096.0
2016-10-31,60253688.0
2016-11-01,62539904.0
2016-11-02,72299072.0
2016-11-03,77549848.0
2016-11-04,70635408.0
2016-11-07,68812128.0
2016-11-08,72444880.0
2016-11-09,88060104.0
2016-11-10,90625240.0
2016-11-11,110371592.0
2016-11-14,126669344.0
2016-11-15,105110912.0
2016-11-16,95468672.0
2016-11-17,84535312.0
2016-11-18,81278552.0
2016-11-21,78751840.0
2016-11-22,92177808.0
2016-11-23,93963240.0
2016-11-24,93586296.0
2016-11-25,88934640.0
2016-11-28,95741368.0
2016-11-29,101446904.0
2016-11-30,81526816.0
2016-12-01,77818512.0
2016-12-02,81097528.0
2016-12-05,66821820.0
2016-12-06,52009200.0
2016-12-07,59406416.0
2016-12-08,56989764.0
2016-12-09,59218292.0
2016-12-12,94736776.0
2016-12-13,65206728.0
2016-12-14,68977584.0
2016-12-15,64732972.0
2016-12-16,62204176.0
2016-12-19,62579160.0
2016-12-20,60920656.0
2016-12-21,63632872.0
2016-12-22,59617208.0
2016-12-23,57182480.0
2016-12-26,54444360.0
2016-12-27,49275524.0
2016-12-28,48574164.0
2016-12-29,45028144.0
2016-12-30,46924936.0
2017-01-03,48577792.0
2017-01-04,66739424.0
2017-01-05,61445204.0
2017-01-06,64902472.0
2017-01-09,63979032.0
2017-01-10,68210688.0
2017-01-11,62843360.0
2017-01-12,53433632.0
2017-01-13,53611484.0
2017-01-16,78958352.0
2017-01-17,50540896.0
2017-01-18,46142180.0
2017-01-19,44419616.0
2017-01-20,45717352.0
2017-01-23,50389736.0
2017-01-24,50127804.0
2017-01-25,42974288.0
2017-01-26,40542476.0
2017-02-03,35541492.0
2017-02-06,45755656.0
2017-02-07,50928232.0
2017-02-08,53885120.0
2017-02-09,72722328.0
2017-02-10,89377136.0
2017-02-13,83765056.0
2017-02-14,76068632.0
2017-02-15,84076608.0
2017-02-16,75074584.0
2017-02-17,79079952.0
2017-02-20,74126640.0
2017-02-21,78896904.0
2017-02-22,87525640.0
2017-02-23,89366680.0
2017-02-24,76258128.0
2017-02-27,72245008.0
2017-02-28,63031128.0
2017-03-01,72479672.0
2017-03-02,72064176.0
2017-03-03,65253252.0
2017-03-06,67277672.0
2017-03-07,68534912.0
2017-03-08,63067368.0
2017-03-09,64238984.0
2017-03-10,56359928.0
2017-03-13,64912432.0
2017-03-14,60271996.0
2017-03-15,55750084.0
2017-03-16,68654616.0
2017-03-17,73063704.0
2017-03-20,61644784.0
2017-03-21,58995040.0
2017-03-22,72273368.0
2017-03-23,76911144.0
2017-03-24,83547824.0
2017-03-27,77482736.0
2017-03-28,61262112.0
2017-03-29,85614048.0
2017-03-30,96512720.0
2017-03-31,72082768.0
2017-04-05,97014976.0
2017-04-06,97471136.0
2017-04-07,100596672.0
2017-04-10,102529320.0
2017-04-11,127738048.0
2017-04-12,114173024.0
2017-04-13,87711440.0
2017-04-14,97511152.0
2017-04-17,87532208.0
2017-04-18,80185640.0
2017-04-19,87000448.0
2017-04-20,79174160.0
2017-04-21,60871100.0
2017-04-24,70771368.0
2017-04-25,64657728.0
2017-04-26,69746032.0
2017-04-27,89357792.0
2017-04-28,66769168.0
2017-05-02,70289000.0
2017-05-03,72475448.0
2017-05-04,77413512.0
2017-05-05,71552000.0
2017-05-08,67182552.0
2017-05-09,54726992.0
2017-05-10,62645660.0
2017-05-11,73054312.0
2017-05-12,56685628.0
2017-05-15,49725932.0
2017-05-16,73426616.0
2017-05-17,73146912.0
2017-05-18,60062124.0
2017-05-19,55068152.0
2017-05-22,60894140.0
2017-05-23,64918648.0
2017-05-24,58130848.0
2017-05-25,70683960.0
2017-05-26,59256200.0
2017-05-31,58477768.0
2017-06-01,60278904.0
2017-06-02,58868848.0
2017-06-05,54333292.0
2017-06-06,48781500.0
2017-06-07,74666056.0
2017-06-08,66506548.0
2017-06-09,62109872.0
2017-06-12,60359676.0
2017-06-13,60424168.0
2017-06-14,60926964.0
2017-06-15,64991112.0
2017-06-16,56912596.0
2017-06-19,59231584.0
2017-06-20,66122408.0
2017-06-21,56730428.0
2017-06-22,69225640.0
2017-06-23,63505124.0
2017-06-26,69846176.0
2017-06-27,62316848.0
2017-06-28,60479480.0
2017-06-29,58035288.0
2017-06-30,53521224.0
2017-07-03,63825320.0
2017-07-04,63114196.0
2017-07-05,68621640.0
2017-07-06,82871816.0
2017-07-07,79328304.0
2017-07-10,90371000.0
2017-07-11,76982328.0
2017-07-12,75579504.0
2017-07-13,79136008.0
2017-07-14,66386360.0
2017-07-17,101536168.0
2017-07-18,76564320.0
2017-07-19,102901912.0
2017-07-20,93828768.0
2017-07-21,83132656.0
2017-07-24,97299920.0
2017-07-25,89224304.0
2017-07-26,88753496.0
2017-07-27,104005536.0
2017-07-28,86467880.0
2017-07-31,113331064.0
2017-08-01,101081560.0
2017-08-02,114012008.0
2017-08-03,100159936.0
2017-08-04,125888384.0
2017-08-07,108572320.0
2017-08-08,120380440.0
2017-08-09,115347648.0
2017-08-10,112699472.0
2017-08-11,117860616.0
2017-08-14,89845024.0
2017-08-15,82603664.0
2017-08-16,89617696.0
2017-08-17,98724888.0
2017-08-18,91174552.0
2017-08-21,86521792.0
2017-08-22,89100168.0
2017-08-23,75609848.0
2017-08-24,67567584.0
2017-08-25,75549728.0
2017-08-28,94893400.0
2017-08-29,87704096.0
2017-08-30,95559664.0
2017-08-31,91029168.0
2017-09-01,121117192.0
2017-09-04,119984024.0
2017-09-05,95232080.0
2017-09-06,105478232.0
2017-09-07,107061808.0
2017-09-08,93851592.0
2017-09-11,102547400.0
2017-09-12,141880272.0
2017-09-13,104722440.0
2017-09-14,113966784.0
2017-09-15,109384232.0
2017-09-18,88850600.0
2017-09-19,93518720.0
2017-09-20,101972488.0
2017-09-21,98937496.0
2017-09-22,85236472.0
2017-09-25,77829248.0
2017-09-26,67765944.0
2017-09-27,75171272.0
2017-09-28,74625888.0
2017-09-29,70936296.0
2017-10-09,86419672.0
2017-10-10,87005184.0
2017-10-11,90746056.0
2017-10-12,77960960.0
2017-10-13,72925624.0
2017-10-16,85871048.0
2017-10-17,59419248.0
2017-10-18,73370968.0
2017-10-19,72615792.0
2017-10-20,60479316.0
2017-10-23,60481952.0
2017-10-24,59171312.0
2017-10-25,58646904.0
2017-10-26,74905896.0
2017-10-27,67921144.0
2017-10-30,83764176.0
2017-10-31,62261436.0
2017-11-01,64632776.0
2017-11-02,67552344.0
2017-11-03,68257104.0
2017-11-06,66717600.0
2017-11-07,72377672.0
2017-11-08,73806800.0
2017-11-09,68818464.0
2017-11-10,80012496.0
2017-11-13,84596712.0
2017-11-14,84749064.0
2017-11-15,73949184.0
2017-11-16,67940160.0
2017-11-17,89018976.0
2017-11-20,70066704.0
2017-11-21,67754576.0
2017-11-22,70895920.0
2017-11-23,75009728.0
2017-11-24,59049056.0
2017-11-27,59407492.0
2017-11-28,56478232.0
2017-11-29,76563912.0
2017-11-30,60883356.0
2017-12-01,54746280.0
2017-12-04,60188168.0
2017-12-05,69690232.0
2017-12-06,60267212.0
2017-12-07,53097972.0
2017-12-08,55579244.0
2017-12-11,61112904.0
2017-12-12,56614396.0
2017-12-13,50352000.0
2017-12-14,55759240.0
2017-12-15,61938112.0
2017-12-18,53772192.0
2017-12-19,52639308.0
2017-12-20,57814532.0
2017-12-21,59245860.0
2017-12-22,55010644.0
2017-12-25,61264712.0
2017-12-26,57671656.0
2017-12-27,64197528.0
2017-12-28,65877544.0
2017-12-29,57165632.0
2018-01-02,73032232.0
2018-01-03,83936744.0
2018-01-04,80543688.0
2018-01-05,81581016.0
2018-01-08,89476928.0
2018-01-09,75573216.0
2018-01-10,80966976.0
2018-01-11,78770072.0
2018-01-12,77834560.0
2018-01-15,91474032.0
2018-01-16,79169736.0
2018-01-17,84195504.0
2018-01-18,65015292.0
2018-01-19,71806744.0
2018-01-22,72761168.0
2018-01-23,66753888.0
2018-01-24,77347728.0
2018-01-25,81082936.0
2018-01-26,69004552.0
2018-01-29,84031160.0
2018-01-30,70699688.0
2018-01-31,80733496.0
2018-02-01,94968528.0
2018-02-02,83747560.0
2018-02-05,74046520.0
2018-02-06,92340712.0
2018-02-07,85236000.0
2018-02-08,62444796.0
2018-02-09,84318840.0
2018-02-12,57246496.0
2018-02-13,57208632.0
2018-02-14,41398224.0
2018-02-22,59636108.0
2018-02-23,62147848.0
2018-02-26,83073984.0
2018-02-27,77022160.0
2018-02-28,70986920.0
2018-03-01,73101776.0
2018-03-02,73434832.0
2018-03-05,67324696.0
2018-03-06,83495768.0
2018-03-07,74594128.0
2018-03-08,67889912.0
2018-03-09,85928344.0
2018-03-12,97662272.0
2018-03-13,84804760.0
2018-03-14,75466632.0
2018-03-15,72173920.0
2018-03-16,65073536.0
2018-03-19,67233216.0
2018-03-20,67475664.0
2018-03-21,79487160.0
2018-03-22,67407440.0
2018-03-23,121367064.0
2018-03-26,84772912.0
2018-03-27,89199272.0
2018-03-28,75299096.0
2018-03-29,68813736.0
2018-03-30,73046488.0
2018-04-02,85433832.0
2018-04-03,71749880.0
2018-04-04,67260200.0
2018-04-09,64851820.0
2018-04-10,69420992.0
2018-04-11,66248860.0
2018-04-12,60524240.0
2018-04-13,54157636.0
2018-04-16,70985864.0
2018-04-17,71920256.0
2018-04-18,76201712.0
2018-04-19,75998560.0
2018-04-20,72391392.0
2018-04-23,63952400.0
2018-04-24,67954120.0
2018-04-25,60382792.0
2018-04-26,62638392.0
2018-04-27,55997824.0
2018-05-02,63147028.0
2018-05-03,67604488.0
2018-05-04,55464048.0
2018-05-07,64033360.0
2018-05-08,62194664.0
2018-05-09,54124152.0
2018-05-10,58310664.0
2018-05-11,63847252.0
2018-05-14,59798192.0
2018-05-15,54721544.0
2018-05-16,58338640.0
2018-05-17,52997272.0
2018-05-18,57868272.0
2018-05-21,70722448.0
2018-05-22,62266852.0
2018-05-23,67845872.0
2018-05-24,53711808.0
2018-05-25,57793808.0
2018-05-28,57810120.0
2018-05-29,56179928.0
2018-05-30,68527888.0
2018-05-31,56008856.0
2018-06-01,53833572.0
2018-06-04,46750280.0
2018-06-05,47410472.0
2018-06-06,48182508.0
2018-06-07,47376192.0
2018-06-08,52925556.0
2018-06-11,43109692.0
2018-06-12,46645360.0
2018-06-13,49234216.0
2018-06-14,44419708.0
2018-06-15,56448576.0
2018-06-19,82986352.0
2018-06-20,60329416.0
2018-06-21,63240480.0
2018-06-22,51689208.0
2018-06-25,47860812.0
2018-06-26,51066588.0
2018-06-27,49857840.0
2018-06-28,47767520.0
2018-06-29,57234936.0
2018-07-02,55248928.0
2018-07-03,61424232.0
2018-07-04,53859952.0
2018-07-05,52927416.0
2018-07-06,61340256.0
2018-07-09,52937160.0
2018-07-10,52227668.0
2018-07-11,58915264.0
2018-07-12,68089568.0
2018-07-13,56354208.0
2018-07-16,51667372.0
2018-07-17,48243320.0
2018-07-18,55257136.0
2018-07-19,50483936.0
2018-07-20,57868512.0
2018-07-23,68484312.0
2018-07-24,88201816.0
2018-07-25,74850864.0
2018-07-26,75120240.0
2018-07-27,61715888.0
2018-07-30,60836024.0
2018-07-31,49496356.0
2018-08-01,60369484.0
2018-08-02,74390328.0
2018-08-03,50735796.0
2018-08-06,52455220.0
2018-08-07,59145780.0
2018-08-08,58083052.0
2018-08-09,68264832.0
2018-08-10,53185012.0
2018-08-13,55722652.0
2018-08-14,46375912.0
2018-08-15,53349984.0
2018-08-16,52393844.0
2018-08-17,51707976.0
2018-08-20,51631112.0
2018-08-21,49737904.0
2018-08-22,43922268.0
2018-08-23,47263812.0
2018-08-24,43898100.0
2018-08-27,58545800.0
2018-08-28,53465440.0
2018-08-29,53272212.0
2018-08-30,54158464.0
2018-08-31,48012056.0
2018-09-03,52902600.0
2018-09-04,61024912.0
2018-09-05,58403544.0
2018-09-06,45868496.0
2018-09-07,53600072.0
2018-09-10,51326476.0
2018-09-11,49968008.0
2018-09-12,42540880.0
2018-09-13,55692104.0
2018-09-14,56447928.0
2018-09-17,49338944.0
2018-09-18,54432328.0
2018-09-19,67055856.0
2018-09-20,56398976.0
2018-09-21,65895196.0
2018-09-25,52654240.0
2018-09-26,64719556.0
2018-09-27,61437672.0
2018-09-28,57268640.0
2018-10-08,63275664.0
2018-10-09,50437456.0
2018-10-10,51339636.0
2018-10-11,90563600.0
2018-10-12,81525152.0
2018-10-15,62291848.0
2018-10-16,61076660.0
2018-10-17,69523880.0
2018-10-18,59783912.0
2018-10-19,69561576.0
2018-10-22,92958320.0
2018-10-23,74668064.0
2018-10-24,62823480.0
2018-10-25,69687208.0
2018-10-26,67983624.0
2018-10-29,57451568.0
2018-10-30,72834648.0
2018-10-31,74687768.0
2018-11-01,86059144.0
2018-11-02,96892168.0
2018-11-05,87777280.0
2018-11-06,69803048.0
2018-11-07,78086368.0
2018-11-08,72145352.0
2018-11-09,67424960.0
2018-11-12,86990536.0
2018-11-13,128710360.0
2018-11-14,112598832.0
2018-11-15,98305200.0
2018-11-16,110671824.0
2018-11-19,111015104.0
2018-11-20,103124224.0
2018-11-21,90156624.0
2018-11-22,75274992.0
2018-11-23,92074832.0
2018-11-26,68584696.0
2018-11-27,62352712.0
2018-11-28,72507928.0
2018-11-29,77102480.0
2018-11-30,63848788.0
2018-12-03,96265752.0
2018-12-04,76280216.0
2018-12-05,74275976.0
2018-12-06,66047596.0
2018-12-07,51755056.0
2018-12-10,53940348.0
2018-12-11,50430780.0
2018-12-12,48093612.0
2018-12-13,63613912.0
2018-12-14,65786544.0
2018-12-17,51502816.0
2018-12-18,51303480.0
2018-12-19,46260176.0
2018-12-20,46967852.0
2018-12-21,47110424.0
2018-12-24,41841940.0
2018-12-25,60383672.0
2018-12-26,45032932.0
2018-12-27,54219392.0
2018-12-28,49964184.0
2019-01-02,47494448.0
2019-01-03,55491244.0
2019-01-04,73448736.0
2019-01-07,81153448.0
2019-01-08,69556936.0
2019-01-09,85153592.0
2019-01-10,68910888.0
2019-01-11,68355088.0
2019-01-14,67679616.0
2019-01-15,72005184.0
2019-01-16,69274744.0
2019-01-17,74562112.0
2019-01-18,83371608.0
2019-01-21,72781528.0
2019-01-22,69496672.0
2019-01-23,58485736.0
2019-01-24,70630304.0
2019-01-25,71657480.0
2019-01-28,67279936.0
2019-01-29,77753728.0
2019-01-30,58513768.0
2019-01-31,71511208.0
2019-02-01,66099676.0
2019-02-11,75297360.0
2019-02-12,85271152.0
2019-02-13,113218904.0
2019-02-14,94828536.0
2019-02-15,93511608.0
2019-02-18,124124000.0
2019-02-19,143874768.0
2019-02-20,120213128.0
2019-02-21,145951120.0
2019-02-22,146166144.0
2019-02-25,241783584.0
2019-02-26,262833264.0
2019-02-27,208854080.0
2019-02-28,156042880.0
2019-03-01,149828336.0
2019-03-04,232446864.0
2019-03-05,206891264.0
2019-03-06,264964320.0
2019-03-07,266967216.0
2019-03-08,285680256.0
2019-03-11,214252208.0
2019-03-12,249334000.0
2019-03-13,224349232.0
2019-03-14,178608672.0
2019-03-15,152846464.0
2019-03-18,172655248.0
2019-03-19,166713936.0
2019-03-20,176820736.0
2019-03-21,207150048.0
2019-03-22,181954816.0
2019-03-25,178432944.0
2019-03-26,176164736.0
2019-03-27,144956608.0
2019-03-28,149261088.0
2019-03-29,178333024.0
2019-04-01,221181632.0
2019-04-02,228750288.0
2019-04-03,199104768.0
2019-04-04,208834864.0
2019-04-08,238317472.0
2019-04-09,179363504.0
2019-04-10,178753600.0
2019-04-11,165876080.0
2019-04-12,140078336.0
2019-04-15,157754144.0
2019-04-16,156029632.0
2019-04-17,169800160.0
2019-04-18,151322512.0
2019-04-19,148724288.0
2019-04-22,158161024.0
2019-04-23,149871456.0
2019-04-24,134784416.0
2019-04-25,151401712.0
2019-04-26,124279880.0
2019-04-29,138672384.0
2019-04-30,102190336.0
2019-05-06,143386240.0
2019-05-07,116573688.0
2019-05-08,107738120.0
2019-05-09,90934656.0
2019-05-10,122177480.0
2019-05-13,91736392.0
2019-05-14,87540968.0
2019-05-15,97463856.0
2019-05-16,104422168.0
2019-05-17,119071216.0
2019-05-20,95686496.0
2019-05-21,100837072.0
2019-05-22,94092712.0
2019-05-23,90563680.0
2019-05-24,77933440.0
2019-05-27,93076416.0
2019-05-28,90263992.0
2019-05-29,85876848.0
2019-05-30,94779600.0
2019-05-31,86716728.0
2019-06-03,98540832.0
2019-06-04,86751656.0
2019-06-05,81300168.0
2019-06-06,83416928.0
2019-06-10,73361384.0
2019-06-11,116811448.0
2019-06-12,107847560.0
2019-06-13,96172536.0
2019-06-14,102803896.0
2019-06-17,73361136.0
2019-06-18,66523896.0
2019-06-19,98274376.0
2019-06-20,119695960.0
2019-06-21,122814216.0
2019-06-24,99620160.0
2019-06-25,99202176.0
2019-06-26,70035688.0
2019-06-27,81631264.0
2019-06-28,77164624.0
2019-07-01,111630216.0
2019-07-02,97080640.0
2019-07-03,85358592.0
2019-07-04,80147192.0
2019-07-05,64904140.0
2019-07-08,91766080.0
2019-07-09,61012512.0
2019-07-10,60795192.0
2019-07-11,62628484.0
2019-07-12,61479400.0
2019-07-15,84594480.0
2019-07-16,68924960.0
2019-07-17,75361088.0
2019-07-18,72636160.0
2019-07-19,68597296.0
2019-07-22,72191576.0
2019-07-23,54729264.0
2019-07-24,69451384.0
2019-07-25,67384416.0
2019-07-26,59252776.0
2019-07-29,56581520.0
2019-07-30,71194128.0
2019-07-31,62754548.0
2019-08-01,64332504.0
2019-08-02,79002360.0
2019-08-05,71612544.0
2019-08-06,98667864.0
2019-08-07,67417408.0
2019-08-08,60077796.0
2019-08-09,64443336.0
2019-08-12,61946508.0
2019-08-13,58691316.0
2019-08-14,71148784.0
2019-08-15,78261608.0
2019-08-16,77542456.0
2019-08-19,106580928.0
2019-08-20,100202296.0
2019-08-21,84940792.0
2019-08-22,82238112.0
2019-08-23,82502528.0
2019-08-26,88453144.0
2019-08-27,108192640.0
2019-08-28,98994296.0
2019-08-29,96818000.0
2019-08-30,102451632.0
2019-09-02,108292928.0
2019-09-03,109090448.0
2019-09-04,122499224.0
2019-09-05,158947376.0
2019-09-06,112798576.0
2019-09-09,132941928.0
2019-09-10,131111544.0
2019-09-11,115603944.0
2019-09-12,96044224.0
2019-09-16,114136336.0
2019-09-17,114771432.0
2019-09-18,89556000.0
2019-09-19,88129312.0
2019-09-20,94186440.0
2019-09-23,94657680.0
2019-09-24,94528000.0
2019-09-25,92202920.0
2019-09-26,94670752.0
2019-09-27,74329832.0
2019-09-30,65785128.0
2019-10-08,66443424.0
2019-10-09,66505760.0
2019-10-10,73818152.0
2019-10-11,82786016.0
2019-10-14,103688880.0
2019-10-15,88321432.0
2019-10-16,78221408.0
2019-10-17,70514512.0
2019-10-18,82038848.0
2019-10-21,69899272.0
2019-10-22,65534984.0
2019-10-23,69036504.0
2019-10-24,64868444.0
2019-10-25,73158776.0
2019-10-28,102907392.0
2019-10-29,108706304.0
2019-10-30,85762152.0
2019-10-31,79582688.0
2019-11-01,74155656.0
2019-11-04,81278224.0
2019-11-05,85072952.0
2019-11-06,83216272.0
2019-11-07,72092200.0
2019-11-08,79096560.0
2019-11-11,77096400.0
2019-11-12,68785496.0
2019-11-13,60606408.0
2019-11-14,63910112.0
2019-11-15,70076400.0
2019-11-18,63965372.0
2019-11-19,72363368.0
2019-11-20,78998280.0
2019-11-21,66167512.0
2019-11-22,88027696.0
2019-11-25,86347264.0
2019-11-26,81259728.0
2019-11-27,72646944.0
2019-11-28,59672312.0
2019-11-29,61395620.0
2019-12-02,63150160.0
2019-12-03,60345524.0
2019-12-04,63496448.0
2019-12-05,74077104.0
2019-12-06,73705960.0
2019-12-09,88486416.0
2019-12-10,82936328.0
2019-12-11,86011040.0
2019-12-12,80055440.0
2019-12-13,99979184.0
2019-12-16,116522536.0
2019-12-17,150219136.0
2019-12-18,129264400.0
2019-12-19,113666296.0
2019-12-20,117998472.0
2019-12-23,105652528.0
2019-12-24,85451920.0
2019-12-25,95918672.0
2019-12-26,95625536.0
2019-12-27,126259632.0
2019-12-30,116869456.0
2019-12-31,103889656.0
2020-01-02,145894400.0
2020-01-03,128452024.0
2020-01-06,159587408.0
2020-01-07,144142720.0
2020-01-08,155406848.0
2020-01-09,132431664.0
2020-01-10,113819824.0
2020-01-13,118076184.0
2020-01-14,129811384.0
2020-01-15,112425024.0
2020-01-16,111897280.0
2020-01-17,104949328.0
2020-01-20,115403000.0
2020-01-21,124604808.0
2020-01-22,123474768.0
2020-01-23,145773072.0
2020-02-03,81777088.0
2020-02-04,189672272.0
2020-02-05,171095344.0
2020-02-06,185957456.0
2020-02-07,191147648.0
2020-02-10,176703280.0
2020-02-11,152508176.0
2020-02-12,151041472.0
2020-02-13,158202640.0
2020-02-14,145346496.0
2020-02-17,174636656.0
2020-02-18,185098704.0
2020-02-19,185642080.0
2020-02-20,192076032.0
2020-02-21,207236240.0
2020-02-24,218098960.0
2020-02-25,267366672.0
2020-02-26,266375072.0
2020-02-27,204694880.0
2020-02-28,224306704.0
2020-03-02,199511616.0
2020-03-03,226325488.0
2020-03-04,185133104.0
2020-03-05,217232224.0
2020-03-06,185297152.0
2020-03-09,218538096.0
2020-03-10,208402880.0
2020-03-11,187750912.0
2020-03-12,158753152.0
2020-03-13,195266656.0
2020-03-16,186849952.0
2020-03-17,159137872.0
2020-03-18,164286608.0
2020-03-19,154593696.0
2020-03-20,127513288.0
2020-03-23,138684752.0
2020-03-24,140787712.0
2020-03-25,146881072.0
2020-03-26,125652448.0
2020-03-27,117045072.0
2020-03-30,123981312.0
2020-03-31,111605616.0
2020-04-01,112154112.0
2020-04-02,113351080.0
2020-04-03,109478976.0
2020-04-07,145109456.0
2020-04-08,137786256.0
2020-04-09,125098464.0
2020-04-10,123816384.0
2020-04-13,98180992.0
2020-04-14,110188240.0
2020-04-15,122477400.0
2020-04-16,120742192.0
2020-04-17,136969840.0
2020-04-20,120642184.0
2020-04-21,130744424.0
2020-04-22,123597008.0
2020-04-23,144618304.0
2020-04-24,131383368.0
2020-04-27,117132424.0
2020-04-28,140824912.0
2020-04-29,105926848.0
2020-04-30,133036688.0
2020-05-06,141679056.0
2020-05-07,140146352.0
2020-05-08,136318624.0
2020-05-11,129851984.0
2020-05-12,115943680.0
2020-05-13,107895824.0
2020-05-14,119197704.0
2020-05-15,112651512.0
2020-05-18,133654664.0
2020-05-19,112008864.0
2020-05-20,123491264.0
2020-05-21,114559104.0
2020-05-22,106415712.0
2020-05-25,84385680.0
2020-05-26,90969008.0
2020-05-27,103960368.0
2020-05-28,102524248.0
2020-05-29,105003248.0
2020-06-01,141697584.0
2020-06-02,139029104.0
2020-06-03,138345520.0
2020-06-04,120778464.0
2020-06-05,112253896.0
2020-06-08,119446192.0
2020-06-09,114870928.0
2020-06-10,108368096.0
2020-06-11,127515456.0
2020-06-12,129545464.0
2020-06-15,145359776.0
2020-06-16,133951704.0
2020-06-17,146837520.0
2020-06-18,158154368.0
2020-06-19,141768096.0
2020-06-22,145392352.0
2020-06-23,125748128.0
2020-06-24,110241440.0
2020-06-29,117761152.0
2020-06-30,115350320.0
2020-07-01,142832976.0
2020-07-02,201181376.0
2020-07-03,226826816.0
2020-07-06,302376480.0
2020-07-07,325865440.0
2020-07-08,288847392.0
2020-07-09,317412256.0
2020-07-10,288736672.0
2020-07-13,297305600.0
2020-07-14,293868288.0
2020-07-15,256472832.0
2020-07-16,253315872.0
2020-07-17,196803904.0
2020-07-20,212413216.0
2020-07-21,193965952.0
2020-07-22,210101200.0
2020-07-23,207992464.0
2020-07-24,219017776.0
2020-07-27,145542480.0
2020-07-28,138838144.0
2020-07-29,159221680.0
2020-07-30,177615568.0
2020-07-31,179912944.0
2020-08-03,207266752.0
2020-08-04,209478944.0
2020-08-05,184843808.0
2020-08-06,205229840.0
2020-08-07,198128208.0
2020-08-10,175353232.0
2020-08-11,180845776.0
2020-08-12,177889040.0
2020-08-13,162060512.0
2020-08-14,156875984.0
2020-08-17,201407360.0
2020-08-18,189166176.0
2020-08-19,194309136.0
2020-08-20,157646256.0
2020-08-21,142963488.0
2020-08-24,143020352.0
2020-08-25,147098128.0
2020-08-26,153734768.0
2020-08-27,129836200.0
2020-08-28,141949600.0
2020-08-31,156024384.0
2020-09-01,125632488.0
2020-09-02,149562544.0
2020-09-03,142110336.0
2020-09-04,125358464.0
2020-09-07,155581744.0
2020-09-08,161230320.0
2020-09-09,216916352.0
2020-09-10,181049504.0
2020-09-11,124629192.0
2020-09-14,130502280.0
2020-09-15,115184152.0
2020-09-16,113379888.0
2020-09-17,118959680.0
2020-09-18,135226272.0
2020-09-21,126023720.0
2020-09-22,121305896.0
2020-09-23,95048832.0
2020-09-24,112801464.0
2020-09-25,87798784.0
2020-09-28,78962912.0
2020-09-29,81371168.0
2020-09-30,81484096.0
2020-10-09,100386232.0
2020-10-12,144824352.0
2020-10-13,111558448.0
2020-10-14,118629600.0
2020-10-15,107004256.0
2020-10-16,98732024.0
2020-10-19,103668360.0
2020-10-20,86189224.0
2020-10-21,87512256.0
2020-10-22,85724728.0
2020-10-23,80565088.0
2020-10-26,73392960.0
2020-10-27,75586512.0
2020-10-28,87130888.0
2020-10-29,92587480.0
2020-10-30,112122360.0
2020-11-02,111756376.0
2020-11-03,105440032.0
2020-11-04,92929744.0
2020-11-05,118843216.0
2020-11-06,118244208.0
2020-11-09,160027888.0
2020-11-10,141928928.0
2020-11-11,130728080.0
2020-11-12,104680688.0
2020-11-13,107116320.0
2020-11-16,133677328.0
2020-11-17,141274320.0
2020-11-18,133982464.0
2020-11-19,123804848.0
2020-11-20,130667648.0
2020-11-23,181925664.0
2020-11-24,154062960.0
2020-11-25,153813104.0
2020-11-26,123236936.0
2020-11-27,120885120.0
2020-11-30,163157680.0
2020-12-01,150957344.0
2020-12-02,149705104.0
2020-12-03,152214928.0
2020-12-04,128855168.0
2020-12-07,121078280.0
2020-12-08,105494992.0
2020-12-09,121516216.0
2020-12-10,110577144.0
2020-12-11,132641608.0
2020-12-14,106877152.0
2020-12-15,97980992.0
2020-12-16,99283952.0
2020-12-17,127702744.0
2020-12-18,128622288.0
2020-12-21,136347824.0
2020-12-22,151310624.0
2020-12-23,144044320.0
2020-12-24,131221656.0
2020-12-25,134478272.0
2020-12-28,148960208.0
2020-12-29,154476032.0
2020-12-30,138041680.0
2020-12-31,160194080.0
2021-01-04,186621216.0
2021-01-05,196726288.0
2021-01-06,178521088.0
2021-01-07,197135648.0
2021-01-08,180837424.0
2021-01-11,183257264.0
2021-01-12,162311232.0
2021-01-13,184913424.0
2021-01-14,163023808.0
2021-01-15,138243200.0
2021-01-18,136832800.0
2021-01-19,147616720.0
2021-01-20,128525432.0
2021-01-21,156809584.0
2021-01-22,158062304.0
2021-01-25,165623104.0
2021-01-26,143371312.0
2021-01-27,139760048.0
2021-01-28,144825408.0
2021-01-29,146041584.0
2021-02-01,137325184.0
2021-02-02,132394312.0
2021-02-03,145457152.0
2021-02-04,148861328.0
2021-02-05,135132880.0
2021-02-08,116134000.0
2021-02-09,119319112.0
2021-02-10,119042656.0
2021-02-18,166892384.0
2021-02-19,178767824.0
2021-02-22,237065584.0
2021-02-23,192656864.0
2021-02-24,173718832.0
2021-02-25,162068176.0
2021-02-26,150760208.0
2021-03-01,158608432.0
2021-03-02,165877072.0
2021-03-03,171017520.0
2021-03-04,194334624.0
2021-03-05,166504880.0
2021-03-08,168546336.0
2021-03-09,196432688.0
2021-03-10,142554272.0
2021-03-11,160814640.0
2021-03-12,175746176.0
2021-03-15,170799696.0
2021-03-16,152845984.0
2021-03-17,134840400.0
2021-03-18,140725664.0
2021-03-19,143238272.0
2021-03-22,143041440.0
2021-03-23,150964048.0
2021-03-24,147673104.0
2021-03-25,129307096.0
2021-03-26,128887608.0
2021-03-29,139633888.0
2021-03-30,134409584.0
2021-03-31,125128496.0
2021-04-01,130374816.0
2021-04-02,123938872.0
2021-04-06,111489160.0
2021-04-07,150016768.0
2021-04-08,173741280.0
2021-04-09,141306896.0
2021-04-12,155441440.0
2021-04-13,130387712.0
2021-04-14,117438216.0
2021-04-15,119776176.0
2021-04-16,126764656.0
2021-04-19,142200928.0
2021-04-20,134674528.0
2021-04-21,121051736.0
2021-04-22,124923880.0
2021-04-23,126117304.0
2021-04-26,144964144.0
2021-04-27,125894712.0
2021-04-28,117234944.0
2021-04-29,128305440.0
2021-04-30,144254240.0
2021-05-06,154141984.0
2021-05-07,177518752.0
2021-05-10,189080128.0
2021-05-11,187263616.0
2021-05-12,156490928.0
2021-05-13,159658640.0
2021-05-14,166243408.0
2021-05-17,159363760.0
2021-05-18,132505488.0
2021-05-19,135181248.0
2021-05-20,162329920.0
2021-05-21,134350688.0
2021-05-24,137226608.0
2021-05-25,144692032.0
2021-05-26,156237008.0
2021-05-27,145166672.0
2021-05-28,157318384.0
2021-05-31,146929488.0
2021-06-01,161091952.0
2021-06-02,157365312.0
2021-06-03,154885696.0
2021-06-04,137866400.0
2021-06-07,140560896.0
2021-06-08,138684944.0
2021-06-09,136511040.0
2021-06-10,154280960.0
2021-06-11,169569600.0
2021-06-15,152209248.0
2021-06-16,136807872.0
2021-06-17,124492560.0
2021-06-18,138022576.0
2021-06-21,143031168.0
2021-06-22,146543504.0
2021-06-23,155309616.0
2021-06-24,145046528.0
2021-06-25,151485664.0
2021-06-28,145504048.0
2021-06-29,136625728.0
2021-06-30,125406160.0
2021-07-01,138350816.0
2021-07-02,136472288.0
2021-07-05,134734720.0
2021-07-06,145017952.0
2021-07-07,147646944.0
2021-07-08,159564544.0
2021-07-09,166107008.0
2021-07-12,193561040.0
2021-07-13,179620848.0
2021-07-14,171735456.0
2021-07-15,173221104.0
2021-07-16,184907856.0
2021-07-19,169734816.0
2021-07-20,140140624.0
2021-07-21,163009264.0
2021-07-22,190233312.0
2021-07-23,225079072.0
2021-07-26,208197232.0
2021-07-27,228614336.0
2021-07-28,197267168.0
2021-07-29,171017888.0
2021-07-30,189711728.0
2021-08-02,206205168.0
2021-08-03,194189440.0
2021-08-04,174064352.0
2021-08-05,179371888.0
2021-08-06,172356912.0
2021-08-09,173833376.0
2021-08-10,173087968.0
2021-08-11,188357904.0
2021-08-12,194079120.0
2021-08-13,192190608.0
2021-08-16,188178880.0
2021-08-17,201936368.0
2021-08-18,175367328.0
2021-08-19,171813584.0
2021-08-20,175627136.0
2021-08-23,189456608.0
2021-08-24,202726896.0
2021-08-25,198126896.0
2021-08-26,230176192.0
2021-08-27,223830464.0
2021-08-30,250649152.0
2021-08-31,245108336.0
2021-09-01,295520128.0
2021-09-02,253411696.0
2021-09-03,288801248.0
2021-09-06,255875152.0
2021-09-07,260727536.0
2021-09-08,272847808.0
2021-09-09,287204064.0
2021-09-10,293468640.0
2021-09-13,263618608.0
2021-09-14,271501504.0
2021-09-15,233398416.0
2021-09-16,267649776.0
2021-09-17,233604224.0
2021-09-22,196794528.0
2021-09-23,241158688.0
2021-09-24,231715584.0
2021-09-27,239542400.0
2021-09-28,202800560.0
2021-09-29,210570704.0
2021-09-30,202482608.0
2021-10-08,205467712.0
2021-10-11,195420832.0
2021-10-12,201666720.0
2021-10-13,162604656.0
2021-10-14,154764672.0
2021-10-15,174108336.0
2021-10-18,175627008.0
2021-10-19,168135760.0
2021-10-20,170511344.0
2021-10-21,167971968.0
2021-10-22,171615152.0
2021-10-25,159004608.0
2021-10-26,175032208.0
2021-10-27,179020880.0
2021-10-28,188075344.0
2021-10-29,170779536.0
2021-11-01,184142992.0
2021-11-02,196114720.0
2021-11-03,150814656.0
2021-11-04,152652048.0
2021-11-05,177241392.0
2021-11-08,146360864.0
2021-11-09,141696848.0
2021-11-10,162138352.0
2021-11-11,165400688.0
2021-11-12,168513424.0
2021-11-15,161148208.0
2021-11-16,162370320.0
2021-11-17,140347104.0
2021-11-18,162714864.0
2021-11-19,178185856.0
2021-11-22,180522480.0
2021-11-23,189595040.0
2021-11-24,177674080.0
2021-11-25,164068096.0
2021-11-26,159423136.0
2021-11-29,166941408.0
2021-11-30,186336160.0
2021-12-01,171806288.0
2021-12-02,176555552.0
2021-12-03,186222736.0
2021-12-06,213069952.0
2021-12-07,192243856.0
2021-12-08,169280448.0
2021-12-09,196087168.0
2021-12-10,187230688.0
2021-12-13,185363056.0
2021-12-14,159583760.0
2021-12-15,159923920.0
2021-12-16,177690336.0
2021-12-17,196265344.0
2021-12-20,181727856.0
2021-12-21,176216752.0
2021-12-22,174117184.0
2021-12-23,169131760.0
2021-12-24,169418704.0
2021-12-27,148618784.0
2021-12-28,143262048.0
2021-12-29,136209552.0
2021-12-30,141651104.0
2021-12-31,149909008.0
2022-01-04,200810016.0
2022-01-05,194002400.0
2022-01-06,173335760.0
2022-01-07,200018016.0
2022-01-10,165748880.0
2022-01-11,169494560.0
2022-01-12,156051488.0
2022-01-13,169148960.0
2022-01-14,175591200.0
2022-01-17,161779712.0
2022-01-18,179235392.0
2022-01-19,163178368.0
2022-01-20,168666288.0
2022-01-21,144679792.0
2022-01-24,122679568.0
2022-01-25,150337248.0
2022-01-26,120615312.0
2022-01-27,125243760.0
2022-01-28,127088816.0
2022-02-07,145092624.0
2022-02-08,159598576.0
2022-02-09,162822720.0
2022-02-10,154916560.0
2022-02-11,159801360.0
2022-02-14,137082464.0
2022-02-15,112805760.0
2022-02-16,108414000.0
2022-02-17,122985088.0
2022-02-18,139952640.0
2022-02-21,145146320.0
2022-02-22,148609920.0
2022-02-23,144116624.0
2022-02-24,210849760.0
2022-02-25,156429136.0
2022-02-28,139601392.0
2022-03-01,137717216.0
2022-03-02,137114976.0
2022-03-03,189091776.0
2022-03-04,177411888.0
2022-03-07,166484592.0
2022-03-08,186296080.0
2022-03-09,197802736.0
2022-03-10,153152352.0
2022-03-11,152114496.0
2022-03-14,137954000.0
2022-03-15,194713744.0
2022-03-16,178826848.0
2022-03-17,170438544.0
2022-03-18,152620208.0
2022-03-21,159653728.0
2022-03-22,151107872.0
2022-03-23,143179360.0
2022-03-24,137749088.0
2022-03-25,134972256.0
2022-03-28,144857888.0
2022-03-29,141362128.0
2022-03-30,164014576.0
2022-03-31,176903952.0
2022-04-01,175128592.0
2022-04-06,196853584.0
2022-04-07,190762192.0
2022-04-08,183954896.0
2022-04-11,178384816.0
2022-04-12,173180192.0
2022-04-13,167043056.0
2022-04-14,159033104.0
2022-04-15,184627008.0
2022-04-18,149186384.0
2022-04-19,141997536.0
2022-04-20,151055600.0
2022-04-21,157854512.0
2022-04-22,139997600.0
2022-04-25,186753472.0
2022-04-26,171299440.0
2022-04-27,179693376.0
2022-04-28,155039776.0
2022-04-29,181289504.0
2022-05-05,168643200.0
2022-05-06,152993344.0
2022-05-09,131553928.0
2022-05-10,165329616.0
2022-05-11,185163632.0
2022-05-12,139216176.0
2022-05-13,136559776.0
2022-05-16,151387280.0
2022-05-17,130829392.0
2022-05-18,127243848.0
2022-05-19,136623744.0
2022-05-20,165727328.0
2022-05-23,153876016.0
2022-05-24,177540832.0
2022-05-25,143590640.0
2022-05-26,162350368.0
2022-05-27,143406864.0
2022-05-30,133852648.0
2022-05-31,155944912.0
2022-06-01,155365776.0
2022-06-02,159571680.0
2022-06-06,182679968.0
2022-06-07,177311712.0
2022-06-08,186428864.0
2022-06-09,172129776.0
2022-06-10,192541344.0
2022-06-13,188132400.0
2022-06-14,197403168.0
2022-06-15,238140768.0
2022-06-16,194615088.0
2022-06-17,167859136.0
2022-06-20,175207152.0
2022-06-21,164461632.0
2022-06-22,154094320.0
2022-06-23,168266048.0
2022-06-24,157712704.0
2022-06-27,168918192.0
2022-06-28,170582704.0
2022-06-29,190728304.0
2022-06-30,163846768.0
2022-07-01,144204640.0
2022-07-04,157819968.0
2022-07-05,186625472.0
2022-07-06,177104496.0
2022-07-07,157351120.0
2022-07-08,150986704.0
2022-07-11,151993664.0
2022-07-12,144513088.0
2022-07-13,142710720.0
2022-07-14,140354048.0
2022-07-15,158386832.0
2022-07-18,159144624.0
2022-07-19,146384784.0
2022-07-20,142932576.0
2022-07-21,148210176.0
2022-07-22,130620672.0
2022-07-25,129458032.0
2022-07-26,117276544.0
2022-07-27,120435128.0
2022-07-28,138473424.0
2022-07-29,137925792.0
2022-08-01,128679008.0
2022-08-02,182902544.0
2022-08-03,147213408.0
2022-08-04,113646384.0
2022-08-05,124284448.0
2022-08-08,116132936.0
2022-08-09,116966656.0
2022-08-10,118899928.0
2022-08-11,142038288.0
2022-08-12,140399920.0
2022-08-15,133627480.0
2022-08-16,135841488.0
2022-08-17,146220320.0
2022-08-18,130451760.0
2022-08-19,142590848.0
2022-08-22,133735504.0
2022-08-23,133676376.0
2022-08-24,158103872.0
2022-08-25,141946368.0
2022-08-26,130405840.0
2022-08-29,125268848.0
2022-08-30,132109200.0
2022-08-31,147275408.0
2022-09-01,118575056.0
2022-09-02,106564384.0
2022-09-05,117479248.0
2022-09-06,129846040.0
2022-09-07,120160288.0
2022-09-08,116164272.0
2022-09-09,121389232.0
2022-09-13,118106312.0
2022-09-14,109121160.0
2022-09-15,141643504.0
2022-09-16,137172112.0
2022-09-19,104025408.0
2022-09-20,88813000.0
2022-09-21,103463648.0
2022-09-22,99867600.0
2022-09-23,100609440.0
2022-09-26,103244360.0
2022-09-27,97418024.0
2022-09-28,93694856.0
2022-09-29,95385800.0
2022-09-30,85545168.0
2022-10-10,97469344.0
2022-10-11,86571472.0
2022-10-12,106101760.0
2022-10-13,105722272.0
2022-10-14,118212248.0
2022-10-17,111461872.0
2022-10-18,105750192.0
2022-10-19,93881064.0
2022-10-20,103388248.0
2022-10-21,96826296.0
2022-10-24,119501080.0
2022-10-25,107045856.0
2022-10-26,116530080.0
2022-10-27,117088216.0
2022-10-28,131676336.0
2022-10-31,127016064.0
2022-11-01,136616768.0
2022-11-02,142330288.0
2022-11-03,106386904.0
2022-11-04,138707104.0
2022-11-07,138092416.0
2022-11-08,108267528.0
2022-11-09,104762248.0
2022-11-10,116401928.0
2022-11-11,176492128.0
2022-11-14,159486720.0
2022-11-15,149860960.0
2022-11-16,129770376.0
2022-11-17,123430192.0
2022-11-18,131181096.0
2022-11-21,112854384.0
2022-11-22,116086024.0
2022-11-23,115193520.0
2022-11-24,100200696.0
2022-11-25,107742344.0
2022-11-28,117940104.0
2022-11-29,155324464.0
2022-11-30,154647968.0
2022-12-01,152523328.0
2022-12-02,115500976.0
2022-12-05,170477216.0
2022-12-06,149372816.0
2022-12-07,137821248.0
2022-12-08,131051328.0
2022-12-09,167806832.0
2022-12-12,134098312.0
2022-12-13,104857512.0
2022-12-14,95089920.0
2022-12-15,88190456.0
2022-12-16,93910672.0
2022-12-19,105106200.0
2022-12-20,78623272.0
2022-12-21,69783432.0
2022-12-22,82231872.0
2022-12-23,66556864.0
2022-12-26,75424136.0
2022-12-27,81780424.0
2022-12-28,90098896.0
2022-12-29,79510792.0
2022-12-30,75345032.0
2023-01-03,99557840.0
2023-01-04,97160440.0
2023-01-05,96629976.0
2023-01-06,99244880.0
2023-01-09,100696832.0
2023-01-10,96393352.0
2023-01-11,94406392.0
2023-01-12,92900128.0
2023-01-13,90025024.0
2023-01-16,129619728.0
2023-01-17,95921696.0
2023-01-18,94555840.0
2023-01-19,99777792.0
2023-01-20,113904544.0
2023-01-30,146517920.0
2023-01-31,135302096.0
2023-02-01,152442224.0
2023-02-02,149292816.0
2023-02-03,121507184.0
2023-02-06,108485312.0
2023-02-07,109662680.0
2023-02-08,105994896.0
2023-02-09,109031120.0
2023-02-10,120100832.0
2023-02-13,131566224.0
2023-02-14,124674392.0
2023-02-15,115907024.0
2023-02-16,168388416.0
2023-02-17,117210984.0
2023-02-20,140334080.0
2023-02-21,141824720.0
2023-02-22,109083032.0
2023-02-23,116064656.0
2023-02-24,96957280.0
2023-02-27,101082736.0
2023-02-28,96603160.0
2023-03-01,123907640.0
2023-03-02,125349296.0
2023-03-03,123234776.0
2023-03-06,126845632.0
2023-03-07,137928864.0
2023-03-08,98698360.0
2023-03-09,92688912.0
2023-03-10,108052288.0
2023-03-13,108006552.0
2023-03-14,121200144.0
2023-03-15,112948528.0
2023-03-16,127632688.0
2023-03-17,137108336.0
2023-03-20,145580896.0
2023-03-21,123025328.0
2023-03-22,128266384.0
2023-03-23,129179648.0
2023-03-24,141020992.0
2023-03-27,144664864.0
2023-03-28,139156096.0
2023-03-29,131548288.0
2023-03-30,123218600.0
2023-03-31,129489832.0
2023-04-03,163921056.0
2023-04-04,157491760.0
2023-04-06,144064448.0
2023-04-07,127964624.0
2023-04-10,145134192.0
2023-04-11,142399104.0
2023-04-12,149447952.0
2023-04-13,156199568.0
2023-04-14,145300672.0
2023-04-17,168823072.0
2023-04-18,143471344.0
2023-04-19,148699776.0
2023-04-20,150501296.0
2023-04-21,162313296.0
2023-04-24,147694848.0
2023-04-25,162459280.0
2023-04-26,152166352.0
2023-04-27,143136112.0
2023-04-28,167876480.0
2023-05-04,202487968.0
2023-05-05,178261024.0
2023-05-08,202718256.0
2023-05-09,224389472.0
2023-05-10,175453728.0
2023-05-11,146064944.0
2023-05-12,140410656.0
2023-05-15,149843584.0
2023-05-16,121841120.0
2023-05-17,107266352.0
2023-05-18,122942112.0
2023-05-19,119304896.0
2023-05-22,112715680.0
2023-05-23,111104240.0
2023-05-24,107223416.0
2023-05-25,109922832.0
2023-05-26,106381584.0
2023-05-29,125139416.0
2023-05-30,127312016.0
2023-05-31,117476104.0
2023-06-01,126250312.0
2023-06-02,122306736.0
2023-06-05,115747952.0
2023-06-06,123045384.0
2023-06-07,93597888.0
2023-06-08,108981632.0
2023-06-09,127553432.0
2023-06-12,113612472.0
2023-06-13,98680296.0
2023-06-14,109689024.0
2023-06-15,118417736.0
2023-06-16,115349568.0
2023-06-19,113787208.0
2023-06-20,106630832.0
2023-06-21,106447768.0
2023-06-26,111081792.0
2023-06-27,93039152.0
2023-06-28,93944304.0
2023-06-29,88376856.0
2023-06-30,94504672.0
2023-07-03,113075904.0
2023-07-04,105583768.0
2023-07-05,104129040.0
2023-07-06,93965040.0
2023-07-07,94118344.0
2023-07-10,85168560.0
2023-07-11,84531896.0
2023-07-12,96692240.0
2023-07-13,99656400.0
2023-07-14,94963200.0
2023-07-17,88420208.0
2023-07-18,87719912.0
2023-07-19,77791032.0
2023-07-20,91195368.0
2023-07-21,81975304.0
2023-07-24,75928000.0
2023-07-25,131896392.0
2023-07-26,121825216.0
2023-07-27,123000824.0
2023-07-28,163171872.0
2023-07-31,186551104.0
2023-08-01,187588608.0
2023-08-02,147154528.0
2023-08-03,146479008.0
2023-08-04,196943504.0
2023-08-07,145319136.0
2023-08-08,121545728.0
2023-08-09,98809176.0
2023-08-10,99842640.0
2023-08-11,113072008.0
2023-08-14,103675704.0
2023-08-15,92417384.0
2023-08-16,104950424.0
2023-08-17,113576384.0
2023-08-18,102931848.0
2023-08-21,92835696.0
2023-08-22,106175192.0
2023-08-23,94186728.0
2023-08-24,108086768.0
2023-08-25,106241600.0
2023-08-28,185745616.0
2023-08-29,160851888.0
2023-08-30,136004384.0
2023-08-31,116335136.0
2023-09-01,104179104.0
2023-09-04,135648880.0
2023-09-05,106517656.0
2023-09-06,90480504.0
2023-09-07,92920520.0
2023-09-08,79520032.0
2023-09-11,112837136.0
2023-09-12,86041208.0
2023-09-13,91472472.0
2023-09-14,90247792.0
2023-09-15,98375968.0
2023-09-18,92305720.0
2023-09-19,85112104.0
2023-09-20,77634160.0
2023-09-21,81931512.0
2023-09-22,104118984.0
2023-09-25,93340720.0
2023-09-26,74309616.0
2023-09-27,81086240.0
2023-09-28,79477336.0
2023-10-09,90029840.0
2023-10-10,87726424.0
2023-10-11,90644824.0
2023-10-12,100502984.0
2023-10-13,89391704.0
2023-10-16,89867552.0
2023-10-17,92516736.0
2023-10-18,98953560.0
2023-10-19,108078336.0
2023-10-20,94936112.0
2023-10-23,103083128.0
2023-10-24,114745728.0
2023-10-25,114921248.0
2023-10-26,102485040.0
2023-10-27,112542800.0
2023-10-30,123034184.0
2023-10-31,105679376.0
2023-11-01,87185784.0
2023-11-02,90202648.0
2023-11-03,97990576.0
2023-11-06,139241040.0
2023-11-07,120579320.0
2023-11-08,122994560.0
2023-11-09,106362800.0
2023-11-10,94324024.0
2023-11-13,102158928.0
2023-11-14,101073136.0
2023-11-15,113087936.0
2023-11-16,94662680.0
2023-11-17,89422344.0
2023-11-20,103105072.0
2023-11-21,114861208.0
2023-11-22,104718408.0
2023-11-23,98042432.0
2023-11-24,101248048.0
2023-11-27,98218656.0
2023-11-28,89373272.0
2023-11-29,89509152.0
2023-11-30,87841504.0
2023-12-01,93371712.0
2023-12-04,99306544.0
2023-12-05,91298248.0
2023-12-06,88374000.0
2023-12-07,89048688.0
2023-12-08,118123776.0
2023-12-11,118605912.0
2023-12-12,84232328.0
2023-12-13,75929896.0
2023-12-14,74118096.0
2023-12-15,80125416.0
2023-12-18,78022496.0
2023-12-19,70323720.0
2023-12-20,75387096.0
2023-12-21,81522320.0
2023-12-22,90387008.0
2023-12-25,65918772.0
2023-12-26,67532008.0
2023-12-27,75397920.0
2023-12-28,107699240.0
2023-12-29,90931768.0
2024-01-02,92964744.0
2024-01-03,86705232.0
2024-01-04,78846568.0
2024-01-05,89538880.0
2024-01-08,83785152.0
2024-01-09,78740416.0
2024-01-10,71173944.0
2024-01-11,85041296.0
2024-01-12,76619832.0
2024-01-15,73925096.0
2024-01-16,83070368.0
2024-01-17,78741848.0
2024-01-18,118751056.0
2024-01-19,78467384.0
2024-01-22,109708496.0
2024-01-23,99944720.0
2024-01-24,114025808.0
2024-01-25,132307768.0
2024-01-26,117009840.0
2024-01-29,116876656.0
2024-01-30,99675808.0
2024-01-31,121093160.0
2024-02-01,111471912.0
2024-02-02,137501824.0
2024-02-05,165958336.0
2024-02-06,173058336.0
2024-02-07,227198928.0
2024-02-08,213676128.0
2024-02-19,162949888.0
2024-02-20,121646376.0
2024-02-21,150872496.0
2024-02-22,116614808.0
2024-02-23,135265008.0
2024-02-26,144018944.0
2024-02-27,138971744.0
2024-02-28,202560992.0
2024-02-29,160790160.0
2024-03-01,142298400.0
2024-03-04,143928464.0
2024-03-05,140816480.0
2024-03-06,121099568.0
2024-03-07,139831344.0
2024-03-08,121467976.0
2024-03-11,142981728.0
2024-03-12,147072544.0
2024-03-13,129746304.0
2024-03-14,131887360.0
2024-03-15,136405024.0
2024-03-18,159862640.0
2024-03-19,146777248.0
2024-03-20,126273264.0
2024-03-21,129489456.0
2024-03-22,137096032.0
2024-03-25,130778256.0
2024-03-26,116468112.0
2024-03-27,110107144.0
2024-03-28,116318192.0
2024-03-29,109047152.0
2024-04-01,136734848.0
2024-04-02,132148640.0
2024-04-03,133628056.0
2024-04-08,148588560.0
2024-04-09,113300744.0
2024-04-10,117908616.0
2024-04-11,127745144.0
2024-04-12,118524936.0
2024-04-15,159217632.0
2024-04-16,162583968.0
2024-04-17,147594560.0
2024-04-18,153497680.0
2024-04-19,142134208.0
2024-04-22,135266880.0
2024-04-23,125801120.0
2024-04-24,117297216.0
2024-04-25,110833928.0
2024-04-26,173777696.0
2024-04-29,190936048.0
2024-04-30,162797344.0
2024-05-06,165791632.0
2024-05-07,136535408.0
2024-05-08,123955624.0
2024-05-09,131121232.0
2024-05-10,128688032.0
2024-05-13,131627584.0
2024-05-14,118994400.0
2024-05-15,110124992.0
2024-05-16,122108120.0
2024-05-17,126916168.0
2024-05-20,144971456.0
2024-05-21,108691192.0
2024-05-22,113057784.0
2024-05-23,126657568.0
2024-05-24,106564176.0
2024-05-27,115643232.0
2024-05-28,110965376.0
2024-05-29,104361264.0
2024-05-30,107350184.0
2024-05-31,104151144.0
2024-06-03,126968512.0
2024-06-04,108083144.0
2024-06-05,105792760.0
2024-06-06,133368232.0
2024-06-07,113527480.0
2024-06-11,116437120.0
2024-06-12,103065568.0
2024-06-13,118232768.0
2024-06-14,133998624.0
2024-06-17,107970664.0
2024-06-18,94090904.0
2024-06-19,87849592.0
2024-06-20,95609000.0
2024-06-21,83838904.0
2024-06-24,100186648.0
2024-06-25,91636776.0
2024-06-26,93394624.0
2024-06-27,88537184.0
2024-06-28,106308344.0
2024-07-01,97312792.0
2024-07-02,96209336.0
2024-07-03,84528328.0
2024-07-04,91008464.0
2024-07-05,83133280.0
2024-07-08,90254496.0
2024-07-09,111401968.0
2024-07-10,100953184.0
2024-07-11,115275496.0
2024-07-12,97175104.0
2024-07-15,86824312.0
2024-07-16,87267976.0
2024-07-17,96909544.0
2024-07-18,96654752.0
2024-07-19,93290744.0
2024-07-22,92710456.0
2024-07-23,102403712.0
2024-07-24,112674632.0
2024-07-25,88600072.0
2024-07-26,86472048.0
2024-07-29,81102040.0
2024-07-30,83353384.0
2024-07-31,143180912.0
2024-08-01,113213392.0
2024-08-02,98529840.0
2024-08-05,113338144.0
2024-08-06,107774768.0
2024-08-07,96989480.0
2024-08-08,104309256.0
2024-08-09,108819584.0
2024-08-12,89100832.0
2024-08-13,81365176.0
2024-08-14,74588032.0
2024-08-15,90973296.0
2024-08-16,87379584.0
2024-08-19,87136864.0
2024-08-20,91846144.0
2024-08-21,83526912.0
2024-08-22,85856864.0
2024-08-23,75778368.0
2024-08-26,87118296.0
2024-08-27,82529208.0
2024-08-28,82681200.0
2024-08-29,103115560.0
2024-08-30,151593360.0
2024-09-02,126368520.0
2024-09-03,98589688.0
2024-09-04,92435688.0
2024-09-05,80583720.0
2024-09-06,90147600.0
2024-09-09,91944608.0
2024-09-10,98529544.0
2024-09-11,85206840.0
2024-09-12,86654304.0
2024-09-13,92533760.0
2024-09-18,90989680.0
2024-09-19,115611872.0
2024-09-20,94312048.0
2024-09-23,89935224.0
2024-09-24,177144704.0
2024-09-25,204593520.0
2024-09-26,229930320.0
2024-09-27,230177504.0
2024-09-30,388703200.0
2024-10-08,493546432.0
2024-10-09,431156416.0
2024-10-10,353480256.0
2024-10-11,244383376.0
2024-10-14,250608544.0
2024-10-15,238997024.0
2024-10-16,205450928.0
2024-10-17,202768688.0
2024-10-18,287114208.0
2024-10-21,266885184.0
2024-10-22,237023616.0
2024-10-23,273412640.0
2024-10-24,207690048.0
2024-10-25,236725712.0
2024-10-28,270653792.0
2024-10-29,275371136.0
2024-10-30,252021280.0
2024-10-31,313549216.0
2024-11-01,369840640.0
2024-11-04,286552288.0
2024-11-05,366344480.0
2024-11-06,415187744.0
2024-11-07,418413312.0
2024-11-08,385648352.0
2024-11-11,334096928.0
2024-11-12,332856928.0
2024-11-13,260400672.0
2024-11-14,239743136.0
2024-11-15,236226048.0
2024-11-18,282527232.0
2024-11-19,241404208.0
2024-11-20,217345216.0
2024-11-21,206198944.0
2024-11-22,225066736.0
2024-11-25,186005056.0
2024-11-26,147562864.0
2024-11-27,175313296.0
2024-11-28,172183536.0
2024-11-29,204255552.0
2024-12-02,236181312.0
2024-12-03,209870512.0
2024-12-04,215991632.0
2024-12-05,198542240.0
2024-12-06,265329536.0
2024-12-09,284462208.0
2024-12-10,320527808.0
2024-12-11,253883936.0
2024-12-12,243653696.0
2024-12-13,286328192.0
2024-12-16,214647440.0
2024-12-17,193108544.0
2024-12-18,187996288.0
2024-12-19,196531200.0
2024-12-20,178090400.0
2024-12-23,177315488.0
2024-12-24,167365824.0
2024-12-25,157279136.0
2024-12-26,145319440.0
2024-12-27,179085504.0
2024-12-30,155565584.0
2024-12-31,182158848.0
2025-01-02,193763152.0
2025-01-03,174077312.0
2025-01-06,146265664.0
2025-01-07,145065280.0
2025-01-08,163849920.0
2025-01-09,129832624.0
2025-01-10,130179552.0
2025-01-13,119682936.0
2025-01-14,172142864.0
2025-01-15,138393248.0
2025-01-16,149318080.0
2025-01-17,126691176.0
2025-01-20,135712512.0
2025-01-21,126491296.0
2025-01-22,115374992.0
2025-01-23,163419984.0
2025-01-24,139438064.0
2025-01-27,136546048.0
2025-02-05,155674144.0
2025-02-06,181428192.0
2025-02-07,232718864.0
2025-02-10,209300912.0
2025-02-11,181920512.0
2025-02-12,195446160.0
2025-02-13,228281840.0
2025-02-14,211914256.0
2025-02-17,233901696.0
2025-02-18,214941488.0
2025-02-19,205298304.0
2025-02-20,198207408.0
2025-02-21,252317120.0
2025-02-24,243813792.0
2025-02-25,206833952.0
2025-02-26,210860896.0
2025-02-27,216652928.0
2025-02-28,205223808.0
2025-03-03,185024576.0
2025-03-04,153922208.0
2025-03-05,163071504.0
2025-03-06,213042848.0
2025-03-07,207437152.0
2025-03-10,173044336.0
2025-03-11,173855648.0
2025-03-12,184763536.0
2025-03-13,193710720.0
2025-03-14,219245840.0
2025-03-17,184317280.0
2025-03-18,166023040.0
2025-03-19,153893776.0
2025-03-20,147187872.0
2025-03-21,174103792.0
2025-03-24,169192432.0
2025-03-25,147483952.0
2025-03-26,136702112.0
2025-03-27,134708896.0
2025-03-28,134261920.0
2025-03-31,154256096.0
2025-04-01,136448608.0
2025-04-02,112159960.0
2025-04-03,134938624.0
2025-04-07,236522656.0
2025-04-08,223840672.0
2025-04-09,245118032.0
2025-04-10,211963040.0
2025-04-11,164411664.0
2025-04-14,155487072.0
2025-04-15,123273712.0
2025-04-16,132537224.0
2025-04-17,113652384.0
2025-04-18,111644256.0
2025-04-21,123111880.0
2025-04-22,124666688.0
2025-04-23,127007760.0
2025-04-24,122696696.0
2025-04-25,140000800.0
2025-04-28,136218096.0
2025-04-29,126742928.0
2025-04-30,138386624.0
2025-05-06,162773600.0
2025-05-07,171011760.0
2025-05-08,136140320.0
2025-05-09,123939008.0
2025-05-12,135824368.0
2025-05-13,138271088.0
2025-05-14,156280000.0
2025-05-15,135160768.0
2025-05-16,116709136.0
2025-05-19,115384936.0
2025-05-20,116896616.0
2025-05-21,115804544.0
2025-05-22,109057720.0
2025-05-23,114361200.0
2025-05-26,97170992.0
2025-05-27,95149360.0
2025-05-28,94908880.0
2025-05-29,114682480.0
2025-05-30,109900704.0
2025-06-03,122853904.0
2025-06-04,116196080.0
2025-06-05,125223584.0
2025-06-06,108217664.0
2025-06-09,128188616.0
2025-06-10,138269184.0
2025-06-11,123716704.0
2025-06-12,125615848.0
2025-06-13,167613376.0
2025-06-16,128242656.0
2025-06-17,121526624.0
2025-06-18,112703840.0
2025-06-19,125531136.0
2025-06-20,101794768.0
2025-06-23,111601800.0
2025-06-24,142082256.0
2025-06-25,184632304.0
2025-06-26,180164160.0
2025-06-27,199389728.0
2025-06-30,166275152.0
2025-07-01,154192368.0
2025-07-02,162500480.0
2025-07-03,130070048.0
2025-07-04,164941056.0
2025-07-07,137207360.0
2025-07-08,168681136.0
2025-07-09,164914400.0
2025-07-10,176242608.0
2025-07-11,222363104.0
2025-07-14,189277440.0
2025-07-15,189736240.0
2025-07-16,148610064.0
2025-07-17,149692656.0
2025-07-18,153152208.0
2025-07-21,207350512.0
2025-07-22,246211648.0
2025-07-23,258377888.0
2025-07-24,268355568.0
2025-07-25,237055328.0
2025-07-28,214448272.0
2025-07-29,201757632.0
2025-07-30,212128416.0
2025-07-31,224214240.0
2025-08-01,165907184.0
2025-08-04,148591488.0
2025-08-05,154206672.0
2025-08-06,166027632.0
2025-08-07,170446400.0
2025-08-08,172507520.0
2025-08-11,174909200.0
2025-08-12,168351920.0
2025-08-13,216022416.0
2025-08-14,228953168.0
2025-08-15,245217248.0
2025-08-18,302448224.0
2025-08-19,252839280.0
2025-08-20,244233904.0
2025-08-21,242540160.0
2025-08-22,256783824.0
2025-08-25,333828960.0
2025-08-26,281532384.0
2025-08-27,328060192.0
2025-08-28,308061792.0
2025-08-29,280915808.0
2025-09-01,285908320.0
2025-09-02,294036544.0
2025-09-03,259083264.0
2025-09-04,270341888.0
2025-09-05,240857456.0
2025-09-08,244174304.0
2025-09-09,225843552.0
2025-09-10,189922864.0
2025-09-11,243951056.0
2025-09-12,266567504.0
2025-09-15,238265728.0
2025-09-16,242349184.0
2025-09-17,258264448.0
2025-09-18,348589536.0
2025-09-19,271507200.0
2025-09-22,231858064.0
2025-09-23,281283648.0
2025-09-24,240064944.0
2025-09-25,236175024.0
2025-09-26,211444144.0
2025-09-29,233539424.0
2025-09-30,220707504.0
2025-10-09,283130784.0
2025-10-10,262256640.0
2025-10-13,258027824.0
2025-10-14,277358880.0
2025-10-15,217559776.0
2025-10-16,194936368.0
2025-10-17,200044112.0
2025-10-20,176834192.0
2025-10-21,205973824.0
2025-10-22,169743248.0
2025-10-23,188933728.0
2025-10-24,195323936.0
2025-10-27,232051824.0
2025-10-28,202118464.0
2025-10-29,223844128.0
2025-10-30,243412032.0
2025-10-31,232041680.0
2025-11-03,221687056.0
2025-11-04,193325840.0
2025-11-05,195580240.0
2025-11-06,201722960.0
2025-11-07,192920576.0
2025-11-10,204501328.0
2025-11-11,191660320.0
2025-11-12,185507008.0
2025-11-13,199890224.0
2025-11-14,205864912.0
2025-11-17,203050608.0
2025-11-18,202214128.0
2025-11-19,162786608.0
2025-11-20,159618752.0
2025-11-21,208933376.0
2025-11-24,166363920.0
2025-11-25,162712528.0
2025-11-26,148943520.0
2025-11-27,137841104.0
2025-11-28,140211184.0
2025-12-01,178973440.0
2025-12-02,149518192.0
2025-12-03,157838864.0
2025-12-04,141038336.0
2025-12-05,168738272.0
2025-12-08,192611744.0
2025-12-09,166901072.0
2025-12-10,153967824.0
2025-12-11,181848560.0
2025-12-12,198402480.0
2025-12-15,172174064.0
2025-12-16,172065872.0
2025-12-17,174413136.0
2025-12-18,154896128.0
2025-12-19,178843152.0
2025-12-22,178242880.0
2025-12-23,173476000.0
2025-12-24,168837712.0
2025-12-25,168414208.0
2025-12-26,199276880.0
2025-12-29,198844336.0
2025-12-30,196203616.0
2025-12-31,194427744.0
2026-01-05,251853856.0
2026-01-06,313125088.0
2026-01-07,293903424.0
2026-01-08,293561728.0
2026-01-09,314624672.0
2026-01-12,335236288.0
2026-01-13,364131040.0
2026-01-14,422766016.0
2026-01-15,313595840.0
2026-01-16,281979040.0
2026-01-19,261497376.0
2026-01-20,289864448.0
2026-01-21,243304384.0
2026-01-22,268805248.0
2026-01-23,319690080.0
2026-01-26,349285600.0
2026-01-27,302852608.0
2026-01-28,311774272.0
2026-01-29,354198400.0
2026-01-30,328947168.0
2026-02-02,299646016.0
2026-02-03,272227136.0
2026-02-04,268860288.0
2026-02-05,231840512.0
2026-02-06,218642144.0
2026-02-09,211667568.0
2026-02-10,195806224.0
2026-02-11,204019696.0
2026-02-12,212138320.0
2026-02-13,202785728.0
2026-02-24,224629280.0
2026-02-25,277893376.0
2026-02-26,254111760.0
2026-02-27,280361152.0
2026-03-02,339032288.0
2026-03-03,346153920.0
2026-03-04,272107712.0
2026-03-05,256343456.0
2026-03-06,234514960.0
2026-03-09,286518496.0
2026-03-10,239941360.0
2026-03-11,264487392.0
2026-03-12,282436512.0
2026-03-13,288130976.0
