,中证500
2005-01-04,132918.7
2005-01-05,191986.17
2005-01-06,162921.59
2005-01-07,190653.06
2005-01-10,165021.89
2005-01-11,177849.8
2005-01-12,182563.86
2005-01-13,271682.75
2005-01-14,228463.88
2005-01-17,241865.38
2005-01-18,252366.95
2005-01-19,230456.91
2005-01-20,258899.25
2005-01-21,341234.22
2005-01-24,410582.88
2005-01-25,265118.66
2005-01-26,223862.86
2005-01-27,221482.27
2005-01-28,210603.73
2005-01-31,205893.75
2005-02-01,207659.92
2005-02-02,352282.59
2005-02-03,347652.66
2005-02-04,287428.47
2005-02-16,255529.03
2005-02-17,208188.55
2005-02-18,213489.89
2005-02-21,256857.67
2005-02-22,532830.63
2005-02-23,582277.19
2005-02-24,487467.53
2005-02-25,560838.94
2005-02-28,417460.91
2005-03-01,380321.19
2005-03-02,419782.0
2005-03-03,299152.59
2005-03-04,255159.89
2005-03-07,259551.33
2005-03-08,450217.72
2005-03-09,501263.38
2005-03-10,425948.34
2005-03-11,368141.34
2005-03-14,483884.97
2005-03-15,404942.91
2005-03-16,319920.34
2005-03-17,317891.06
2005-03-18,312354.88
2005-03-21,250243.56
2005-03-22,328372.31
2005-03-23,312209.06
2005-03-24,251067.63
2005-03-25,227199.84
2005-03-28,215590.66
2005-03-29,199939.44
2005-03-30,245766.13
2005-03-31,204225.55
2005-04-01,366527.09
2005-04-04,289322.66
2005-04-05,239114.27
2005-04-06,383019.0
2005-04-07,534944.13
2005-04-08,435719.16
2005-04-11,474199.25
2005-04-12,324737.31
2005-04-13,449004.84
2005-04-14,379504.03
2005-04-15,345964.66
2005-04-18,257552.52
2005-04-19,242729.81
2005-04-20,259863.94
2005-04-21,313672.44
2005-04-22,313551.75
2005-04-25,287493.66
2005-04-26,291633.06
2005-04-27,297891.78
2005-04-28,377142.72
2005-04-29,289747.75
2005-05-09,206856.16
2005-05-10,236756.94
2005-05-11,227922.77
2005-05-12,222022.5
2005-05-13,239909.02
2005-05-16,201060.72
2005-05-17,218432.17
2005-05-18,198228.25
2005-05-19,217037.16
2005-05-20,194506.58
2005-05-23,180280.3
2005-05-24,197671.89
2005-05-25,220656.89
2005-05-26,210435.86
2005-05-27,181823.94
2005-05-30,162766.41
2005-05-31,176983.14
2005-06-01,192079.86
2005-06-02,209995.17
2005-06-03,184178.52
2005-06-06,197390.53
2005-06-07,311698.13
2005-06-08,661278.69
2005-06-09,708390.56
2005-06-10,461858.47
2005-06-13,314333.09
2005-06-14,321410.16
2005-06-15,261188.25
2005-06-16,246368.13
2005-06-17,254141.27
2005-06-20,369581.47
2005-06-21,292845.19
2005-06-22,222874.72
2005-06-23,236834.94
2005-06-24,186820.3
2005-06-27,444520.44
2005-06-28,267762.0
2005-06-29,239780.3
2005-06-30,248703.84
2005-07-01,280346.81
2005-07-04,246486.73
2005-07-05,195758.45
2005-07-06,184928.53
2005-07-07,168952.66
2005-07-08,207427.64
2005-07-11,211513.97
2005-07-12,292542.03
2005-07-13,253491.48
2005-07-14,223851.95
2005-07-15,237634.36
2005-07-18,186900.84
2005-07-19,166513.0
2005-07-20,177129.48
2005-07-21,194802.08
2005-07-22,387737.84
2005-07-25,242791.94
2005-07-26,376564.47
2005-07-27,388039.56
2005-07-28,437235.0
2005-07-29,281515.81
2005-08-01,255932.42
2005-08-02,355020.81
2005-08-03,555013.69
2005-08-04,362652.38
2005-08-05,553362.5
2005-08-08,700262.31
2005-08-09,610148.69
2005-08-10,658495.13
2005-08-11,729436.63
2005-08-12,782226.0
2005-08-15,591013.5
2005-08-16,720737.31
2005-08-17,751296.69
2005-08-18,956036.0
2005-08-19,615491.56
2005-08-22,416321.69
2005-08-23,397288.59
2005-08-24,384359.78
2005-08-25,446761.22
2005-08-26,507129.03
2005-08-29,451919.25
2005-08-30,404123.41
2005-08-31,492341.25
2005-09-01,743882.69
2005-09-02,686094.31
2005-09-05,568803.69
2005-09-06,768009.38
2005-09-07,642721.56
2005-09-08,686774.63
2005-09-09,492312.84
2005-09-12,353695.19
2005-09-13,585569.06
2005-09-14,782440.44
2005-09-15,648899.0
2005-09-16,524718.5
2005-09-19,569153.56
2005-09-20,765783.06
2005-09-21,722651.31
2005-09-22,667195.19
2005-09-23,467686.56
2005-09-26,338851.88
2005-09-27,422467.47
2005-09-28,355705.88
2005-09-29,425737.91
2005-09-30,371877.34
2005-10-10,295125.28
2005-10-11,379536.25
2005-10-12,485025.28
2005-10-13,425238.97
2005-10-14,396401.44
2005-10-17,378437.28
2005-10-18,492530.59
2005-10-19,472147.97
2005-10-20,482530.41
2005-10-21,501631.78
2005-10-24,421411.22
2005-10-25,408395.03
2005-10-26,438974.0
2005-10-27,375292.19
2005-10-28,398040.97
2005-10-31,296299.28
2005-11-01,312553.34
2005-11-02,404077.59
2005-11-03,342688.84
2005-11-04,310491.47
2005-11-07,282136.38
2005-11-08,330326.53
2005-11-09,357189.59
2005-11-10,391475.25
2005-11-11,280846.91
2005-11-14,192179.95
2005-11-15,261555.56
2005-11-16,234449.36
2005-11-17,236564.09
2005-11-18,422904.63
2005-11-21,287731.84
2005-11-22,281288.59
2005-11-23,223351.81
2005-11-24,248227.97
2005-11-25,215657.22
2005-11-28,215331.84
2005-11-29,205757.28
2005-11-30,229387.22
2005-12-01,186298.41
2005-12-02,193348.48
2005-12-05,212660.0
2005-12-06,163250.81
2005-12-07,169660.33
2005-12-08,174982.52
2005-12-09,251719.61
2005-12-12,250564.3
2005-12-13,226693.25
2005-12-14,264866.38
2005-12-15,287730.13
2005-12-16,245917.77
2005-12-19,221432.7
2005-12-20,203109.7
2005-12-21,229243.34
2005-12-22,236237.52
2005-12-23,300129.41
2005-12-26,367235.06
2005-12-27,310967.66
2005-12-28,273241.53
2005-12-29,421698.94
2005-12-30,392699.31
2006-01-04,400019.81
2006-01-05,521304.44
2006-01-06,645109.38
2006-01-09,603060.25
2006-01-10,531470.31
2006-01-11,618864.31
2006-01-12,657166.44
2006-01-13,671598.0
2006-01-16,602537.44
2006-01-17,438259.03
2006-01-18,556752.13
2006-01-19,666048.81
2006-01-20,727172.31
2006-01-23,686793.19
2006-01-24,709310.38
2006-01-25,642918.63
2006-02-06,649404.19
2006-02-07,873155.19
2006-02-08,672158.25
2006-02-09,576786.88
2006-02-10,577958.63
2006-02-13,562131.0
2006-02-14,512547.59
2006-02-15,591520.69
2006-02-16,688903.63
2006-02-17,539389.44
2006-02-20,462516.59
2006-02-21,463434.56
2006-02-22,474861.25
2006-02-23,414317.44
2006-02-24,466154.81
2006-02-27,404690.41
2006-02-28,387593.25
2006-03-01,441715.5
2006-03-02,530024.0
2006-03-03,446196.44
2006-03-06,338412.25
2006-03-07,383028.06
2006-03-08,328462.0
2006-03-09,276352.16
2006-03-10,272777.03
2006-03-13,252002.25
2006-03-14,287619.91
2006-03-15,397863.28
2006-03-16,390960.09
2006-03-17,418258.59
2006-03-20,409412.0
2006-03-21,533665.81
2006-03-22,518997.25
2006-03-23,635399.5
2006-03-24,581092.38
2006-03-27,475449.34
2006-03-28,606486.44
2006-03-29,745518.31
2006-03-30,633856.56
2006-03-31,678906.56
2006-04-03,863842.44
2006-04-04,932249.5
2006-04-05,928013.5
2006-04-06,1055900.0
2006-04-07,1042700.0
2006-04-10,1022200.0
2006-04-11,1077400.0
2006-04-12,969178.44
2006-04-13,1073000.0
2006-04-14,795875.94
2006-04-17,929721.44
2006-04-18,860487.25
2006-04-19,956736.63
2006-04-20,1056100.0
2006-04-21,1082500.0
2006-04-24,1195200.0
2006-04-25,1106100.0
2006-04-26,1247300.0
2006-04-27,974581.44
2006-04-28,1099800.0
2006-05-08,1184800.0
2006-05-09,1550500.0
2006-05-10,1628100.0
2006-05-11,1983300.0
2006-05-12,1804199.88
2006-05-15,2254700.0
2006-05-16,2303000.0
2006-05-17,1859100.0
2006-05-18,1563900.0
2006-05-19,1777500.0
2006-05-22,1883199.88
2006-05-23,1735700.13
2006-05-24,1504600.0
2006-05-25,1067900.0
2006-05-26,1165000.0
2006-05-29,1309800.0
2006-05-30,1466400.0
2006-05-31,1578000.0
2006-06-01,1877400.0
2006-06-02,2165500.0
2006-06-05,1689600.0
2006-06-06,1456500.0
2006-06-07,1554500.0
2006-06-08,1273500.0
2006-06-09,1262500.0
2006-06-12,849708.06
2006-06-13,829996.5
2006-06-14,790001.5
2006-06-15,795517.56
2006-06-16,922866.5
2006-06-19,1001400.0
2006-06-20,1063700.0
2006-06-21,1091700.0
2006-06-22,943638.44
2006-06-23,961496.38
2006-06-26,1191400.0
2006-06-27,1155600.0
2006-06-28,988143.13
2006-06-29,1416100.0
2006-06-30,1423300.0
2006-07-03,1437800.0
2006-07-04,1604500.0
2006-07-05,1271700.0
2006-07-06,1503200.0
2006-07-07,1448900.0
2006-07-10,1172800.0
2006-07-11,1237100.0
2006-07-12,1508600.0
2006-07-13,1968400.0
2006-07-14,1190400.0
2006-07-17,1015100.0
2006-07-18,992921.5
2006-07-19,1057300.0
2006-07-20,858606.56
2006-07-21,853171.94
2006-07-24,890950.13
2006-07-25,989722.94
2006-07-26,954807.38
2006-07-27,1084100.0
2006-07-28,1008000.0
2006-07-31,952599.38
2006-08-01,744515.13
2006-08-02,661474.5
2006-08-03,580094.44
2006-08-04,682203.81
2006-08-07,614105.94
2006-08-08,602072.0
2006-08-09,593987.56
2006-08-10,629395.44
2006-08-11,616881.63
2006-08-14,633850.81
2006-08-15,496742.75
2006-08-16,719564.0
2006-08-17,611382.31
2006-08-18,501877.59
2006-08-21,580188.06
2006-08-22,742568.06
2006-08-23,715586.25
2006-08-24,656214.69
2006-08-25,782131.94
2006-08-28,1021900.0
2006-08-29,1285900.0
2006-08-30,837028.69
2006-08-31,958423.44
2006-09-01,970864.31
2006-09-04,889722.19
2006-09-05,1037399.94
2006-09-06,966673.44
2006-09-07,806666.0
2006-09-08,636752.31
2006-09-11,775377.69
2006-09-12,831011.0
2006-09-13,815530.31
2006-09-14,806628.94
2006-09-15,825615.69
2006-09-18,933112.5
2006-09-19,1024000.0
2006-09-20,966118.38
2006-09-21,897130.06
2006-09-22,1011000.0
2006-09-25,995485.38
2006-09-26,910011.06
2006-09-27,791435.88
2006-09-28,954227.19
2006-09-29,1094500.0
2006-10-09,1189100.0
2006-10-10,1360200.0
2006-10-11,1169600.0
2006-10-12,1217500.0
2006-10-13,979537.63
2006-10-16,977228.81
2006-10-17,910809.31
2006-10-18,850356.19
2006-10-19,1057100.0
2006-10-20,1083900.0
2006-10-23,1165900.0
2006-10-24,1024200.0
2006-10-25,1130600.0
2006-10-26,922627.88
2006-10-27,964651.63
2006-10-30,777692.81
2006-10-31,807777.19
2006-11-01,924922.19
2006-11-02,903108.81
2006-11-03,820825.31
2006-11-06,864224.06
2006-11-07,944461.75
2006-11-08,700084.0
2006-11-09,776398.31
2006-11-10,870169.31
2006-11-13,820060.44
2006-11-14,686939.31
2006-11-15,747895.94
2006-11-16,874685.94
2006-11-17,738506.81
2006-11-20,841836.0
2006-11-21,805457.69
2006-11-22,1007500.0
2006-11-23,922127.13
2006-11-24,1107400.0
2006-11-27,1156200.0
2006-11-28,1178100.0
2006-11-29,1241500.0
2006-11-30,1589000.0
2006-12-01,1638500.0
2006-12-04,1737700.0
2006-12-05,1976600.0
2006-12-06,2068300.0
2006-12-07,1819899.88
2006-12-08,1404300.0
2006-12-11,1087200.0
2006-12-12,1195000.0
2006-12-13,1128800.0
2006-12-14,1278900.0
2006-12-15,1575200.0
2006-12-18,1845000.0
2006-12-19,1924306.13
2006-12-20,1974352.25
2006-12-21,2051765.25
2006-12-22,1510416.63
2006-12-25,1508795.88
2006-12-26,1364206.5
2006-12-27,1231607.25
2006-12-28,1390811.38
2006-12-29,1463149.63
2007-01-04,1874374.25
2007-01-05,1702705.0
2007-01-08,2314432.0
2007-01-09,2495353.25
2007-01-10,2637310.5
2007-01-11,3150876.75
2007-01-12,2582160.5
2007-01-15,2371042.5
2007-01-16,3068904.75
2007-01-17,3837519.0
2007-01-18,3220821.0
2007-01-19,3695191.25
2007-01-22,4092836.75
2007-01-23,3960009.0
2007-01-24,3392871.25
2007-01-25,3217291.75
2007-01-26,2877832.75
2007-01-29,3078816.25
2007-01-30,3316310.0
2007-01-31,3282862.25
2007-02-01,2757862.0
2007-02-02,2575275.5
2007-02-05,2011947.88
2007-02-06,2071466.25
2007-02-07,2610153.0
2007-02-08,2671067.5
2007-02-09,2493968.75
2007-02-12,2501302.75
2007-02-13,2680102.75
2007-02-14,3122351.0
2007-02-15,3710161.75
2007-02-16,3995657.0
2007-02-26,3644292.75
2007-02-27,5291886.0
2007-02-28,3786958.0
2007-03-01,4158757.25
2007-03-02,3390199.5
2007-03-05,3638811.0
2007-03-06,2480878.75
2007-03-07,2894969.0
2007-03-08,3338896.0
2007-03-09,3739003.25
2007-03-12,3972910.25
2007-03-13,4180478.75
2007-03-14,4384686.5
2007-03-15,4057462.75
2007-03-16,4508091.5
2007-03-19,3872912.5
2007-03-20,3650266.75
2007-03-21,4060591.0
2007-03-22,4735203.5
2007-03-23,4434658.5
2007-03-26,4879744.0
2007-03-27,5043625.0
2007-03-28,5916894.0
2007-03-29,4860609.5
2007-03-30,3150366.0
2007-04-02,3437120.75
2007-04-03,4327250.5
2007-04-04,4945679.5
2007-04-05,4899820.5
2007-04-06,5309379.5
2007-04-09,5985568.0
2007-04-10,6170618.5
2007-04-11,6677167.5
2007-04-12,6485740.0
2007-04-13,7046421.0
2007-04-16,6207935.0
2007-04-17,8049740.0
2007-04-18,7679960.0
2007-04-19,8186668.5
2007-04-20,6659804.5
2007-04-23,8285947.5
2007-04-24,9386862.0
2007-04-25,7336771.0
2007-04-26,6418546.5
2007-04-27,6785334.5
2007-04-30,7672836.0
2007-05-08,8847591.0
2007-05-09,10159300.0
2007-05-10,8304863.5
2007-05-11,7341515.5
2007-05-14,7427435.0
2007-05-15,7973236.5
2007-05-16,6916505.5
2007-05-17,8038792.5
2007-05-18,7623423.5
2007-05-21,9284950.0
2007-05-22,10598166.0
2007-05-23,9931903.0
2007-05-24,11190682.0
2007-05-25,9899967.0
2007-05-28,11528956.0
2007-05-29,10840051.0
2007-05-30,11295587.0
2007-05-31,9706938.0
2007-06-01,8464239.0
2007-06-04,5287260.0
2007-06-05,7164240.0
2007-06-06,7245572.5
2007-06-07,7289889.5
2007-06-08,7727969.0
2007-06-11,7596046.5
2007-06-12,9148953.0
2007-06-13,9778863.0
2007-06-14,8667600.0
2007-06-15,6812671.0
2007-06-18,7723279.0
2007-06-19,8187685.5
2007-06-20,8923181.0
2007-06-21,6794633.5
2007-06-22,7108378.0
2007-06-25,5811262.0
2007-06-26,4894241.0
2007-06-27,5006526.0
2007-06-28,4775475.0
2007-06-29,4152406.5
2007-07-02,3464447.25
2007-07-03,3266148.25
2007-07-04,3019039.75
2007-07-05,2963777.5
2007-07-06,3803555.0
2007-07-09,4371839.5
2007-07-10,3767977.25
2007-07-11,2641396.75
2007-07-12,2539348.75
2007-07-13,2198456.75
2007-07-16,2234403.75
2007-07-17,2285332.0
2007-07-18,2771788.5
2007-07-19,2077556.38
2007-07-20,3874010.25
2007-07-23,5583807.5
2007-07-24,5782062.5
2007-07-25,4721345.5
2007-07-26,5542546.0
2007-07-27,5665199.0
2007-07-30,6482790.5
2007-07-31,6260746.0
2007-08-01,7282884.5
2007-08-02,5883866.5
2007-08-03,6967149.5
2007-08-06,7045950.0
2007-08-07,6677326.0
2007-08-08,5898156.5
2007-08-09,5131537.5
2007-08-10,5383004.0
2007-08-13,5019121.5
2007-08-14,4694543.0
2007-08-15,4671768.0
2007-08-16,4783042.5
2007-08-17,4660186.5
2007-08-20,5627075.5
2007-08-21,6252155.0
2007-08-22,6957314.0
2007-08-23,6455641.5
2007-08-24,6501891.0
2007-08-27,6866849.5
2007-08-28,6428998.5
2007-08-29,6058523.5
2007-08-30,6534503.0
2007-08-31,7001959.5
2007-09-03,8442701.0
2007-09-04,7749588.0
2007-09-05,6317068.0
2007-09-06,7011095.5
2007-09-07,8053476.5
2007-09-10,6678718.5
2007-09-11,7508625.0
2007-09-12,6135126.5
2007-09-13,5420789.0
2007-09-14,6322236.0
2007-09-17,6984613.0
2007-09-18,6676189.0
2007-09-19,5907233.0
2007-09-20,5634304.5
2007-09-21,5801519.5
2007-09-24,5502211.0
2007-09-25,4623726.0
2007-09-26,3838115.0
2007-09-27,3751998.75
2007-09-28,5137116.0
2007-10-08,5408603.5
2007-10-09,5022843.5
2007-10-10,5664978.0
2007-10-11,5196788.5
2007-10-12,6642607.0
2007-10-15,5205430.5
2007-10-16,4309043.0
2007-10-17,4208274.5
2007-10-18,4003719.25
2007-10-19,3280381.25
2007-10-22,3304556.75
2007-10-23,3236895.5
2007-10-24,3150747.5
2007-10-25,3794534.0
2007-10-26,2722288.5
2007-10-29,2319313.0
2007-10-30,2418651.0
2007-10-31,3504252.5
2007-11-01,3137058.5
2007-11-02,2915875.25
2007-11-05,2248252.5
2007-11-06,2103382.0
2007-11-07,2040162.75
2007-11-08,2233153.25
2007-11-09,2016622.75
2007-11-12,2076173.88
2007-11-13,1965825.0
2007-11-14,2369721.75
2007-11-15,2431333.0
2007-11-16,1928444.75
2007-11-19,2253210.5
2007-11-20,2434898.75
2007-11-21,2280526.0
2007-11-22,1913595.13
2007-11-23,1438157.88
2007-11-26,1812289.5
2007-11-27,1558662.75
2007-11-28,1452022.13
2007-11-29,2041778.63
2007-11-30,1899359.0
2007-12-03,1746367.25
2007-12-04,1724392.25
2007-12-05,2259182.75
2007-12-06,1976207.63
2007-12-07,2398410.5
2007-12-10,3616275.75
2007-12-11,3655959.25
2007-12-12,3300082.5
2007-12-13,3425914.5
2007-12-14,2732870.75
2007-12-17,3725286.25
2007-12-18,2240353.5
2007-12-19,3023258.0
2007-12-20,3112876.5
2007-12-21,3492087.75
2007-12-24,4724285.0
2007-12-25,3909138.0
2007-12-26,4278096.0
2007-12-27,5058005.0
2007-12-28,4272200.0
2008-01-02,5044993.5
2008-01-03,6175273.5
2008-01-04,5032651.0
2008-01-07,6129821.0
2008-01-08,6391395.0
2008-01-09,5318925.5
2008-01-10,6296459.5
2008-01-11,5393795.0
2008-01-14,5336432.0
2008-01-15,5681880.5
2008-01-16,5891456.0
2008-01-17,6526497.0
2008-01-18,4492473.5
2008-01-21,5189488.0
2008-01-22,5644983.0
2008-01-23,5367669.5
2008-01-24,6246966.5
2008-01-25,5547846.5
2008-01-28,4694214.5
2008-01-29,3268555.25
2008-01-30,3553242.25
2008-01-31,2573768.75
2008-02-01,2918254.5
2008-02-04,3000846.25
2008-02-05,3004527.5
2008-02-13,2213023.0
2008-02-14,2268297.25
2008-02-15,2727791.0
2008-02-18,4343499.5
2008-02-19,4428044.0
2008-02-20,4722351.5
2008-02-21,4571461.5
2008-02-22,4499682.0
2008-02-25,3844095.5
2008-02-26,3617548.25
2008-02-27,3361674.25
2008-02-28,3421737.25
2008-02-29,3568436.0
2008-03-03,5484983.0
2008-03-04,6136699.0
2008-03-05,5415474.5
2008-03-06,6138983.5
2008-03-07,4139418.0
2008-03-10,3277440.5
2008-03-11,2876762.0
2008-03-12,3173919.75
2008-03-13,3459493.5
2008-03-14,2226491.0
2008-03-17,2726082.0
2008-03-18,2857747.75
2008-03-19,3112810.25
2008-03-20,3572212.0
2008-03-21,3412392.25
2008-03-24,3485506.0
2008-03-25,2876819.0
2008-03-26,2513737.0
2008-03-27,2699011.0
2008-03-28,2852639.0
2008-03-31,2306552.75
2008-04-01,2540235.5
2008-04-02,2466868.5
2008-04-03,1995652.5
2008-04-07,2425326.25
2008-04-08,2960224.25
2008-04-09,2826540.75
2008-04-10,2353295.25
2008-04-11,2342052.75
2008-04-14,2329962.0
2008-04-15,2070752.5
2008-04-16,2046129.38
2008-04-17,1894061.0
2008-04-18,1689672.38
2008-04-21,2360027.75
2008-04-22,1857510.38
2008-04-23,2377115.75
2008-04-24,5315216.0
2008-04-25,4948039.5
2008-04-28,3597700.25
2008-04-29,2995385.0
2008-04-30,4408872.0
2008-05-05,4740639.5
2008-05-06,4918695.0
2008-05-07,4572166.5
2008-05-08,3815752.5
2008-05-09,4662156.5
2008-05-12,4738465.5
2008-05-13,5763108.0
2008-05-14,5380978.5
2008-05-15,4860517.5
2008-05-16,3811405.0
2008-05-19,2811169.25
2008-05-20,3710555.75
2008-05-21,3869132.0
2008-05-22,3660108.5
2008-05-23,3179525.5
2008-05-26,3075667.5
2008-05-27,2194758.75
2008-05-28,2699694.0
2008-05-29,2737156.5
2008-05-30,2361664.5
2008-06-02,2302391.0
2008-06-03,2538929.0
2008-06-04,2200598.75
2008-06-05,1876162.13
2008-06-06,1658857.0
2008-06-10,1896534.63
2008-06-11,1951048.13
2008-06-12,2014463.0
2008-06-13,1682047.25
2008-06-16,1435148.0
2008-06-17,1609049.13
2008-06-18,2273910.75
2008-06-19,2102658.0
2008-06-20,2314408.25
2008-06-23,1423933.63
2008-06-24,1739545.25
2008-06-25,2457540.25
2008-06-26,2761891.25
2008-06-27,2254486.75
2008-06-30,1495588.63
2008-07-01,1586617.88
2008-07-02,1635959.63
2008-07-03,2879241.75
2008-07-04,2668754.25
2008-07-07,3344781.0
2008-07-08,3538065.0
2008-07-09,3915251.25
2008-07-10,4103277.25
2008-07-11,2887470.75
2008-07-14,2566363.25
2008-07-15,3164503.75
2008-07-16,2543666.5
2008-07-17,2238829.25
2008-07-18,2192820.0
2008-07-21,2658407.5
2008-07-22,2693639.25
2008-07-23,2633085.5
2008-07-24,2840531.25
2008-07-25,2545262.5
2008-07-28,2634358.5
2008-07-29,2486160.75
2008-07-30,2056838.0
2008-07-31,1870204.75
2008-08-01,1850436.88
2008-08-04,1617442.75
2008-08-05,1684150.13
2008-08-06,1641368.5
2008-08-07,1576531.5
2008-08-08,1835167.13
2008-08-11,1474062.25
2008-08-12,1189703.13
2008-08-13,1350761.0
2008-08-14,1146434.5
2008-08-15,1054941.75
2008-08-18,1077086.25
2008-08-19,986694.25
2008-08-20,1857812.25
2008-08-21,1868890.5
2008-08-22,1290939.75
2008-08-25,1009347.0
2008-08-26,1206802.5
2008-08-27,1099163.5
2008-08-28,910868.06
2008-08-29,1318631.38
2008-09-01,1024643.88
2008-09-02,957297.13
2008-09-03,1183483.25
2008-09-04,979053.88
2008-09-05,1100252.63
2008-09-08,976237.56
2008-09-09,799126.88
2008-09-10,976717.75
2008-09-11,825781.13
2008-09-12,654130.88
2008-09-16,886373.88
2008-09-17,832111.13
2008-09-18,1157730.88
2008-09-19,1446308.5
2008-09-22,3009901.75
2008-09-23,1741808.88
2008-09-24,1393176.63
2008-09-25,2251695.0
2008-09-26,1694869.25
2008-10-06,1377226.88
2008-10-07,1208311.5
2008-10-08,1042639.75
2008-10-09,964731.5
2008-10-10,1047009.06
2008-10-13,952596.19
2008-10-14,1241270.13
2008-10-15,768564.13
2008-10-16,911730.25
2008-10-17,724831.0
2008-10-20,881754.63
2008-10-21,1072321.0
2008-10-22,849520.56
2008-10-23,788468.81
2008-10-24,828182.56
2008-10-27,947993.69
2008-10-28,970278.94
2008-10-29,889966.31
2008-10-30,786068.63
2008-10-31,633007.44
2008-11-03,574248.5
2008-11-04,655833.63
2008-11-05,939544.5
2008-11-06,747261.63
2008-11-07,780528.81
2008-11-10,1471618.0
2008-11-11,1645340.88
2008-11-12,1240850.5
2008-11-13,2335800.75
2008-11-14,2794649.25
2008-11-17,2977163.75
2008-11-18,3347321.25
2008-11-19,2811667.0
2008-11-20,3123756.75
2008-11-21,2843214.75
2008-11-24,1992818.13
2008-11-25,1464596.13
2008-11-26,1226435.13
2008-11-27,2494945.25
2008-11-28,1569103.63
2008-12-01,1923920.13
2008-12-02,2697361.75
2008-12-03,3281452.75
2008-12-04,4203981.0
2008-12-05,2936341.0
2008-12-08,4112688.25
2008-12-09,3667106.5
2008-12-10,3149195.0
2008-12-11,3127250.25
2008-12-12,2589883.0
2008-12-15,2095473.88
2008-12-16,2092526.13
2008-12-17,2666886.75
2008-12-18,2474830.25
2008-12-19,2899808.75
2008-12-22,2528736.75
2008-12-23,2647040.0
2008-12-24,1921272.25
2008-12-25,1571003.75
2008-12-26,1212327.38
2008-12-29,1098106.25
2008-12-30,1261790.88
2008-12-31,1149527.0
2009-01-05,1427097.0
2009-01-06,2224316.75
2009-01-07,2363499.0
2009-01-08,1958752.88
2009-01-09,1904418.63
2009-01-12,2321302.0
2009-01-13,1971578.63
2009-01-14,2249468.5
2009-01-15,2989473.0
2009-01-16,3261854.5
2009-01-19,2541337.5
2009-01-20,2014617.38
2009-01-21,2418616.0
2009-01-22,2633092.5
2009-01-23,2323693.0
2009-02-02,2577729.25
2009-02-03,3855819.25
2009-02-04,4296469.5
2009-02-05,4697184.0
2009-02-06,4908411.5
2009-02-09,6063585.5
2009-02-10,5553962.5
2009-02-11,6568936.5
2009-02-12,5506630.5
2009-02-13,6409927.0
2009-02-16,6594450.5
2009-02-17,6271129.5
2009-02-18,4954314.5
2009-02-19,4144872.25
2009-02-20,4585419.0
2009-02-23,5605495.0
2009-02-24,6517542.0
2009-02-25,5189189.5
2009-02-26,4869337.0
2009-02-27,3607353.75
2009-03-02,2600958.0
2009-03-03,3100849.0
2009-03-04,4464578.0
2009-03-05,5125901.0
2009-03-06,3627005.5
2009-03-09,3612335.25
2009-03-10,2464629.25
2009-03-11,3105001.25
2009-03-12,2699757.25
2009-03-13,2609444.0
2009-03-16,2206673.0
2009-03-17,3927447.5
2009-03-18,4973830.0
2009-03-19,4894659.0
2009-03-20,4849129.5
2009-03-23,5520299.0
2009-03-24,5642965.0
2009-03-25,4909724.0
2009-03-26,4345042.5
2009-03-27,5423356.0
2009-03-30,4463060.0
2009-03-31,4632444.5
2009-04-01,5989252.5
2009-04-02,6082010.5
2009-04-03,5378055.5
2009-04-07,4261936.5
2009-04-08,4839087.0
2009-04-09,3925989.0
2009-04-10,5844592.5
2009-04-13,6342718.5
2009-04-14,6398300.5
2009-04-15,7009082.5
2009-04-16,7198201.5
2009-04-17,6415335.5
2009-04-20,6048482.5
2009-04-21,6456954.5
2009-04-22,7007957.0
2009-04-23,4469351.5
2009-04-24,4304431.5
2009-04-27,4203618.0
2009-04-28,3661142.75
2009-04-29,4607269.5
2009-04-30,5120110.0
2009-05-04,5723398.5
2009-05-05,6110421.0
2009-05-06,6213952.5
2009-05-07,6930383.0
2009-05-08,6337519.0
2009-05-11,6379259.0
2009-05-12,4120637.75
2009-05-13,4984204.0
2009-05-14,4800741.5
2009-05-15,4846522.0
2009-05-18,4677230.0
2009-05-19,6072117.5
2009-05-20,5897095.0
2009-05-21,5856554.5
2009-05-22,4217922.0
2009-05-25,4854611.0
2009-05-26,5466880.0
2009-05-27,4341959.0
2009-06-01,4907039.0
2009-06-02,5743778.5
2009-06-03,5809624.0
2009-06-04,5792420.0
2009-06-05,5154345.0
2009-06-08,4746726.0
2009-06-09,4803453.5
2009-06-10,5121480.0
2009-06-11,5123250.0
2009-06-12,4744432.5
2009-06-15,3495870.0
2009-06-16,3543187.5
2009-06-17,4182082.25
2009-06-18,5280918.0
2009-06-19,5653002.0
2009-06-22,4966198.0
2009-06-23,4185643.0
2009-06-24,4339716.0
2009-06-25,4420145.5
2009-06-26,4424055.5
2009-06-29,5238361.5
2009-06-30,4723500.5
2009-07-01,5523986.0
2009-07-02,6545712.5
2009-07-03,6974053.0
2009-07-06,7079747.0
2009-07-07,6579967.0
2009-07-08,5629403.5
2009-07-09,7290065.5
2009-07-10,7430335.0
2009-07-13,7304344.5
2009-07-14,7184267.0
2009-07-15,8259912.5
2009-07-16,8440571.0
2009-07-17,7600666.0
2009-07-20,9272844.0
2009-07-21,9011533.0
2009-07-22,7917638.5
2009-07-23,7795961.0
2009-07-24,8441976.0
2009-07-27,8432913.0
2009-07-28,9201860.0
2009-07-29,9481813.0
2009-07-30,6929762.5
2009-07-31,7681284.5
2009-08-03,8774332.0
2009-08-04,9805219.0
2009-08-05,9401666.0
2009-08-06,8449568.0
2009-08-07,7102508.0
2009-08-10,5723608.5
2009-08-11,4767894.0
2009-08-12,5519968.5
2009-08-13,4366001.5
2009-08-14,5046164.5
2009-08-17,4505576.0
2009-08-18,3473501.75
2009-08-19,3991016.25
2009-08-20,3918978.25
2009-08-21,4852363.0
2009-08-24,5333373.0
2009-08-25,5793844.0
2009-08-26,5869721.5
2009-08-27,6266647.5
2009-08-28,4594518.5
2009-08-31,4325541.0
2009-09-01,3323462.25
2009-09-02,2699881.0
2009-09-03,4351560.5
2009-09-04,5078132.5
2009-09-07,5632221.0
2009-09-08,5598045.5
2009-09-09,5613711.0
2009-09-10,4829407.5
2009-09-11,5203122.5
2009-09-14,6926690.0
2009-09-15,7090610.0
2009-09-16,7150633.0
2009-09-17,7654929.0
2009-09-18,7929255.5
2009-09-21,6133133.5
2009-09-22,5907244.0
2009-09-23,4954378.0
2009-09-24,4284410.5
2009-09-25,3202696.25
2009-09-28,3078590.5
2009-09-29,2943687.5
2009-09-30,2669299.75
2009-10-09,3496591.0
2009-10-12,3878630.5
2009-10-13,3725129.75
2009-10-14,5265150.5
2009-10-15,4423087.5
2009-10-16,4361206.5
2009-10-19,5786550.5
2009-10-20,7145400.0
2009-10-21,6697411.0
2009-10-22,5709732.0
2009-10-23,6932692.0
2009-10-26,5908251.5
2009-10-27,5997784.5
2009-10-28,5217656.5
2009-10-29,5108386.0
2009-10-30,5561262.5
2009-11-02,7011313.5
2009-11-03,8849845.0
2009-11-04,8424528.0
2009-11-05,7384494.0
2009-11-06,8699153.0
2009-11-09,7182400.0
2009-11-10,7473089.5
2009-11-11,6620512.5
2009-11-12,7070499.0
2009-11-13,6903791.0
2009-11-16,9902762.0
2009-11-17,8786992.0
2009-11-18,8551580.0
2009-11-19,9359394.0
2009-11-20,9648418.0
2009-11-23,9424523.0
2009-11-24,13184881.0
2009-11-25,9708261.0
2009-11-26,11521758.0
2009-11-27,7581030.0
2009-11-30,6959131.0
2009-12-01,8458274.0
2009-12-02,9685770.0
2009-12-03,8868005.0
2009-12-04,10483743.0
2009-12-07,6853329.0
2009-12-08,7421141.0
2009-12-09,6124763.0
2009-12-10,5145752.5
2009-12-11,5322980.5
2009-12-14,5174164.5
2009-12-15,5357394.0
2009-12-16,4988643.5
2009-12-17,5140304.0
2009-12-18,4712571.5
2009-12-21,3544456.75
2009-12-22,4096691.5
2009-12-23,3692114.75
2009-12-24,5055440.5
2009-12-25,4852414.0
2009-12-28,5002743.5
2009-12-29,5211495.0
2009-12-30,5715564.0
2009-12-31,5487509.0
2010-01-04,6267185.0
2010-01-05,6844313.0
2010-01-06,6961845.0
2010-01-07,6876143.5
2010-01-08,5489779.5
2010-01-11,7006639.0
2010-01-12,7627174.5
2010-01-13,8345859.5
2010-01-14,8456129.0
2010-01-15,7307604.0
2010-01-18,7821136.5
2010-01-19,8083805.0
2010-01-20,9432389.0
2010-01-21,6148644.0
2010-01-22,6998889.5
2010-01-25,4967109.0
2010-01-26,4746785.0
2010-01-27,3793058.25
2010-01-28,3741368.75
2010-01-29,4692087.0
2010-02-01,5011915.5
2010-02-02,4541943.5
2010-02-03,5536388.5
2010-02-04,6000917.5
2010-02-05,5732945.0
2010-02-08,3614091.75
2010-02-09,3305111.0
2010-02-10,3036205.75
2010-02-11,2856042.75
2010-02-12,2932102.0
2010-02-22,3694257.75
2010-02-23,4489564.5
2010-02-24,5526625.0
2010-02-25,6585735.0
2010-02-26,5890507.0
2010-03-01,6352264.0
2010-03-02,6769353.0
2010-03-03,7687830.0
2010-03-04,8155164.5
2010-03-05,5874852.0
2010-03-08,5155533.0
2010-03-09,5450464.0
2010-03-10,5194796.5
2010-03-11,4358288.0
2010-03-12,4096384.25
2010-03-15,3531378.25
2010-03-16,3193426.0
2010-03-17,5235511.5
2010-03-18,5849041.0
2010-03-19,5439269.5
2010-03-22,5574664.0
2010-03-23,5674773.5
2010-03-24,5807020.5
2010-03-25,5884359.5
2010-03-26,5464870.5
2010-03-29,6133370.0
2010-03-30,5981449.5
2010-03-31,6172249.5
2010-04-01,7773151.0
2010-04-02,7167313.5
2010-04-06,7080339.0
2010-04-07,6607384.0
2010-04-08,7256849.5
2010-04-09,7619259.0
2010-04-12,9347181.0
2010-04-13,9650326.0
2010-04-14,7248587.0
2010-04-15,7001667.0
2010-04-16,5408601.5
2010-04-19,7079270.0
2010-04-20,6579853.5
2010-04-21,8327372.0
2010-04-22,8632458.0
2010-04-23,7305108.5
2010-04-26,6412711.0
2010-04-27,6670470.0
2010-04-28,5591074.5
2010-04-29,6176862.5
2010-04-30,5291476.0
2010-05-04,3834248.75
2010-05-05,5225337.5
2010-05-06,5644015.5
2010-05-07,5118664.5
2010-05-10,4863901.5
2010-05-11,4666358.0
2010-05-12,4074138.5
2010-05-13,3949038.75
2010-05-14,4161010.5
2010-05-17,3960298.25
2010-05-18,3835495.75
2010-05-19,3890501.25
2010-05-20,3623623.5
2010-05-21,4275388.5
2010-05-24,6075331.0
2010-05-25,5230401.5
2010-05-26,3884148.25
2010-05-27,4876206.5
2010-05-28,5226234.0
2010-05-31,4720341.5
2010-06-01,4257545.0
2010-06-02,3613046.25
2010-06-03,4272507.0
2010-06-04,3389259.0
2010-06-07,3940070.5
2010-06-08,3955366.75
2010-06-09,5197122.5
2010-06-10,4791215.0
2010-06-11,3969357.75
2010-06-17,3331931.5
2010-06-18,3921016.5
2010-06-21,3597132.5
2010-06-22,3624160.75
2010-06-23,3313383.75
2010-06-24,2686263.5
2010-06-25,2797297.5
2010-06-28,2285922.0
2010-06-29,3439765.5
2010-06-30,2546450.25
2010-07-01,2287478.0
2010-07-02,3048051.5
2010-07-05,2155228.0
2010-07-06,2885780.0
2010-07-07,2831732.5
2010-07-08,2663909.5
2010-07-09,4014214.25
2010-07-12,3921078.75
2010-07-13,3435184.25
2010-07-14,3548758.75
2010-07-15,3229813.25
2010-07-16,2760090.5
2010-07-19,3545037.25
2010-07-20,5356890.0
2010-07-21,5347658.0
2010-07-22,4710698.0
2010-07-23,4630873.0
2010-07-26,4561683.0
2010-07-27,4419672.5
2010-07-28,6059222.0
2010-07-29,6522733.5
2010-07-30,5066763.0
2010-08-02,5906248.0
2010-08-03,6472617.0
2010-08-04,5864896.0
2010-08-05,6344374.5
2010-08-06,7048031.5
2010-08-09,6848521.5
2010-08-10,7027630.0
2010-08-11,4888525.0
2010-08-12,5045283.0
2010-08-13,4722394.0
2010-08-16,6439729.5
2010-08-17,6523393.0
2010-08-18,6618652.5
2010-08-19,6945394.5
2010-08-20,6740650.0
2010-08-23,5753648.5
2010-08-24,6186973.0
2010-08-25,6124858.0
2010-08-26,4938570.0
2010-08-27,4485046.0
2010-08-30,6858609.0
2010-08-31,7499665.5
2010-09-01,8100113.0
2010-09-02,7950210.5
2010-09-03,8382384.5
2010-09-06,7852536.0
2010-09-07,6352439.0
2010-09-08,6706207.5
2010-09-09,8574064.0
2010-09-10,7677830.0
2010-09-13,7990597.0
2010-09-14,7713551.0
2010-09-15,7369400.5
2010-09-16,6803179.0
2010-09-17,5228671.5
2010-09-20,4721710.0
2010-09-21,3458386.0
2010-09-27,4520984.0
2010-09-28,5279571.5
2010-09-29,4944570.5
2010-09-30,4429360.5
2010-10-08,6548796.0
2010-10-11,9804793.0
2010-10-12,8528333.0
2010-10-13,9713961.0
2010-10-14,9604746.0
2010-10-15,9254316.0
2010-10-18,10222600.0
2010-10-19,8030099.0
2010-10-20,9710275.0
2010-10-21,8600562.0
2010-10-22,8606967.0
2010-10-25,10674710.0
2010-10-26,11751055.0
2010-10-27,10657823.0
2010-10-28,8093323.5
2010-10-29,8898293.0
2010-11-01,11863483.0
2010-11-02,13619915.0
2010-11-03,10605636.0
2010-11-04,10339824.0
2010-11-05,12108733.0
2010-11-08,12610874.0
2010-11-09,12520799.0
2010-11-10,12346194.0
2010-11-11,13899296.0
2010-11-12,14177686.0
2010-11-15,9316207.0
2010-11-16,10740572.0
2010-11-17,7220054.5
2010-11-18,5760305.5
2010-11-19,7549255.5
2010-11-22,8712585.0
2010-11-23,7500585.5
2010-11-24,7789565.5
2010-11-25,8417662.0
2010-11-26,7389545.5
2010-11-29,7108092.5
2010-11-30,8746228.0
2010-12-01,5614096.5
2010-12-02,6551711.5
2010-12-03,5183713.0
2010-12-06,4818825.5
2010-12-07,4699728.5
2010-12-08,4692805.5
2010-12-09,4698551.5
2010-12-10,4216139.0
2010-12-13,6388449.5
2010-12-14,6998325.5
2010-12-15,6748384.5
2010-12-16,4976603.0
2010-12-17,4302543.5
2010-12-20,6557150.0
2010-12-21,5580100.0
2010-12-22,5695814.0
2010-12-23,4784289.5
2010-12-24,4044407.25
2010-12-27,4545838.5
2010-12-28,3749820.5
2010-12-29,2958171.25
2010-12-30,3316430.5
2010-12-31,4114045.75
2011-01-04,5414880.0
2011-01-05,5201662.0
2011-01-06,4588713.0
2011-01-07,4722722.5
2011-01-10,4383317.5
2011-01-11,3668061.75
2011-01-12,3384236.75
2011-01-13,3245320.5
2011-01-14,3653177.0
2011-01-17,3854085.0
2011-01-18,2423141.0
2011-01-19,3199937.25
2011-01-20,3621479.75
2011-01-21,3338690.0
2011-01-24,3207448.0
2011-01-25,2664903.5
2011-01-26,2523524.0
2011-01-27,3560894.0
2011-01-28,3323124.75
2011-01-31,3406511.5
2011-02-01,3185185.0
2011-02-09,3587408.25
2011-02-10,4358305.5
2011-02-11,5182610.0
2011-02-14,6250292.0
2011-02-15,6805457.5
2011-02-16,6101568.5
2011-02-17,6850679.5
2011-02-18,5843656.5
2011-02-21,6404048.0
2011-02-22,7949029.5
2011-02-23,6161432.0
2011-02-24,6519094.5
2011-02-25,5764132.0
2011-02-28,6662772.5
2011-03-01,7745678.5
2011-03-02,7089320.0
2011-03-03,6745357.5
2011-03-04,5457010.5
2011-03-07,7716591.0
2011-03-08,7145616.0
2011-03-09,6909675.0
2011-03-10,7205575.0
2011-03-11,7088665.5
2011-03-14,7555312.0
2011-03-15,8531731.0
2011-03-16,7578151.5
2011-03-17,7499967.5
2011-03-18,5709441.0
2011-03-21,5509379.5
2011-03-22,5359529.0
2011-03-23,6069017.0
2011-03-24,6382767.0
2011-03-25,7504777.0
2011-03-28,8929233.0
2011-03-29,8727461.0
2011-03-30,6625611.5
2011-03-31,5620100.0
2011-04-01,4861844.5
2011-04-06,5841705.0
2011-04-07,5768381.0
2011-04-08,5837469.5
2011-04-11,6693336.0
2011-04-12,6312823.5
2011-04-13,5801466.0
2011-04-14,5927561.0
2011-04-15,6328701.5
2011-04-18,6901403.0
2011-04-19,7717717.5
2011-04-20,6337201.0
2011-04-21,6722599.5
2011-04-22,6581851.5
2011-04-25,6059839.5
2011-04-26,4673147.0
2011-04-27,4787425.0
2011-04-28,4669645.5
2011-04-29,3495231.0
2011-05-03,4233703.0
2011-05-04,4850142.5
2011-05-05,3994859.0
2011-05-06,4348235.0
2011-05-09,4194870.5
2011-05-10,4159009.5
2011-05-11,4975915.5
2011-05-12,5436410.5
2011-05-13,4920104.5
2011-05-16,4718572.0
2011-05-17,5337598.5
2011-05-18,4025834.0
2011-05-19,4065680.5
2011-05-20,3614881.5
2011-05-23,4685485.5
2011-05-24,3693812.0
2011-05-25,3735536.75
2011-05-26,4035480.25
2011-05-27,3704876.25
2011-05-30,2805272.0
2011-05-31,2852437.25
2011-06-01,2974570.0
2011-06-02,3279787.5
2011-06-03,2989491.5
2011-06-07,2919230.75
2011-06-08,3339843.75
2011-06-09,3350249.0
2011-06-10,2945667.5
2011-06-13,2559424.5
2011-06-14,3390397.75
2011-06-15,3351828.25
2011-06-16,3066343.0
2011-06-17,2519162.75
2011-06-20,2348156.0
2011-06-21,2682392.25
2011-06-22,2449608.5
2011-06-23,3304075.5
2011-06-24,5314187.0
2011-06-27,4710299.0
2011-06-28,4011520.75
2011-06-29,4133768.0
2011-06-30,3954527.5
2011-07-01,4485087.0
2011-07-04,5989275.0
2011-07-05,5695611.5
2011-07-06,5436284.0
2011-07-07,6155073.5
2011-07-08,4615025.5
2011-07-11,4748294.5
2011-07-12,5123181.5
2011-07-13,5215771.0
2011-07-14,5986815.5
2011-07-15,6011347.0
2011-07-18,6101303.0
2011-07-19,5247913.0
2011-07-20,4923121.5
2011-07-21,4831527.5
2011-07-22,4120848.0
2011-07-25,5303311.0
2011-07-26,3552479.25
2011-07-27,4117721.0
2011-07-28,3943827.75
2011-07-29,3574976.5
2011-08-01,3091195.0
2011-08-02,3641129.0
2011-08-03,3375367.0
2011-08-04,3233677.0
2011-08-05,3705106.0
2011-08-08,4767123.5
2011-08-09,4240759.0
2011-08-10,4461138.5
2011-08-11,4411240.5
2011-08-12,4558269.5
2011-08-15,4158267.5
2011-08-16,3967812.0
2011-08-17,3157473.0
2011-08-18,3401187.25
2011-08-19,3132376.0
2011-08-22,2847638.0
2011-08-23,2877880.0
2011-08-24,3205586.5
2011-08-25,3799616.0
2011-08-26,3553632.25
2011-08-29,3606381.75
2011-08-30,3556619.5
2011-08-31,2825228.75
2011-09-01,2531542.75
2011-09-02,2359498.25
2011-09-05,2358146.75
2011-09-06,1947217.88
2011-09-07,2674345.5
2011-09-08,2630939.75
2011-09-09,2125233.25
2011-09-13,2077303.25
2011-09-14,2149519.5
2011-09-15,2228538.25
2011-09-16,1937809.63
2011-09-19,1882280.13
2011-09-20,1940248.13
2011-09-21,3346730.25
2011-09-22,3042989.0
2011-09-23,2522645.0
2011-09-26,2113270.5
2011-09-27,2086105.88
2011-09-28,2154114.75
2011-09-29,2204263.5
2011-09-30,1665913.63
2011-10-10,1372953.88
2011-10-11,2035700.38
2011-10-12,2670493.0
2011-10-13,2897399.25
2011-10-14,2276526.5
2011-10-17,2317907.5
2011-10-18,2548403.5
2011-10-19,2064676.5
2011-10-20,2225140.5
2011-10-21,1746844.63
2011-10-24,2251738.0
2011-10-25,3256191.25
2011-10-26,4000364.5
2011-10-27,3238318.0
2011-10-28,4249334.0
2011-10-31,3793090.5
2011-11-01,3546216.5
2011-11-02,4542344.0
2011-11-03,6219888.0
2011-11-04,4400659.5
2011-11-07,3398513.0
2011-11-08,3144082.75
2011-11-09,3522676.25
2011-11-10,3744070.5
2011-11-11,3069608.75
2011-11-14,3819017.5
2011-11-15,3755778.75
2011-11-16,3941569.25
2011-11-17,2995411.75
2011-11-18,3008506.5
2011-11-21,2072921.88
2011-11-22,2055229.63
2011-11-23,2124254.0
2011-11-24,2160641.75
2011-11-25,2003639.88
2011-11-28,1972850.25
2011-11-29,2515076.0
2011-11-30,3050377.75
2011-12-01,3601245.0
2011-12-02,2412157.0
2011-12-05,2027206.0
2011-12-06,1730346.38
2011-12-07,1583282.13
2011-12-08,2002352.75
2011-12-09,1548330.13
2011-12-12,1435280.38
2011-12-13,1922883.0
2011-12-14,1469483.63
2011-12-15,1729258.13
2011-12-16,1745138.13
2011-12-19,1859968.88
2011-12-20,1894975.75
2011-12-21,1697451.75
2011-12-22,1924555.13
2011-12-23,1719486.88
2011-12-26,1411622.25
2011-12-27,1440642.88
2011-12-28,1568187.5
2011-12-29,1370089.63
2011-12-30,1622711.25
2012-01-04,1655847.88
2012-01-05,1760563.25
2012-01-06,1541128.25
2012-01-09,2183647.75
2012-01-10,3377038.25
2012-01-11,2946937.75
2012-01-12,2576905.75
2012-01-13,2541815.5
2012-01-16,1667344.38
2012-01-17,2673097.0
2012-01-18,2881147.5
2012-01-19,2125756.25
2012-01-20,2062224.38
2012-01-30,1740393.0
2012-01-31,1695057.13
2012-02-01,1701687.88
2012-02-02,2047769.38
2012-02-03,2917436.0
2012-02-06,2869654.0
2012-02-07,2439887.75
2012-02-08,3090093.25
2012-02-09,3856820.25
2012-02-10,3378998.75
2012-02-13,3418145.5
2012-02-14,3204224.75
2012-02-15,3870670.5
2012-02-16,3846384.5
2012-02-17,2974917.5
2012-02-20,3748862.25
2012-02-21,3527479.75
2012-02-22,4909736.5
2012-02-23,4473628.5
2012-02-24,5049032.0
2012-02-27,6025094.0
2012-02-28,4578633.0
2012-02-29,3865406.75
2012-03-01,3519321.0
2012-03-02,4332079.5
2012-03-05,4930863.0
2012-03-06,4444168.5
2012-03-07,4074034.5
2012-03-08,4166557.25
2012-03-09,4526703.0
2012-03-12,4888918.0
2012-03-13,4817380.0
2012-03-14,7573536.0
2012-03-15,4966228.5
2012-03-16,4647680.5
2012-03-19,4605157.0
2012-03-20,4015068.75
2012-03-21,4058002.75
2012-03-22,3238603.25
2012-03-23,3276056.25
2012-03-26,2438977.75
2012-03-27,2628939.5
2012-03-28,3371685.75
2012-03-29,2753307.75
2012-03-30,2239117.25
2012-04-05,2786314.0
2012-04-06,2882306.75
2012-04-09,2412954.5
2012-04-10,2687028.75
2012-04-11,2885909.25
2012-04-12,3666980.0
2012-04-13,4309084.0
2012-04-16,3696459.75
2012-04-17,3690370.75
2012-04-18,4007827.0
2012-04-19,3717964.25
2012-04-20,4081694.75
2012-04-23,4870648.0
2012-04-24,4797146.5
2012-04-25,5123397.5
2012-04-26,4554380.5
2012-04-27,3365058.25
2012-05-02,4366480.0
2012-05-03,3933040.75
2012-05-04,3835351.5
2012-05-07,4185741.75
2012-05-08,4067949.25
2012-05-09,3860194.5
2012-05-10,3298798.25
2012-05-11,3314792.25
2012-05-14,3755432.75
2012-05-15,3303011.0
2012-05-16,3249977.75
2012-05-17,3394367.75
2012-05-18,3355130.0
2012-05-21,2939075.25
2012-05-22,3382417.0
2012-05-23,4125920.75
2012-05-24,3685759.75
2012-05-25,3261880.75
2012-05-28,3703455.25
2012-05-29,4732215.0
2012-05-30,3820141.0
2012-05-31,3661847.25
2012-06-01,3409158.5
2012-06-04,3561334.25
2012-06-05,2715939.75
2012-06-06,2436724.0
2012-06-07,2405975.5
2012-06-08,2463233.0
2012-06-11,2639540.0
2012-06-12,2344226.25
2012-06-13,2946885.75
2012-06-14,3095332.25
2012-06-15,2769067.5
2012-06-18,2626967.5
2012-06-19,2930958.25
2012-06-20,2366526.75
2012-06-21,2363918.75
2012-06-25,2253221.5
2012-06-26,2148335.5
2012-06-27,2163940.0
2012-06-28,2260243.75
2012-06-29,2330639.0
2012-07-02,2747845.5
2012-07-03,2846737.0
2012-07-04,2443810.5
2012-07-05,2414780.5
2012-07-06,2920564.75
2012-07-09,3022896.75
2012-07-10,2321294.5
2012-07-11,2284772.5
2012-07-12,3353418.25
2012-07-13,2575977.25
2012-07-16,3033860.0
2012-07-17,2332761.0
2012-07-18,2547842.0
2012-07-19,2939347.25
2012-07-20,2468154.75
2012-07-23,2069213.0
2012-07-24,2030240.13
2012-07-25,1988396.88
2012-07-26,2060889.5
2012-07-27,1906304.63
2012-07-30,1753514.25
2012-07-31,1696118.0
2012-08-01,1775753.25
2012-08-02,1777509.38
2012-08-03,1887476.13
2012-08-06,2576744.75
2012-08-07,2796042.5
2012-08-08,2531183.5
2012-08-09,2890601.75
2012-08-10,2589723.0
2012-08-13,2439685.0
2012-08-14,2398906.25
2012-08-15,1826108.63
2012-08-16,1605725.63
2012-08-17,1542921.88
2012-08-20,1461175.63
2012-08-21,2040542.0
2012-08-22,1962432.88
2012-08-23,1965523.0
2012-08-24,2004193.25
2012-08-27,1878111.38
2012-08-28,1693990.75
2012-08-29,1703613.25
2012-08-30,2163327.5
2012-08-31,1441485.13
2012-09-03,1895312.38
2012-09-04,1745087.25
2012-09-05,1678101.0
2012-09-06,1747499.25
2012-09-07,4103431.75
2012-09-10,3561370.75
2012-09-11,2868371.5
2012-09-12,2953414.0
2012-09-13,3000857.25
2012-09-14,3045788.25
2012-09-17,2500190.25
2012-09-18,1823471.63
2012-09-19,1750578.63
2012-09-20,2268364.25
2012-09-21,2058954.5
2012-09-24,1907662.63
2012-09-25,1711606.13
2012-09-26,1705732.25
2012-09-27,2231313.25
2012-09-28,2366835.0
2012-10-08,1682648.5
2012-10-09,2567093.25
2012-10-10,2665532.5
2012-10-11,2435736.5
2012-10-12,2201618.75
2012-10-15,1946131.63
2012-10-16,2000000.0
2012-10-17,1901954.25
2012-10-18,2677215.0
2012-10-19,2176265.0
2012-10-22,1963517.75
2012-10-23,2295242.5
2012-10-24,2088480.63
2012-10-25,2359233.25
2012-10-26,2219475.25
2012-10-29,1562312.13
2012-10-30,1694006.13
2012-10-31,1634103.63
2012-11-01,2439386.75
2012-11-02,2424793.5
2012-11-05,2269483.0
2012-11-06,2267425.0
2012-11-07,1972967.63
2012-11-08,2122372.0
2012-11-09,1627600.88
2012-11-12,1717455.38
2012-11-13,1773547.75
2012-11-14,1523418.75
2012-11-15,1544039.63
2012-11-16,1464192.88
2012-11-19,1321246.0
2012-11-20,1233975.0
2012-11-21,1514444.13
2012-11-22,1267868.0
2012-11-23,1288634.63
2012-11-26,1150002.13
2012-11-27,1469321.88
2012-11-28,1369396.0
2012-11-29,1329112.5
2012-11-30,1334070.38
2012-12-03,1508919.75
2012-12-04,1658853.25
2012-12-05,2729762.0
2012-12-06,2068690.5
2012-12-07,2773075.25
2012-12-10,2973212.5
2012-12-11,2593855.75
2012-12-12,2040366.5
2012-12-13,1910318.5
2012-12-14,3811189.25
2012-12-17,4035774.5
2012-12-18,3597722.5
2012-12-19,2857341.0
2012-12-20,2858313.5
2012-12-21,3232627.0
2012-12-24,2476470.5
2012-12-25,4103177.75
2012-12-26,3719863.5
2012-12-27,3834671.5
2012-12-28,3339366.0
2012-12-31,3836638.5
2013-01-04,3834898.0
2013-01-07,3630373.25
2013-01-08,4451941.5
2013-01-09,4356806.0
2013-01-10,3940845.5
2013-01-11,4262927.5
2013-01-14,4929249.5
2013-01-15,6117758.0
2013-01-16,5578655.5
2013-01-17,4161211.25
2013-01-18,4433989.0
2013-01-21,4581988.0
2013-01-22,4724716.5
2013-01-23,3805125.0
2013-01-24,4952034.0
2013-01-25,3339850.75
2013-01-28,4168478.25
2013-01-29,4518702.5
2013-01-30,4699070.5
2013-01-31,4309244.0
2013-02-01,4218512.0
2013-02-04,5038799.0
2013-02-05,4130130.0
2013-02-06,3801062.5
2013-02-07,3659918.25
2013-02-08,3645587.75
2013-02-18,4144824.25
2013-02-19,4269860.5
2013-02-20,4121670.75
2013-02-21,5056519.5
2013-02-22,3975623.0
2013-02-25,3566183.25
2013-02-26,4150413.25
2013-02-27,3661545.5
2013-02-28,4270345.0
2013-03-01,4791379.0
2013-03-04,5862453.0
2013-03-05,4767903.0
2013-03-06,5548283.5
2013-03-07,5349672.5
2013-03-08,3838106.75
2013-03-11,3101043.5
2013-03-12,4071983.5
2013-03-13,2882763.5
2013-03-14,2591522.25
2013-03-15,3602972.25
2013-03-18,3416231.0
2013-03-19,3125090.5
2013-03-20,3976786.25
2013-03-21,4525050.5
2013-03-22,3873728.0
2013-03-25,3732361.25
2013-03-26,3574332.5
2013-03-27,3543008.5
2013-03-28,3704915.5
2013-03-29,2862955.0
2013-04-01,3016740.0
2013-04-02,3518273.5
2013-04-03,3256082.75
2013-04-08,3225284.0
2013-04-09,3087849.25
2013-04-10,3310360.25
2013-04-11,2864237.0
2013-04-12,2619890.5
2013-04-15,2558017.75
2013-04-16,2581222.75
2013-04-17,2672703.0
2013-04-18,2986535.5
2013-04-19,3985924.5
2013-04-22,4127381.0
2013-04-23,3977006.25
2013-04-24,4052412.5
2013-04-25,4695303.0
2013-04-26,3480165.5
2013-05-02,2807710.5
2013-05-03,3565963.25
2013-05-06,4247658.5
2013-05-07,4009991.0
2013-05-08,4130743.0
2013-05-09,4915102.5
2013-05-10,4481788.0
2013-05-13,3893204.25
2013-05-14,3683508.25
2013-05-15,3703774.5
2013-05-16,5060254.0
2013-05-17,5499764.0
2013-05-20,6673855.0
2013-05-21,6634795.5
2013-05-22,6303752.0
2013-05-23,5447309.5
2013-05-24,4892706.5
2013-05-27,5550875.5
2013-05-28,5886107.0
2013-05-29,5709610.5
2013-05-30,5548391.0
2013-05-31,5620761.0
2013-06-03,4939159.0
2013-06-04,4861052.0
2013-06-05,3701010.75
2013-06-06,3801394.5
2013-06-07,3955866.5
2013-06-13,3426450.0
2013-06-14,3526595.75
2013-06-17,3732897.5
2013-06-18,3136948.75
2013-06-19,3210753.75
2013-06-20,3256364.75
2013-06-21,3075653.75
2013-06-24,3650660.75
2013-06-25,4425033.0
2013-06-26,3822484.75
2013-06-27,4251743.0
2013-06-28,3497963.5
2013-07-01,3360871.0
2013-07-02,3956344.75
2013-07-03,4255634.5
2013-07-04,4434711.5
2013-07-05,4066975.0
2013-07-08,3628424.0
2013-07-09,2815038.25
2013-07-10,3871169.0
2013-07-11,5689856.0
2013-07-12,5005630.5
2013-07-15,4560910.0
2013-07-16,4830841.0
2013-07-17,4905506.5
2013-07-18,4574485.5
2013-07-19,4988975.0
2013-07-22,4178775.25
2013-07-23,5332269.5
2013-07-24,5631692.5
2013-07-25,5156267.5
2013-07-26,3898141.0
2013-07-29,3666878.5
2013-07-30,3495345.0
2013-07-31,3339308.5
2013-08-01,4226987.0
2013-08-02,4442990.0
2013-08-05,4011530.25
2013-08-06,4733557.5
2013-08-07,4997641.5
2013-08-08,4118510.0
2013-08-09,4382152.5
2013-08-12,5321449.0
2013-08-13,4569816.5
2013-08-14,4703333.5
2013-08-15,4162624.75
2013-08-16,4914854.0
2013-08-19,3541700.5
2013-08-20,4094268.5
2013-08-21,3900216.0
2013-08-22,4326663.5
2013-08-23,5253856.5
2013-08-26,5084850.0
2013-08-27,5158301.0
2013-08-28,6358574.5
2013-08-29,5334596.5
2013-08-30,6402844.5
2013-09-02,5281847.5
2013-09-03,5010869.0
2013-09-04,5448635.5
2013-09-05,5468716.5
2013-09-06,5698930.5
2013-09-09,6725350.5
2013-09-10,7177071.0
2013-09-11,7601624.5
2013-09-12,5744864.0
2013-09-13,5640949.5
2013-09-16,5264403.0
2013-09-17,5308875.0
2013-09-18,4366816.0
2013-09-23,5649089.5
2013-09-24,6394787.5
2013-09-25,6788669.0
2013-09-26,5676348.0
2013-09-27,4402420.5
2013-09-30,4176348.75
2013-10-08,5549892.0
2013-10-09,5812606.0
2013-10-10,6629304.5
2013-10-11,6867864.5
2013-10-14,7297105.0
2013-10-15,7295026.0
2013-10-16,7572234.0
2013-10-17,6320138.0
2013-10-18,4804687.5
2013-10-21,6477899.5
2013-10-22,7463974.5
2013-10-23,6295120.0
2013-10-24,4276768.5
2013-10-25,4938709.5
2013-10-28,3870876.5
2013-10-29,5144464.5
2013-10-30,3869649.25
2013-10-31,3803066.75
2013-11-01,3091488.5
2013-11-04,3052202.0
2013-11-05,3635384.0
2013-11-06,4129844.75
2013-11-07,3308762.5
2013-11-08,3262437.5
2013-11-11,2634025.0
2013-11-12,2835183.75
2013-11-13,3007479.75
2013-11-14,3163453.5
2013-11-15,4710781.0
2013-11-18,5355569.5
2013-11-19,4908384.5
2013-11-20,4667650.0
2013-11-21,4910639.0
2013-11-22,4540428.5
2013-11-25,4287001.0
2013-11-26,4046372.0
2013-11-27,4676126.5
2013-11-28,5313033.5
2013-11-29,4941128.0
2013-12-02,6479145.5
2013-12-03,4523870.0
2013-12-04,6160507.5
2013-12-05,4848498.5
2013-12-06,4172985.25
2013-12-09,4076621.5
2013-12-10,4566998.0
2013-12-11,4369903.0
2013-12-12,3845452.5
2013-12-13,3520997.5
2013-12-16,4016244.25
2013-12-17,3162862.5
2013-12-18,2649771.75
2013-12-19,2759402.75
2013-12-20,2858162.25
2013-12-23,2695001.0
2013-12-24,2995805.75
2013-12-25,2951551.25
2013-12-26,3300078.0
2013-12-27,3163239.5
2013-12-30,3093681.0
2013-12-31,2931088.0
2014-01-02,3141780.75
2014-01-03,3585163.25
2014-01-06,3308907.5
2014-01-07,2758759.0
2014-01-08,3258900.25
2014-01-09,3435202.25
2014-01-10,2975986.0
2014-01-13,2765248.5
2014-01-14,2786493.5
2014-01-15,3017856.25
2014-01-16,2967460.75
2014-01-17,2583278.25
2014-01-20,2479185.5
2014-01-21,2921557.5
2014-01-22,4210224.5
2014-01-23,4404332.0
2014-01-24,4882000.5
2014-01-27,4598300.0
2014-01-28,3546833.25
2014-01-29,3665382.5
2014-01-30,3095212.75
2014-02-07,3758497.75
2014-02-10,6283062.5
2014-02-11,6642760.5
2014-02-12,6018998.0
2014-02-13,6211013.5
2014-02-14,5226541.0
2014-02-17,6559395.5
2014-02-18,6676622.5
2014-02-19,6315450.0
2014-02-20,6230013.0
2014-02-21,4722893.0
2014-02-24,5282139.0
2014-02-25,7006122.0
2014-02-26,4976485.0
2014-02-27,5731627.0
2014-02-28,4825451.0
2014-03-03,5349570.0
2014-03-04,5460243.0
2014-03-05,5192840.0
2014-03-06,4661462.0
2014-03-07,4559634.5
2014-03-10,4734855.0
2014-03-11,3745024.5
2014-03-12,3697669.75
2014-03-13,3413759.0
2014-03-14,3340619.25
2014-03-17,3877443.5
2014-03-18,4408043.0
2014-03-19,3924888.75
2014-03-20,4482961.0
2014-03-21,4526960.0
2014-03-24,4581678.5
2014-03-25,4524407.5
2014-03-26,3974713.0
2014-03-27,4158128.5
2014-03-28,4384489.0
2014-03-31,3109709.5
2014-04-01,2933250.75
2014-04-02,3420747.75
2014-04-03,3395864.75
2014-04-04,3245279.0
2014-04-08,3771292.5
2014-04-09,3998031.5
2014-04-10,4675270.5
2014-04-11,3956685.5
2014-04-14,3782028.5
2014-04-15,4171377.0
2014-04-16,3475989.75
2014-04-17,3558763.25
2014-04-18,3224762.25
2014-04-21,3825341.25
2014-04-22,3921830.25
2014-04-23,2937431.75
2014-04-24,2978161.75
2014-04-25,3176396.5
2014-04-28,3149524.5
2014-04-29,2475744.75
2014-04-30,2345015.5
2014-05-05,2473903.75
2014-05-06,2805098.0
2014-05-07,2631537.75
2014-05-08,2622656.75
2014-05-09,2574320.25
2014-05-12,3684065.25
2014-05-13,3173640.5
2014-05-14,2492168.5
2014-05-15,2778683.0
2014-05-16,2372798.0
2014-05-19,2174860.0
2014-05-20,2317028.75
2014-05-21,2170564.25
2014-05-22,2818721.25
2014-05-23,2692728.75
2014-05-26,3359179.25
2014-05-27,3196232.75
2014-05-28,3578255.75
2014-05-29,3796702.5
2014-05-30,3384705.25
2014-06-03,2929559.25
2014-06-04,2898444.75
2014-06-05,2807955.75
2014-06-06,2879645.0
2014-06-09,2643400.75
2014-06-10,3034445.75
2014-06-11,3229165.25
2014-06-12,3417592.75
2014-06-13,4032219.5
2014-06-16,4102514.25
2014-06-17,3900492.25
2014-06-18,3942119.75
2014-06-19,4022689.5
2014-06-20,2725032.25
2014-06-23,3081152.0
2014-06-24,3339677.0
2014-06-25,2976918.75
2014-06-26,3836305.5
2014-06-27,4425652.5
2014-06-30,4585276.5
2014-07-01,4678025.5
2014-07-02,4925853.0
2014-07-03,5506789.0
2014-07-04,4999747.5
2014-07-07,4812908.5
2014-07-08,5011433.0
2014-07-09,5678529.0
2014-07-10,4969396.5
2014-07-11,5224133.5
2014-07-14,5809542.5
2014-07-15,6077369.0
2014-07-16,5418889.5
2014-07-17,4453189.0
2014-07-18,4468425.0
2014-07-21,4078309.0
2014-07-22,5030859.0
2014-07-23,5266795.0
2014-07-24,5448518.0
2014-07-25,4902236.0
2014-07-28,7042885.0
2014-07-29,7553899.5
2014-07-30,6838060.5
2014-07-31,6534746.0
2014-08-01,7445150.0
2014-08-04,6171298.0
2014-08-05,6840808.5
2014-08-06,7010553.0
2014-08-07,6709677.5
2014-08-08,5664109.0
2014-08-11,6378288.5
2014-08-12,6697660.0
2014-08-13,7242503.0
2014-08-14,7165979.0
2014-08-15,6488797.5
2014-08-18,7248715.0
2014-08-19,8082471.5
2014-08-20,7459234.0
2014-08-21,7226755.5
2014-08-22,7198984.5
2014-08-25,6917550.0
2014-08-26,6880172.5
2014-08-27,5705686.5
2014-08-28,5570909.5
2014-08-29,4596209.5
2014-09-01,6259438.5
2014-09-02,8729095.0
2014-09-03,9111414.0
2014-09-04,9529422.0
2014-09-05,9152780.0
2014-09-09,9054143.0
2014-09-10,8662621.0
2014-09-11,9954894.0
2014-09-12,7810171.5
2014-09-15,9372709.0
2014-09-16,11574694.0
2014-09-17,8073993.5
2014-09-18,7004153.5
2014-09-19,7150869.5
2014-09-22,7502884.0
2014-09-23,7212282.0
2014-09-24,8579544.0
2014-09-25,9284941.0
2014-09-26,7521479.0
2014-09-29,8237393.5
2014-09-30,8426688.0
2014-10-08,9269766.0
2014-10-09,10697082.0
2014-10-10,9866373.0
2014-10-13,8636291.0
2014-10-14,8560076.0
2014-10-15,8428975.0
2014-10-16,9760021.0
2014-10-17,8458343.0
2014-10-20,6736582.5
2014-10-21,6927641.0
2014-10-22,6401360.0
2014-10-23,6554561.0
2014-10-24,5533113.5
2014-10-27,5526877.5
2014-10-28,7649554.5
2014-10-29,10641599.0
2014-10-30,9848613.0
2014-10-31,9218222.0
2014-11-03,9156009.0
2014-11-04,9117686.0
2014-11-05,8115228.0
2014-11-06,8022718.0
2014-11-07,9718774.0
2014-11-10,8530361.0
2014-11-11,10490884.0
2014-11-12,7205652.0
2014-11-13,8898295.0
2014-11-14,6586866.0
2014-11-17,7005672.0
2014-11-18,6265236.5
2014-11-19,6884244.0
2014-11-20,6057257.0
2014-11-21,7466684.5
2014-11-24,11860731.0
2014-11-25,11319847.0
2014-11-26,11742749.0
2014-11-27,12543295.0
2014-11-28,13049284.0
2014-12-01,12086930.0
2014-12-02,11762776.0
2014-12-03,16412965.0
2014-12-04,16898538.0
2014-12-05,19282240.0
2014-12-08,17305296.0
2014-12-09,21857064.0
2014-12-10,14355343.0
2014-12-11,15223924.0
2014-12-12,12846147.0
2014-12-15,14882493.0
2014-12-16,14413095.0
2014-12-17,15057786.0
2014-12-18,12327236.0
2014-12-19,14895581.0
2014-12-22,16163457.0
2014-12-23,10444240.0
2014-12-24,9531671.0
2014-12-25,10009461.0
2014-12-26,11912059.0
2014-12-29,13605691.0
2014-12-30,11420766.0
2014-12-31,10448603.0
2015-01-05,13934304.0
2015-01-06,14032809.0
2015-01-07,11178708.0
2015-01-08,10852098.0
2015-01-09,10539025.0
2015-01-12,8936351.0
2015-01-13,8471107.0
2015-01-14,8321591.5
2015-01-15,8158060.5
2015-01-16,10467160.0
2015-01-19,12191833.0
2015-01-20,11383715.0
2015-01-21,13779498.0
2015-01-22,13477839.0
2015-01-23,12408790.0
2015-01-26,12601565.0
2015-01-27,13960629.0
2015-01-28,12383349.0
2015-01-29,10290462.0
2015-01-30,10002060.0
2015-02-02,8782891.0
2015-02-03,9856593.0
2015-02-04,10484686.0
2015-02-05,11497682.0
2015-02-06,9559715.0
2015-02-09,7125854.0
2015-02-10,7286417.0
2015-02-11,7847844.0
2015-02-12,8626085.0
2015-02-13,11077738.0
2015-02-16,11300920.0
2015-02-17,10730205.0
2015-02-25,10996583.0
2015-02-26,11371119.0
2015-02-27,12533725.0
2015-03-02,16861502.0
2015-03-03,19186922.0
2015-03-04,15943239.0
2015-03-05,16006924.0
2015-03-06,14337638.0
2015-03-09,12780103.0
2015-03-10,13564766.0
2015-03-11,13149519.0
2015-03-12,13532267.0
2015-03-13,12728014.0
2015-03-16,18942384.0
2015-03-17,23549644.0
2015-03-18,22126520.0
2015-03-19,22609898.0
2015-03-20,21847706.0
2015-03-23,24956070.0
2015-03-24,28724124.0
2015-03-25,25569844.0
2015-03-26,24653840.0
2015-03-27,18986414.0
2015-03-30,23831222.0
2015-03-31,25329332.0
2015-04-01,23748124.0
2015-04-02,26062900.0
2015-04-03,26430508.0
2015-04-07,28605484.0
2015-04-08,30771210.0
2015-04-09,29184294.0
2015-04-10,25967264.0
2015-04-13,29700378.0
2015-04-14,29814604.0
2015-04-15,26648350.0
2015-04-16,23008520.0
2015-04-17,29925500.0
2015-04-20,33034902.0
2015-04-21,27244848.0
2015-04-22,31865248.0
2015-04-23,32287434.0
2015-04-24,30402750.0
2015-04-27,30731396.0
2015-04-28,30363730.0
2015-04-29,24841378.0
2015-04-30,25289894.0
2015-05-04,23526900.0
2015-05-05,23791488.0
2015-05-06,21929826.0
2015-05-07,17922292.0
2015-05-08,20315366.0
2015-05-11,26845522.0
2015-05-12,30103176.0
2015-05-13,31730502.0
2015-05-14,27216750.0
2015-05-15,25682454.0
2015-05-18,25535082.0
2015-05-19,27085800.0
2015-05-20,34143720.0
2015-05-21,33992012.0
2015-05-22,40887200.0
2015-05-25,41572508.0
2015-05-26,45416744.0
2015-05-27,44844452.0
2015-05-28,48452560.0
2015-05-29,36569360.0
2015-06-01,35213000.0
2015-06-02,41321344.0
2015-06-03,42251628.0
2015-06-04,41610584.0
2015-06-05,48426704.0
2015-06-08,45781856.0
2015-06-09,36524312.0
2015-06-10,37512116.0
2015-06-11,38179856.0
2015-06-12,42543324.0
2015-06-15,42589092.0
2015-06-16,36299036.0
2015-06-17,32153614.0
2015-06-18,30739330.0
2015-06-19,26033954.0
2015-06-23,25519644.0
2015-06-24,30064276.0
2015-06-25,31482928.0
2015-06-26,24720632.0
2015-06-29,29129382.0
2015-06-30,30672346.0
2015-07-01,28764238.0
2015-07-02,23642750.0
2015-07-03,21190812.0
2015-07-06,29517322.0
2015-07-07,13075688.0
2015-07-08,30633270.0
2015-07-09,11377446.0
2015-07-10,9242770.0
2015-07-13,17473160.0
2015-07-14,24987792.0
2015-07-15,23173414.0
2015-07-16,20052046.0
2015-07-17,20839414.0
2015-07-20,25254256.0
2015-07-21,22296232.0
2015-07-22,25046170.0
2015-07-23,27374454.0
2015-07-24,31978366.0
2015-07-27,27780760.0
2015-07-28,26554886.0
2015-07-29,20702268.0
2015-07-30,22832742.0
2015-07-31,16976302.0
2015-08-03,16512159.0
2015-08-04,17549724.0
2015-08-05,18615322.0
2015-08-06,13735146.0
2015-08-07,17059608.0
2015-08-10,23079952.0
2015-08-11,26307458.0
2015-08-12,21793160.0
2015-08-13,21670692.0
2015-08-14,26236590.0
2015-08-17,26434670.0
2015-08-18,29532546.0
2015-08-19,24773554.0
2015-08-20,21550166.0
2015-08-21,19379000.0
2015-08-24,12350631.0
2015-08-25,12780281.0
2015-08-26,17811658.0
2015-08-27,14810825.0
2015-08-28,17836490.0
2015-08-31,14829684.0
2015-09-01,11281846.0
2015-09-02,13064020.0
2015-09-07,12312544.0
2015-09-08,9958093.0
2015-09-09,18511848.0
2015-09-10,12923179.0
2015-09-11,11334923.0
2015-09-14,13810201.0
2015-09-15,9745980.0
2015-09-16,11335010.0
2015-09-17,14529477.0
2015-09-18,9461160.0
2015-09-21,12311340.0
2015-09-22,14248855.0
2015-09-23,12188314.0
2015-09-24,11199463.0
2015-09-25,11527717.0
2015-09-28,8118313.0
2015-09-29,8163015.0
2015-09-30,6958004.0
2015-10-08,11765325.0
2015-10-09,12266645.0
2015-10-12,19487254.0
2015-10-13,16700850.0
2015-10-14,16253262.0
2015-10-15,17673502.0
2015-10-16,21465582.0
2015-10-19,21321988.0
2015-10-20,19131476.0
2015-10-21,23818208.0
2015-10-22,18402258.0
2015-10-23,23132550.0
2015-10-26,23611632.0
2015-10-27,21078234.0
2015-10-28,19411870.0
2015-10-29,16216687.0
2015-10-30,16436627.0
2015-11-02,15787255.0
2015-11-03,13147573.0
2015-11-04,20347522.0
2015-11-05,26874804.0
2015-11-06,22562936.0
2015-11-09,26931394.0
2015-11-10,25190320.0
2015-11-11,22728228.0
2015-11-12,25405688.0
2015-11-13,23187900.0
2015-11-16,18760274.0
2015-11-17,25897660.0
2015-11-18,19182442.0
2015-11-19,17580720.0
2015-11-20,23453670.0
2015-11-23,22760382.0
2015-11-24,16854130.0
2015-11-25,20653588.0
2015-11-26,22945232.0
2015-11-27,23434060.0
2015-11-30,19679952.0
2015-12-01,17343912.0
2015-12-02,14975764.0
2015-12-03,14296397.0
2015-12-04,15487625.0
2015-12-07,14683036.0
2015-12-08,14723005.0
2015-12-09,13230128.0
2015-12-10,12950662.0
2015-12-11,11188043.0
2015-12-14,11922886.0
2015-12-15,13420782.0
2015-12-16,13808262.0
2015-12-17,19982058.0
2015-12-18,18399526.0
2015-12-21,18073042.0
2015-12-22,17582688.0
2015-12-23,18690448.0
2015-12-24,14133122.0
2015-12-25,12880708.0
2015-12-28,17049374.0
2015-12-29,12087394.0
2015-12-30,13940726.0
2015-12-31,13228691.0
2016-01-04,11508903.0
2016-01-05,15671730.0
2016-01-06,13635147.0
2016-01-07,3478154.5
2016-01-08,13893399.0
2016-01-11,13311964.0
2016-01-12,10572720.0
2016-01-13,9845670.0
2016-01-14,10425513.0
2016-01-15,10227731.0
2016-01-18,8698031.0
2016-01-19,10618550.0
2016-01-20,11339451.0
2016-01-21,10055530.0
2016-01-22,8442937.0
2016-01-25,7867768.0
2016-01-26,9810410.0
2016-01-27,9535493.0
2016-01-28,7315274.0
2016-01-29,7830370.5
2016-02-01,7086333.0
2016-02-02,7567418.0
2016-02-03,7062492.0
2016-02-04,8322621.5
2016-02-05,6532197.0
2016-02-15,6335130.5
2016-02-16,9853491.0
2016-02-17,10785701.0
2016-02-18,11010974.0
2016-02-19,8684912.0
2016-02-22,11080161.0
2016-02-23,10655679.0
2016-02-24,11111413.0
2016-02-25,12959709.0
2016-02-26,9175633.0
2016-02-29,9337591.0
2016-03-01,8722259.0
2016-03-02,11796321.0
2016-03-03,13629862.0
2016-03-04,11745500.0
2016-03-07,9446728.0
2016-03-08,10636870.0
2016-03-09,8080488.0
2016-03-10,6729808.5
2016-03-11,5544998.5
2016-03-14,9515350.0
2016-03-15,8260704.5
2016-03-16,6954298.0
2016-03-17,10617793.0
2016-03-18,15775613.0
2016-03-21,16676133.0
2016-03-22,13991576.0
2016-03-23,11855859.0
2016-03-24,13487574.0
2016-03-25,10321495.0
2016-03-28,12427786.0
2016-03-29,9995009.0
2016-03-30,11651074.0
2016-03-31,13021639.0
2016-04-01,10923606.0
2016-04-05,13735980.0
2016-04-06,13941036.0
2016-04-07,14535244.0
2016-04-08,11727351.0
2016-04-11,13613543.0
2016-04-12,11867112.0
2016-04-13,16848194.0
2016-04-14,12615161.0
2016-04-15,10842543.0
2016-04-18,10685601.0
2016-04-19,9425091.0
2016-04-20,15125661.0
2016-04-21,10642176.0
2016-04-22,8010965.0
2016-04-25,7355579.5
2016-04-26,7337321.5
2016-04-27,8074169.5
2016-04-28,7901596.0
2016-04-29,6677769.5
2016-05-03,10342619.0
2016-05-04,10522334.0
2016-05-05,9183135.0
2016-05-06,13080958.0
2016-05-09,9696999.0
2016-05-10,6688309.0
2016-05-11,7623441.0
2016-05-12,7435807.0
2016-05-13,7080283.5
2016-05-16,7691859.5
2016-05-17,8843207.0
2016-05-18,7948419.0
2016-05-19,7691566.5
2016-05-20,7672935.0
2016-05-23,8582908.0
2016-05-24,7637260.5
2016-05-25,7409091.5
2016-05-26,7941682.0
2016-05-27,8077165.5
2016-05-30,6512580.0
2016-05-31,12390310.0
2016-06-01,13068357.0
2016-06-02,10878202.0
2016-06-03,11759851.0
2016-06-06,10211930.0
2016-06-07,9504544.0
2016-06-08,10210551.0
2016-06-13,11781032.0
2016-06-14,8136991.5
2016-06-15,12243453.0
2016-06-16,13339714.0
2016-06-17,11815231.0
2016-06-20,10049197.0
2016-06-21,11873071.0
2016-06-22,9302646.0
2016-06-23,10360436.0
2016-06-24,12550798.0
2016-06-27,11158601.0
2016-06-28,12768294.0
2016-06-29,12177535.0
2016-06-30,10344260.0
2016-07-01,9645434.0
2016-07-04,12565274.0
2016-07-05,13687496.0
2016-07-06,12187595.0
2016-07-07,15162561.0
2016-07-08,11685624.0
2016-07-11,13977140.0
2016-07-12,14846856.0
2016-07-13,14346736.0
2016-07-14,12487734.0
2016-07-15,12033771.0
2016-07-18,11629951.0
2016-07-19,10930825.0
2016-07-20,10144529.0
2016-07-21,11736396.0
2016-07-22,11481454.0
2016-07-25,10567117.0
2016-07-26,10316681.0
2016-07-27,17467332.0
2016-07-28,11443891.0
2016-07-29,9032655.0
2016-08-01,8769164.0
2016-08-02,6628810.5
2016-08-03,8088512.0
2016-08-04,8422816.0
2016-08-05,8140822.0
2016-08-08,8708772.0
2016-08-09,9279468.0
2016-08-10,9137297.0
2016-08-11,8406850.0
2016-08-12,7760888.0
2016-08-15,13618872.0
2016-08-16,13036465.0
2016-08-17,11022155.0
2016-08-18,12024789.0
2016-08-19,10080766.0
2016-08-22,10190782.0
2016-08-23,8688214.0
2016-08-24,8333614.5
2016-08-25,9085989.0
2016-08-26,8820084.0
2016-08-29,8235564.0
2016-08-30,7408058.5
2016-08-31,7503351.0
2016-09-01,8100450.5
2016-09-02,7851954.0
2016-09-05,7641915.5
2016-09-06,10482852.0
2016-09-07,10943148.0
2016-09-08,8782361.0
2016-09-09,9531131.0
2016-09-12,10474291.0
2016-09-13,8151286.5
2016-09-14,6911238.0
2016-09-19,6381391.5
2016-09-20,6274195.0
2016-09-21,6015214.0
2016-09-22,7395951.5
2016-09-23,7204647.5
2016-09-26,8092079.0
2016-09-27,6361381.5
2016-09-28,5555797.0
2016-09-29,5811282.0
2016-09-30,5259056.5
2016-10-10,8777558.0
2016-10-11,8990767.0
2016-10-12,7759576.5
2016-10-13,7849409.5
2016-10-14,7544431.5
2016-10-17,8374364.5
2016-10-18,8604453.0
2016-10-19,8727698.0
2016-10-20,7563463.0
2016-10-21,8361717.0
2016-10-24,9311944.0
2016-10-25,9431537.0
2016-10-26,9178060.0
2016-10-27,7666290.5
2016-10-28,7971207.0
2016-10-31,7176841.5
2016-11-01,7225117.0
2016-11-02,8289830.5
2016-11-03,8868329.0
2016-11-04,8164050.5
2016-11-07,7632626.5
2016-11-08,7850814.0
2016-11-09,9651728.0
2016-11-10,9615756.0
2016-11-11,11768314.0
2016-11-14,12907281.0
2016-11-15,10778460.0
2016-11-16,10279405.0
2016-11-17,8772899.0
2016-11-18,8690268.0
2016-11-21,9065261.0
2016-11-22,10198460.0
2016-11-23,10390439.0
2016-11-24,10472024.0
2016-11-25,10002918.0
2016-11-28,10672229.0
2016-11-29,11270027.0
2016-11-30,9135496.0
2016-12-01,8766253.0
2016-12-02,9120322.0
2016-12-05,7562370.5
2016-12-06,6162165.5
2016-12-07,6781969.0
2016-12-08,6758960.5
2016-12-09,7150067.0
2016-12-12,10746325.0
2016-12-13,7594601.5
2016-12-14,8106525.5
2016-12-15,7520982.5
2016-12-16,7133085.0
2016-12-19,7018056.0
2016-12-20,6554459.0
2016-12-21,7059455.0
2016-12-22,6447821.5
2016-12-23,6421856.5
2016-12-26,6086435.0
2016-12-27,5643029.0
2016-12-28,5496147.5
2016-12-29,5111331.5
2016-12-30,5455427.0
2017-01-03,5730300.0
2017-01-04,7853188.5
2017-01-05,7226779.0
2017-01-06,7372300.5
2017-01-09,7431036.0
2017-01-10,7672214.5
2017-01-11,6833189.5
2017-01-12,5725947.5
2017-01-13,5844490.5
2017-01-16,8214841.0
2017-01-17,5401890.5
2017-01-18,4840458.5
2017-01-19,4585410.0
2017-01-20,4901308.5
2017-01-23,5272741.5
2017-01-24,4957112.5
2017-01-25,4374018.5
2017-01-26,4194488.5
2017-02-03,3792919.0
2017-02-06,5003478.0
2017-02-07,5395080.5
2017-02-08,5774214.5
2017-02-09,7490371.5
2017-02-10,8720278.0
2017-02-13,8462508.0
2017-02-14,7587918.5
2017-02-15,8474525.0
2017-02-16,7578552.0
2017-02-17,8070573.5
2017-02-20,8032570.5
2017-02-21,8622204.0
2017-02-22,9559776.0
2017-02-23,9927724.0
2017-02-24,8542622.0
2017-02-27,8101182.0
2017-02-28,7117020.5
2017-03-01,8317765.0
2017-03-02,8409292.0
2017-03-03,7889159.0
2017-03-06,8385315.5
2017-03-07,8233058.5
2017-03-08,7504947.0
2017-03-09,7394933.0
2017-03-10,6999941.0
2017-03-13,8120111.0
2017-03-14,7454811.0
2017-03-15,6910401.0
2017-03-16,8480925.0
2017-03-17,8991115.0
2017-03-20,7636396.5
2017-03-21,7578403.0
2017-03-22,8833215.0
2017-03-23,9566509.0
2017-03-24,9976424.0
2017-03-27,9160983.0
2017-03-28,7454654.5
2017-03-29,9414572.0
2017-03-30,10255915.0
2017-03-31,8186992.0
2017-04-05,11026162.0
2017-04-06,10653808.0
2017-04-07,11514578.0
2017-04-10,11794978.0
2017-04-11,14820062.0
2017-04-12,12563406.0
2017-04-13,9572206.0
2017-04-14,10751894.0
2017-04-17,9932375.0
2017-04-18,9141777.0
2017-04-19,9557725.0
2017-04-20,9205549.0
2017-04-21,7218753.5
2017-04-24,7858655.0
2017-04-25,7371402.5
2017-04-26,8143287.0
2017-04-27,10169192.0
2017-04-28,7670599.5
2017-05-02,8355311.0
2017-05-03,8557428.0
2017-05-04,8991559.0
2017-05-05,8129248.5
2017-05-08,7631120.0
2017-05-09,6272295.5
2017-05-10,7146719.5
2017-05-11,7758840.0
2017-05-12,6260681.0
2017-05-15,5891184.0
2017-05-16,8403610.0
2017-05-17,8458869.0
2017-05-18,7097174.5
2017-05-19,6466896.5
2017-05-22,6610113.0
2017-05-23,7077945.5
2017-05-24,6284534.0
2017-05-25,7535189.0
2017-05-26,6569250.0
2017-05-31,6622130.5
2017-06-01,6549026.5
2017-06-02,6156250.0
2017-06-05,5977583.5
2017-06-06,5323782.0
2017-06-07,8174200.5
2017-06-08,7475301.0
2017-06-09,6957473.0
2017-06-12,7021458.0
2017-06-13,7075318.0
2017-06-14,7147643.5
2017-06-15,7327715.5
2017-06-16,6628770.0
2017-06-19,6731521.5
2017-06-20,7779051.0
2017-06-21,6685667.5
2017-06-22,8235032.5
2017-06-23,7395125.0
2017-06-26,8632809.0
2017-06-27,7556327.0
2017-06-28,7145033.5
2017-06-29,7084631.5
2017-06-30,6636172.0
2017-07-03,7424824.0
2017-07-04,7670882.5
2017-07-05,8304121.5
2017-07-06,9762627.0
2017-07-07,9388548.0
2017-07-10,10458174.0
2017-07-11,9079535.0
2017-07-12,8955463.0
2017-07-13,9625174.0
2017-07-14,8074368.5
2017-07-17,11304098.0
2017-07-18,8383152.0
2017-07-19,10884529.0
2017-07-20,10575523.0
2017-07-21,9718232.0
2017-07-24,11432777.0
2017-07-25,10268576.0
2017-07-26,10571142.0
2017-07-27,12128320.0
2017-07-28,10484855.0
2017-07-31,12977322.0
2017-08-01,11691791.0
2017-08-02,13273276.0
2017-08-03,11316404.0
2017-08-04,14009831.0
2017-08-07,11407508.0
2017-08-08,13124329.0
2017-08-09,12398880.0
2017-08-10,12793827.0
2017-08-11,13155916.0
2017-08-14,11333548.0
2017-08-15,10758595.0
2017-08-16,11320784.0
2017-08-17,11945689.0
2017-08-18,11149065.0
2017-08-21,10573363.0
2017-08-22,11675843.0
2017-08-23,9421329.0
2017-08-24,8646352.0
2017-08-25,9469894.0
2017-08-28,12334786.0
2017-08-29,11143448.0
2017-08-30,11551379.0
2017-08-31,11091064.0
2017-09-01,14086244.0
2017-09-04,14387687.0
2017-09-05,12012520.0
2017-09-06,13623849.0
2017-09-07,13394073.0
2017-09-08,12091239.0
2017-09-11,13467449.0
2017-09-12,19029436.0
2017-09-13,13652161.0
2017-09-14,14542630.0
2017-09-15,13407715.0
2017-09-18,11067066.0
2017-09-19,11750867.0
2017-09-20,12653409.0
2017-09-21,12114362.0
2017-09-22,10327419.0
2017-09-25,9743834.0
2017-09-26,8251455.0
2017-09-27,9475243.0
2017-09-28,9441908.0
2017-09-29,9176978.0
2017-10-09,11066864.0
2017-10-10,11147928.0
2017-10-11,12091102.0
2017-10-12,9922661.0
2017-10-13,9489231.0
2017-10-16,10921660.0
2017-10-17,7877310.0
2017-10-18,8896327.0
2017-10-19,8525346.0
2017-10-20,7753339.0
2017-10-23,7935001.5
2017-10-24,7860700.0
2017-10-25,8018342.5
2017-10-26,10475221.0
2017-10-27,9044369.0
2017-10-30,10924959.0
2017-10-31,8814184.0
2017-11-01,9298864.0
2017-11-02,9087197.0
2017-11-03,8931592.0
2017-11-06,9392441.0
2017-11-07,9732982.0
2017-11-08,10162590.0
2017-11-09,9351420.0
2017-11-10,11220535.0
2017-11-13,12227042.0
2017-11-14,12040781.0
2017-11-15,10772490.0
2017-11-16,9792840.0
2017-11-17,11582787.0
2017-11-20,9516469.0
2017-11-21,9777888.0
2017-11-22,9981824.0
2017-11-23,10410522.0
2017-11-24,8225834.5
2017-11-27,7809282.0
2017-11-28,7141877.5
2017-11-29,9440901.0
2017-11-30,7770418.5
2017-12-01,7206472.0
2017-12-04,7930155.0
2017-12-05,8740893.0
2017-12-06,7499365.0
2017-12-07,6924509.0
2017-12-08,7239038.5
2017-12-11,7739203.0
2017-12-12,7396480.5
2017-12-13,6467601.5
2017-12-14,7249780.5
2017-12-15,7769046.0
2017-12-18,6713725.0
2017-12-19,6518668.5
2017-12-20,6944601.0
2017-12-21,7390005.0
2017-12-22,7073657.5
2017-12-25,7560434.5
2017-12-26,6911752.0
2017-12-27,7800965.5
2017-12-28,7801023.0
2017-12-29,7184181.0
2018-01-02,8815399.0
2018-01-03,10345469.0
2018-01-04,10292966.0
2018-01-05,9764230.0
2018-01-08,10638959.0
2018-01-09,9283778.0
2018-01-10,9893831.0
2018-01-11,9156921.0
2018-01-12,8977705.0
2018-01-15,11051292.0
2018-01-16,9636486.0
2018-01-17,9969446.0
2018-01-18,7689681.5
2018-01-19,8426317.0
2018-01-22,8547548.0
2018-01-23,8053965.5
2018-01-24,9475409.0
2018-01-25,9599044.0
2018-01-26,8247680.0
2018-01-29,9686208.0
2018-01-30,8157758.5
2018-01-31,8810621.0
2018-02-01,10212205.0
2018-02-02,8955733.0
2018-02-05,7927707.0
2018-02-06,9565594.0
2018-02-07,8896542.0
2018-02-08,6633824.5
2018-02-09,8229167.0
2018-02-12,6143076.0
2018-02-13,6279050.0
2018-02-14,4248998.5
2018-02-22,6199195.0
2018-02-23,6482510.0
2018-02-26,9206486.0
2018-02-27,9028513.0
2018-02-28,8226650.5
2018-03-01,8647040.0
2018-03-02,8613500.0
2018-03-05,8211373.5
2018-03-06,9990015.0
2018-03-07,8493505.0
2018-03-08,7673302.0
2018-03-09,9841323.0
2018-03-12,11723751.0
2018-03-13,9752350.0
2018-03-14,8718523.0
2018-03-15,8297505.5
2018-03-16,7564339.0
2018-03-19,7868189.0
2018-03-20,7842373.5
2018-03-21,9252612.0
2018-03-22,7813587.0
2018-03-23,12104507.0
2018-03-26,9180971.0
2018-03-27,10653887.0
2018-03-28,9097526.0
2018-03-29,8274250.0
2018-03-30,9444533.0
2018-04-02,10991056.0
2018-04-03,8780837.0
2018-04-04,8313453.0
2018-04-09,7925589.0
2018-04-10,8161190.0
2018-04-11,8107983.0
2018-04-12,7270510.0
2018-04-13,6688560.5
2018-04-16,8715167.0
2018-04-17,8800423.0
2018-04-18,9819922.0
2018-04-19,9964895.0
2018-04-20,9055964.0
2018-04-23,8137496.0
2018-04-24,8516201.0
2018-04-25,7886822.0
2018-04-26,7710759.5
2018-04-27,7229576.0
2018-05-02,7876592.5
2018-05-03,8381663.5
2018-05-04,7363927.0
2018-05-07,8348502.5
2018-05-08,8048060.0
2018-05-09,6741387.5
2018-05-10,7231375.0
2018-05-11,7680739.5
2018-05-14,7564189.0
2018-05-15,6954297.0
2018-05-16,7411518.5
2018-05-17,6596738.0
2018-05-18,7089902.5
2018-05-21,8693328.0
2018-05-22,7442913.5
2018-05-23,8262986.0
2018-05-24,6706612.5
2018-05-25,6949201.5
2018-05-28,6865312.0
2018-05-29,6790192.5
2018-05-30,7612763.5
2018-05-31,6519221.5
2018-06-01,6153390.5
2018-06-04,5405030.0
2018-06-05,5645038.5
2018-06-06,5630460.5
2018-06-07,5408937.0
2018-06-08,5876716.5
2018-06-11,4874649.0
2018-06-12,5418950.5
2018-06-13,5394440.5
2018-06-14,4986546.0
2018-06-15,5953759.5
2018-06-19,7692284.5
2018-06-20,5710640.0
2018-06-21,6042934.5
2018-06-22,4989872.5
2018-06-25,4666314.5
2018-06-26,4977335.0
2018-06-27,4861342.5
2018-06-28,4666497.5
2018-06-29,5789481.5
2018-07-02,5862947.5
2018-07-03,6426845.0
2018-07-04,5314382.0
2018-07-05,5263880.5
2018-07-06,6208340.0
2018-07-09,5578637.5
2018-07-10,5456589.0
2018-07-11,5881238.0
2018-07-12,7121504.0
2018-07-13,6121464.0
2018-07-16,5748825.0
2018-07-17,5261020.0
2018-07-18,5739151.0
2018-07-19,5146219.5
2018-07-20,5897132.0
2018-07-23,7120589.0
2018-07-24,8953103.0
2018-07-25,7226687.5
2018-07-26,6527180.5
2018-07-27,5414940.0
2018-07-30,5836701.5
2018-07-31,4934008.5
2018-08-01,5860086.0
2018-08-02,6778609.0
2018-08-03,4828190.5
2018-08-06,5104689.0
2018-08-07,5581344.0
2018-08-08,5340861.0
2018-08-09,6472784.5
2018-08-10,5302520.0
2018-08-13,5793136.0
2018-08-14,4797708.5
2018-08-15,4921932.5
2018-08-16,4742271.5
2018-08-17,4777788.0
2018-08-20,4775372.5
2018-08-21,4888353.0
2018-08-22,4115004.5
2018-08-23,4730248.5
2018-08-24,4174167.75
2018-08-27,5840204.0
2018-08-28,5302865.5
2018-08-29,4512111.0
2018-08-30,4742249.5
2018-08-31,4205287.5
2018-09-03,4649575.0
2018-09-04,5496930.0
2018-09-05,4723998.0
2018-09-06,4457254.0
2018-09-07,5324280.0
2018-09-10,4537600.5
2018-09-11,4221566.0
2018-09-12,3852481.0
2018-09-13,4727921.5
2018-09-14,4493192.0
2018-09-17,3790586.25
2018-09-18,4457916.0
2018-09-19,5567138.0
2018-09-20,4357434.0
2018-09-21,5250771.0
2018-09-25,4264165.0
2018-09-26,5170976.0
2018-09-27,4709782.5
2018-09-28,4593874.0
2018-10-08,4949482.5
2018-10-09,4124402.0
2018-10-10,3954108.0
2018-10-11,6448031.5
2018-10-12,5670063.5
2018-10-15,4484900.0
2018-10-16,4401588.0
2018-10-17,4713772.0
2018-10-18,4038260.75
2018-10-19,4993702.5
2018-10-22,6951099.5
2018-10-23,5444839.5
2018-10-24,4426471.0
2018-10-25,4837184.0
2018-10-26,4682410.0
2018-10-29,4127810.0
2018-10-30,5230815.5
2018-10-31,5324330.5
2018-11-01,6500469.0
2018-11-02,7580881.0
2018-11-05,6615514.5
2018-11-06,5121925.5
2018-11-07,5889653.5
2018-11-08,5152222.5
2018-11-09,4584635.0
2018-11-12,5994962.0
2018-11-13,8498205.0
2018-11-14,7402376.5
2018-11-15,6966888.0
2018-11-16,8238107.0
2018-11-19,8254916.0
2018-11-20,7630024.0
2018-11-21,6529860.0
2018-11-22,5415729.0
2018-11-23,6424513.5
2018-11-26,4564165.0
2018-11-27,4383222.5
2018-11-28,5058174.5
2018-11-29,5260967.5
2018-11-30,4402626.5
2018-12-03,7261744.5
2018-12-04,5631556.0
2018-12-05,5525192.5
2018-12-06,5205136.0
2018-12-07,4125320.0
2018-12-10,4010318.75
2018-12-11,3719424.5
2018-12-12,3582607.0
2018-12-13,4777555.5
2018-12-14,4733530.5
2018-12-17,3856189.0
2018-12-18,3732789.75
2018-12-19,3385434.75
2018-12-20,3473100.0
2018-12-21,3537480.0
2018-12-24,3270612.25
2018-12-25,4375031.5
2018-12-26,3432858.5
2018-12-27,4032776.5
2018-12-28,3735005.5
2019-01-02,3557246.25
2019-01-03,4110371.25
2019-01-04,5223068.0
2019-01-07,5923130.5
2019-01-08,4970013.0
2019-01-09,6151093.0
2019-01-10,4924314.0
2019-01-11,4659996.0
2019-01-14,4476595.5
2019-01-15,5060814.5
2019-01-16,5003006.5
2019-01-17,4842113.5
2019-01-18,5547693.5
2019-01-21,5293764.0
2019-01-22,4782660.5
2019-01-23,4057187.5
2019-01-24,5157205.5
2019-01-25,5250491.0
2019-01-28,4928748.0
2019-01-29,5422381.0
2019-01-30,4246676.0
2019-01-31,4769471.5
2019-02-01,4769347.0
2019-02-11,5674368.0
2019-02-12,6158892.5
2019-02-13,8294047.0
2019-02-14,7016406.0
2019-02-15,6725462.0
2019-02-18,9218994.0
2019-02-19,10570425.0
2019-02-20,8730340.0
2019-02-21,11132912.0
2019-02-22,11154008.0
2019-02-25,19054118.0
2019-02-26,19625756.0
2019-02-27,15547204.0
2019-02-28,11697225.0
2019-03-01,11276539.0
2019-03-04,18378174.0
2019-03-05,16804574.0
2019-03-06,20951326.0
2019-03-07,21481170.0
2019-03-08,22986772.0
2019-03-11,18576688.0
2019-03-12,21621610.0
2019-03-13,20148374.0
2019-03-14,15428929.0
2019-03-15,13968158.0
2019-03-18,15388384.0
2019-03-19,15023366.0
2019-03-20,15438009.0
2019-03-21,18400510.0
2019-03-22,16861044.0
2019-03-25,16638429.0
2019-03-26,16053992.0
2019-03-27,13471450.0
2019-03-28,14131249.0
2019-03-29,16495457.0
2019-04-01,20846484.0
2019-04-02,21601760.0
2019-04-03,18230428.0
2019-04-04,19684528.0
2019-04-08,22290710.0
2019-04-09,16907256.0
2019-04-10,17267158.0
2019-04-11,15739702.0
2019-04-12,12612198.0
2019-04-15,14793291.0
2019-04-16,14739454.0
2019-04-17,15885682.0
2019-04-18,14140685.0
2019-04-19,13350730.0
2019-04-22,14341061.0
2019-04-23,13376825.0
2019-04-24,12197072.0
2019-04-25,13209871.0
2019-04-26,10897082.0
2019-04-29,11971319.0
2019-04-30,9084965.0
2019-05-06,11659752.0
2019-05-07,9766095.0
2019-05-08,8850344.0
2019-05-09,7543886.0
2019-05-10,10392682.0
2019-05-13,8126940.0
2019-05-14,7826915.5
2019-05-15,8815002.0
2019-05-16,9120618.0
2019-05-17,10393111.0
2019-05-20,8427151.0
2019-05-21,9130126.0
2019-05-22,8650794.0
2019-05-23,8258276.5
2019-05-24,6930538.5
2019-05-27,8167836.0
2019-05-28,8364197.5
2019-05-29,7864130.0
2019-05-30,8082255.0
2019-05-31,7573111.5
2019-06-03,8358069.0
2019-06-04,7725080.0
2019-06-05,7277285.5
2019-06-06,7042964.0
2019-06-10,6326536.5
2019-06-11,9966992.0
2019-06-12,9468522.0
2019-06-13,7969710.0
2019-06-14,8314066.5
2019-06-17,6409000.0
2019-06-18,5669490.5
2019-06-19,8824681.0
2019-06-20,10280434.0
2019-06-21,10683274.0
2019-06-24,8644222.0
2019-06-25,8571385.0
2019-06-26,6420671.5
2019-06-27,7711771.0
2019-06-28,7027142.0
2019-07-01,10815718.0
2019-07-02,9161811.0
2019-07-03,7921021.0
2019-07-04,7201648.0
2019-07-05,6055201.0
2019-07-08,8143128.0
2019-07-09,5675542.0
2019-07-10,5526126.0
2019-07-11,5648315.5
2019-07-12,5406454.5
2019-07-15,7586511.5
2019-07-16,6095897.5
2019-07-17,6586076.5
2019-07-18,5984889.0
2019-07-19,5739076.5
2019-07-22,6119881.5
2019-07-23,4830096.0
2019-07-24,6358610.0
2019-07-25,6554081.5
2019-07-26,5719068.5
2019-07-29,5481576.0
2019-07-30,6555397.5
2019-07-31,5877618.5
2019-08-01,6180193.0
2019-08-02,7384804.5
2019-08-05,6902591.5
2019-08-06,8423933.0
2019-08-07,6234472.5
2019-08-08,5674320.5
2019-08-09,6447732.5
2019-08-12,6214804.5
2019-08-13,5773056.5
2019-08-14,6943852.0
2019-08-15,7261838.5
2019-08-16,7650243.5
2019-08-19,10514437.0
2019-08-20,9482527.0
2019-08-21,8312177.5
2019-08-22,8203136.0
2019-08-23,8117888.5
2019-08-26,8678026.0
2019-08-27,10537628.0
2019-08-28,9216854.0
2019-08-29,9406243.0
2019-08-30,10813546.0
2019-09-02,10920432.0
2019-09-03,11505272.0
2019-09-04,12320842.0
2019-09-05,16073703.0
2019-09-06,12260522.0
2019-09-09,13954230.0
2019-09-10,13817523.0
2019-09-11,11906234.0
2019-09-12,9987427.0
2019-09-16,11696395.0
2019-09-17,11365622.0
2019-09-18,9204412.0
2019-09-19,9272418.0
2019-09-20,10427035.0
2019-09-23,10375723.0
2019-09-24,10859022.0
2019-09-25,10376893.0
2019-09-26,10090921.0
2019-09-27,7777353.5
2019-09-30,6697733.5
2019-10-08,6952804.5
2019-10-09,6722409.0
2019-10-10,7596231.0
2019-10-11,8269267.0
2019-10-14,10073770.0
2019-10-15,8649476.0
2019-10-16,7374440.0
2019-10-17,6594291.0
2019-10-18,7443125.0
2019-10-21,6536624.5
2019-10-22,6362785.5
2019-10-23,6555905.0
2019-10-24,6207466.5
2019-10-25,7267283.0
2019-10-28,10106461.0
2019-10-29,10527542.0
2019-10-30,8362006.0
2019-10-31,7965064.5
2019-11-01,7244711.5
2019-11-04,8224160.0
2019-11-05,8423595.0
2019-11-06,8270356.5
2019-11-07,7061291.0
2019-11-08,8030169.5
2019-11-11,7195129.5
2019-11-12,6402494.0
2019-11-13,6016220.0
2019-11-14,6827883.5
2019-11-15,7405105.0
2019-11-18,6391478.5
2019-11-19,7322964.0
2019-11-20,8138820.0
2019-11-21,6328204.5
2019-11-22,8930663.0
2019-11-25,7862047.5
2019-11-26,7455015.5
2019-11-27,7008773.5
2019-11-28,5692566.5
2019-11-29,5893397.0
2019-12-02,6151727.5
2019-12-03,5997018.5
2019-12-04,6504944.5
2019-12-05,7799149.5
2019-12-06,7761589.0
2019-12-09,9250170.0
2019-12-10,8562136.0
2019-12-11,8719862.0
2019-12-12,8203190.5
2019-12-13,10021479.0
2019-12-16,11807792.0
2019-12-17,14300773.0
2019-12-18,12638074.0
2019-12-19,11131900.0
2019-12-20,10740490.0
2019-12-23,9821494.0
2019-12-24,8024402.5
2019-12-25,9732148.0
2019-12-26,8916922.0
2019-12-27,11627307.0
2019-12-30,10683590.0
2019-12-31,9535658.0
2020-01-02,13681375.0
2020-01-03,12219973.0
2020-01-06,15819093.0
2020-01-07,14219416.0
2020-01-08,14983807.0
2020-01-09,13596102.0
2020-01-10,11819697.0
2020-01-13,12865194.0
2020-01-14,13484533.0
2020-01-15,11814284.0
2020-01-16,12233795.0
2020-01-17,11049186.0
2020-01-20,12821212.0
2020-01-21,13522099.0
2020-01-22,13825026.0
2020-01-23,16186191.0
2020-02-03,8945503.0
2020-02-04,17537500.0
2020-02-05,17735234.0
2020-02-06,19727406.0
2020-02-07,20349554.0
2020-02-10,18676792.0
2020-02-11,15730290.0
2020-02-12,16455223.0
2020-02-13,17567984.0
2020-02-14,16274201.0
2020-02-17,18387872.0
2020-02-18,20642852.0
2020-02-19,21059142.0
2020-02-20,20556498.0
2020-02-21,23017504.0
2020-02-24,25015444.0
2020-02-25,30196092.0
2020-02-26,28104572.0
2020-02-27,22190210.0
2020-02-28,23287976.0
2020-03-02,21350500.0
2020-03-03,24420436.0
2020-03-04,19498016.0
2020-03-05,21723838.0
2020-03-06,17749650.0
2020-03-09,21204210.0
2020-03-10,21047232.0
2020-03-11,19001026.0
2020-03-12,15410292.0
2020-03-13,18840510.0
2020-03-16,18492356.0
2020-03-17,15255128.0
2020-03-18,16053607.0
2020-03-19,14868062.0
2020-03-20,13151903.0
2020-03-23,13372770.0
2020-03-24,13737143.0
2020-03-25,14231008.0
2020-03-26,12698200.0
2020-03-27,11848079.0
2020-03-30,12455916.0
2020-03-31,10653844.0
2020-04-01,11065111.0
2020-04-02,11782217.0
2020-04-03,11275117.0
2020-04-07,14682656.0
2020-04-08,13649954.0
2020-04-09,12835289.0
2020-04-10,12646821.0
2020-04-13,10135572.0
2020-04-14,11891732.0
2020-04-15,12802572.0
2020-04-16,12206916.0
2020-04-17,15674578.0
2020-04-20,13082582.0
2020-04-21,13976843.0
2020-04-22,12794577.0
2020-04-23,14532461.0
2020-04-24,12721120.0
2020-04-27,11073840.0
2020-04-28,13397124.0
2020-04-29,10333932.0
2020-04-30,14252379.0
2020-05-06,15994570.0
2020-05-07,14797536.0
2020-05-08,14638476.0
2020-05-11,14205492.0
2020-05-12,12758535.0
2020-05-13,12047711.0
2020-05-14,12959579.0
2020-05-15,13231704.0
2020-05-18,15838904.0
2020-05-19,13318270.0
2020-05-20,14135455.0
2020-05-21,12888385.0
2020-05-22,11570550.0
2020-05-25,9137535.0
2020-05-26,9935101.0
2020-05-27,11310943.0
2020-05-28,10758382.0
2020-05-29,11002322.0
2020-06-01,14787997.0
2020-06-02,14920330.0
2020-06-03,14621827.0
2020-06-04,12380999.0
2020-06-05,11516744.0
2020-06-08,12806119.0
2020-06-09,11937887.0
2020-06-10,11411500.0
2020-06-11,14459526.0
2020-06-12,14213838.0
2020-06-15,15256715.0
2020-06-16,14208750.0
2020-06-17,15368318.0
2020-06-18,16076312.0
2020-06-19,14782715.0
2020-06-22,15737040.0
2020-06-23,14027742.0
2020-06-24,12853677.0
2020-06-29,13167113.0
2020-06-30,13967152.0
2020-07-01,16143763.0
2020-07-02,20006318.0
2020-07-03,21708750.0
2020-07-06,29174200.0
2020-07-07,32932742.0
2020-07-08,29226170.0
2020-07-09,33458290.0
2020-07-10,32250980.0
2020-07-13,33518616.0
2020-07-14,34185476.0
2020-07-15,30087960.0
2020-07-16,27700816.0
2020-07-17,21507690.0
2020-07-20,22584860.0
2020-07-21,21468228.0
2020-07-22,23294742.0
2020-07-23,24088244.0
2020-07-24,24723280.0
2020-07-27,16802336.0
2020-07-28,16244048.0
2020-07-29,18689836.0
2020-07-30,20928544.0
2020-07-31,20786248.0
2020-08-03,24094672.0
2020-08-04,24508478.0
2020-08-05,21799416.0
2020-08-06,24092892.0
2020-08-07,22797666.0
2020-08-10,21039090.0
2020-08-11,20342778.0
2020-08-12,19796942.0
2020-08-13,16681224.0
2020-08-14,16130061.0
2020-08-17,20754064.0
2020-08-18,20857636.0
2020-08-19,20547586.0
2020-08-20,16342935.0
2020-08-21,15312821.0
2020-08-24,15794851.0
2020-08-25,15824309.0
2020-08-26,17054608.0
2020-08-27,14213998.0
2020-08-28,15587860.0
2020-08-31,17331250.0
2020-09-01,14020444.0
2020-09-02,16081846.0
2020-09-03,15159173.0
2020-09-04,13207739.0
2020-09-07,16721622.0
2020-09-08,14814873.0
2020-09-09,17668852.0
2020-09-10,14933534.0
2020-09-11,11569088.0
2020-09-14,12930397.0
2020-09-15,11707708.0
2020-09-16,11250442.0
2020-09-17,12368250.0
2020-09-18,13678892.0
2020-09-21,13364032.0
2020-09-22,12298974.0
2020-09-23,10602715.0
2020-09-24,11262461.0
2020-09-25,9298917.0
2020-09-28,8752627.0
2020-09-29,9178326.0
2020-09-30,8961546.0
2020-10-09,11514992.0
2020-10-12,16096000.0
2020-10-13,13028381.0
2020-10-14,13354000.0
2020-10-15,11559591.0
2020-10-16,10904654.0
2020-10-19,11468288.0
2020-10-20,9532732.0
2020-10-21,10212093.0
2020-10-22,9674575.0
2020-10-23,9395436.0
2020-10-26,8525507.0
2020-10-27,8931588.0
2020-10-28,10407923.0
2020-10-29,10976129.0
2020-10-30,12646100.0
2020-11-02,12379442.0
2020-11-03,11586306.0
2020-11-04,10822662.0
2020-11-05,13260215.0
2020-11-06,13170211.0
2020-11-09,17507178.0
2020-11-10,15593148.0
2020-11-11,13443903.0
2020-11-12,11318412.0
2020-11-13,11294360.0
2020-11-16,13178194.0
2020-11-17,13897238.0
2020-11-18,12979586.0
2020-11-19,12105961.0
2020-11-20,12806540.0
2020-11-23,17021808.0
2020-11-24,14875953.0
2020-11-25,15662491.0
2020-11-26,12552847.0
2020-11-27,11740796.0
2020-11-30,15751764.0
2020-12-01,15256284.0
2020-12-02,15049096.0
2020-12-03,15289175.0
2020-12-04,13532089.0
2020-12-07,13084702.0
2020-12-08,11832485.0
2020-12-09,13343944.0
2020-12-10,12239861.0
2020-12-11,14345708.0
2020-12-14,12390078.0
2020-12-15,11971856.0
2020-12-16,11410804.0
2020-12-17,14008313.0
2020-12-18,13753141.0
2020-12-21,15676170.0
2020-12-22,17245650.0
2020-12-23,16625856.0
2020-12-24,14768896.0
2020-12-25,14383178.0
2020-12-28,16049555.0
2020-12-29,15567466.0
2020-12-30,14822783.0
2020-12-31,17428932.0
2021-01-04,21112692.0
2021-01-05,22703300.0
2021-01-06,20933338.0
2021-01-07,21923880.0
2021-01-08,20711384.0
2021-01-11,21794040.0
2021-01-12,19904852.0
2021-01-13,22296264.0
2021-01-14,19873264.0
2021-01-15,16696281.0
2021-01-18,16989154.0
2021-01-19,17454510.0
2021-01-20,15337891.0
2021-01-21,18920874.0
2021-01-22,20286168.0
2021-01-25,22355674.0
2021-01-26,19189238.0
2021-01-27,17477606.0
2021-01-28,17481768.0
2021-01-29,17207724.0
2021-02-01,15757928.0
2021-02-02,16172047.0
2021-02-03,17569942.0
2021-02-04,17370894.0
2021-02-05,16250062.0
2021-02-08,14159220.0
2021-02-09,14685092.0
2021-02-10,15003576.0
2021-02-18,19499642.0
2021-02-19,20146876.0
2021-02-22,25994830.0
2021-02-23,20614466.0
2021-02-24,19679784.0
2021-02-25,17145118.0
2021-02-26,16365550.0
2021-03-01,16579220.0
2021-03-02,17402546.0
2021-03-03,16966746.0
2021-03-04,19265776.0
2021-03-05,16366651.0
2021-03-08,17712006.0
2021-03-09,18188846.0
2021-03-10,13561124.0
2021-03-11,14941266.0
2021-03-12,16034695.0
2021-03-15,15056493.0
2021-03-16,13885279.0
2021-03-17,12510692.0
2021-03-18,13798497.0
2021-03-19,14389849.0
2021-03-22,13848440.0
2021-03-23,14408565.0
2021-03-24,13768457.0
2021-03-25,12210159.0
2021-03-26,13040507.0
2021-03-29,13760714.0
2021-03-30,13890265.0
2021-03-31,12453960.0
2021-04-01,12497161.0
2021-04-02,12530945.0
2021-04-06,11597971.0
2021-04-07,13965915.0
2021-04-08,14743280.0
2021-04-09,12753922.0
2021-04-12,14201833.0
2021-04-13,11603238.0
2021-04-14,10728282.0
2021-04-15,11158213.0
2021-04-16,11998463.0
2021-04-19,14472053.0
2021-04-20,14336475.0
2021-04-21,12835489.0
2021-04-22,13190616.0
2021-04-23,13517099.0
2021-04-26,16658676.0
2021-04-27,13832008.0
2021-04-28,13637784.0
2021-04-29,14550231.0
2021-04-30,16374633.0
2021-05-06,16743612.0
2021-05-07,17791564.0
2021-05-10,18090662.0
2021-05-11,17535014.0
2021-05-12,15012720.0
2021-05-13,15585365.0
2021-05-14,16361126.0
2021-05-17,17202926.0
2021-05-18,14198653.0
2021-05-19,14634636.0
2021-05-20,16713581.0
2021-05-21,14599016.0
2021-05-24,15073921.0
2021-05-25,15803557.0
2021-05-26,16990462.0
2021-05-27,16464246.0
2021-05-28,17661178.0
2021-05-31,17672870.0
2021-06-01,18503856.0
2021-06-02,17426554.0
2021-06-03,16759893.0
2021-06-04,16125714.0
2021-06-07,17415402.0
2021-06-08,16990662.0
2021-06-09,15548611.0
2021-06-10,17700302.0
2021-06-11,19441336.0
2021-06-15,16635929.0
2021-06-16,15226946.0
2021-06-17,14379595.0
2021-06-18,16154006.0
2021-06-21,17477656.0
2021-06-22,17014748.0
2021-06-23,18458204.0
2021-06-24,17262766.0
2021-06-25,17432924.0
2021-06-28,17544798.0
2021-06-29,16762223.0
2021-06-30,15503185.0
2021-07-01,16819992.0
2021-07-02,16230231.0
2021-07-05,16513586.0
2021-07-06,18356936.0
2021-07-07,17626676.0
2021-07-08,20304302.0
2021-07-09,20457674.0
2021-07-12,23988356.0
2021-07-13,22383120.0
2021-07-14,21490454.0
2021-07-15,20519930.0
2021-07-16,22155930.0
2021-07-19,20807710.0
2021-07-20,17114050.0
2021-07-21,20493958.0
2021-07-22,21950028.0
2021-07-23,25375124.0
2021-07-26,24270224.0
2021-07-27,26695798.0
2021-07-28,22246640.0
2021-07-29,20914200.0
2021-07-30,22251480.0
2021-08-02,24964020.0
2021-08-03,23772302.0
2021-08-04,21618974.0
2021-08-05,22667238.0
2021-08-06,21495874.0
2021-08-09,21095564.0
2021-08-10,22266042.0
2021-08-11,22175952.0
2021-08-12,22607486.0
2021-08-13,22186596.0
2021-08-16,22208046.0
2021-08-17,22655300.0
2021-08-18,19199742.0
2021-08-19,19499292.0
2021-08-20,20513564.0
2021-08-23,21629954.0
2021-08-24,23647932.0
2021-08-25,22873740.0
2021-08-26,25536354.0
2021-08-27,25899782.0
2021-08-30,30101544.0
2021-08-31,28865730.0
2021-09-01,33102316.0
2021-09-02,27154488.0
2021-09-03,31501680.0
2021-09-06,27372034.0
2021-09-07,28040334.0
2021-09-08,28785096.0
2021-09-09,30238006.0
2021-09-10,32268800.0
2021-09-13,29895606.0
2021-09-14,30646442.0
2021-09-15,27407280.0
2021-09-16,30116298.0
2021-09-17,25901912.0
2021-09-22,22183886.0
2021-09-23,26765924.0
2021-09-24,24898314.0
2021-09-27,25509692.0
2021-09-28,19620238.0
2021-09-29,20783060.0
2021-09-30,18618566.0
2021-10-08,20287750.0
2021-10-11,19470950.0
2021-10-12,19414654.0
2021-10-13,16367829.0
2021-10-14,16294674.0
2021-10-15,18899972.0
2021-10-18,19431300.0
2021-10-19,18270116.0
2021-10-20,18627650.0
2021-10-21,18436488.0
2021-10-22,18419196.0
2021-10-25,18460730.0
2021-10-26,20499802.0
2021-10-27,21252390.0
2021-10-28,21038052.0
2021-10-29,20701190.0
2021-11-01,22653356.0
2021-11-02,23063360.0
2021-11-03,18353064.0
2021-11-04,18853336.0
2021-11-05,20729970.0
2021-11-08,17681036.0
2021-11-09,17562042.0
2021-11-10,18712156.0
2021-11-11,18663778.0
2021-11-12,19524998.0
2021-11-15,20193976.0
2021-11-16,19203222.0
2021-11-17,16887530.0
2021-11-18,18515296.0
2021-11-19,19360134.0
2021-11-22,22298622.0
2021-11-23,21829900.0
2021-11-24,20953706.0
2021-11-25,19032776.0
2021-11-26,19209384.0
2021-11-29,19855172.0
2021-11-30,21321750.0
2021-12-01,19611188.0
2021-12-02,19862704.0
2021-12-03,20079122.0
2021-12-06,21832270.0
2021-12-07,20613608.0
2021-12-08,19027998.0
2021-12-09,21149206.0
2021-12-10,20939768.0
2021-12-13,21074154.0
2021-12-14,18355600.0
2021-12-15,18385942.0
2021-12-16,18700876.0
2021-12-17,20343964.0
2021-12-20,19035068.0
2021-12-21,16425805.0
2021-12-22,17108840.0
2021-12-23,18046700.0
2021-12-24,18268110.0
2021-12-27,16558565.0
2021-12-28,16478285.0
2021-12-29,15574398.0
2021-12-30,15844827.0
2021-12-31,16945692.0
2022-01-04,21917510.0
2022-01-05,20980976.0
2022-01-06,17990754.0
2022-01-07,20249846.0
2022-01-10,17671792.0
2022-01-11,17964534.0
2022-01-12,17033428.0
2022-01-13,17459902.0
2022-01-14,18151396.0
2022-01-17,18349078.0
2022-01-18,19500020.0
2022-01-19,17467528.0
2022-01-20,17275320.0
2022-01-21,15820402.0
2022-01-24,13592072.0
2022-01-25,15426550.0
2022-01-26,13023470.0
2022-01-27,13224473.0
2022-01-28,13025802.0
2022-02-07,13864154.0
2022-02-08,14545866.0
2022-02-09,15536253.0
2022-02-10,14706485.0
2022-02-11,15670018.0
2022-02-14,13219201.0
2022-02-15,12126840.0
2022-02-16,11468513.0
2022-02-17,13070676.0
2022-02-18,13440667.0
2022-02-21,15007239.0
2022-02-22,15290625.0
2022-02-23,15941301.0
2022-02-24,21805710.0
2022-02-25,16410558.0
2022-02-28,14858535.0
2022-03-01,14753531.0
2022-03-02,14087132.0
2022-03-03,17351676.0
2022-03-04,16585259.0
2022-03-07,16463675.0
2022-03-08,18444420.0
2022-03-09,18833558.0
2022-03-10,15897182.0
2022-03-11,15877125.0
2022-03-14,15370645.0
2022-03-15,18410246.0
2022-03-16,17861344.0
2022-03-17,18484506.0
2022-03-18,15330242.0
2022-03-21,16177409.0
2022-03-22,14570539.0
2022-03-23,14168493.0
2022-03-24,13917599.0
2022-03-25,13518184.0
2022-03-28,13699174.0
2022-03-29,14040139.0
2022-03-30,15560080.0
2022-03-31,16707283.0
2022-04-01,15455171.0
2022-04-06,16952500.0
2022-04-07,16373581.0
2022-04-08,15924530.0
2022-04-11,16220144.0
2022-04-12,15143238.0
2022-04-13,14727011.0
2022-04-14,14708947.0
2022-04-15,16217013.0
2022-04-18,13155363.0
2022-04-19,12922743.0
2022-04-20,13472086.0
2022-04-21,13562576.0
2022-04-22,12024369.0
2022-04-25,15066397.0
2022-04-26,13914382.0
2022-04-27,14816559.0
2022-04-28,13302398.0
2022-04-29,15772321.0
2022-05-05,15361401.0
2022-05-06,12808492.0
2022-05-09,11455507.0
2022-05-10,14113684.0
2022-05-11,17285514.0
2022-05-12,12595289.0
2022-05-13,11678528.0
2022-05-16,13245089.0
2022-05-17,11926045.0
2022-05-18,11431997.0
2022-05-19,12273005.0
2022-05-20,15189080.0
2022-05-23,14337615.0
2022-05-24,16185919.0
2022-05-25,12668749.0
2022-05-26,14266706.0
2022-05-27,12850260.0
2022-05-30,12418359.0
2022-05-31,14782525.0
2022-06-01,14312725.0
2022-06-02,15003630.0
2022-06-06,18011938.0
2022-06-07,16911546.0
2022-06-08,17667058.0
2022-06-09,16039902.0
2022-06-10,17868654.0
2022-06-13,19765238.0
2022-06-14,19616620.0
2022-06-15,23170474.0
2022-06-16,20089050.0
2022-06-17,18855532.0
2022-06-20,20246310.0
2022-06-21,17881338.0
2022-06-22,16424085.0
2022-06-23,17952560.0
2022-06-24,18199556.0
2022-06-27,20165292.0
2022-06-28,19647936.0
2022-06-29,21597630.0
2022-06-30,19359896.0
2022-07-01,17265774.0
2022-07-04,19378444.0
2022-07-05,20672492.0
2022-07-06,18828310.0
2022-07-07,17690622.0
2022-07-08,17116274.0
2022-07-11,16942048.0
2022-07-12,16274522.0
2022-07-13,14894121.0
2022-07-14,15603496.0
2022-07-15,16916528.0
2022-07-18,16389947.0
2022-07-19,16301269.0
2022-07-20,15778231.0
2022-07-21,16317276.0
2022-07-22,14378839.0
2022-07-25,13971410.0
2022-07-26,12916589.0
2022-07-27,13324968.0
2022-07-28,15266226.0
2022-07-29,15296134.0
2022-08-01,15134890.0
2022-08-02,19287338.0
2022-08-03,17554484.0
2022-08-04,13780566.0
2022-08-05,15045072.0
2022-08-08,14990968.0
2022-08-09,14868203.0
2022-08-10,15341173.0
2022-08-11,16839910.0
2022-08-12,15838347.0
2022-08-15,15148191.0
2022-08-16,15095090.0
2022-08-17,16533699.0
2022-08-18,15158105.0
2022-08-19,16177761.0
2022-08-22,15542947.0
2022-08-23,15281239.0
2022-08-24,17192294.0
2022-08-25,15234852.0
2022-08-26,14560421.0
2022-08-29,13296641.0
2022-08-30,13658322.0
2022-08-31,15377654.0
2022-09-01,12467086.0
2022-09-02,11421621.0
2022-09-05,11975800.0
2022-09-06,13589198.0
2022-09-07,13071839.0
2022-09-08,12097023.0
2022-09-09,12465834.0
2022-09-13,12386179.0
2022-09-14,11464480.0
2022-09-15,14820236.0
2022-09-16,13150808.0
2022-09-19,10460980.0
2022-09-20,9679508.0
2022-09-21,10000127.0
2022-09-22,10228580.0
2022-09-23,10470661.0
2022-09-26,10256835.0
2022-09-27,10395359.0
2022-09-28,9905268.0
2022-09-29,9755786.0
2022-09-30,8714308.0
2022-10-10,9732094.0
2022-10-11,8873310.0
2022-10-12,11081637.0
2022-10-13,11492215.0
2022-10-14,13846300.0
2022-10-17,12716023.0
2022-10-18,12713054.0
2022-10-19,11229066.0
2022-10-20,12176693.0
2022-10-21,11226108.0
2022-10-24,13732897.0
2022-10-25,12365596.0
2022-10-26,14374255.0
2022-10-27,14796977.0
2022-10-28,14737342.0
2022-10-31,15005922.0
2022-11-01,16517613.0
2022-11-02,18316620.0
2022-11-03,14516273.0
2022-11-04,17445712.0
2022-11-07,16729475.0
2022-11-08,13437266.0
2022-11-09,12703747.0
2022-11-10,12914271.0
2022-11-11,19817712.0
2022-11-14,17406472.0
2022-11-15,17148180.0
2022-11-16,15185494.0
2022-11-17,15268376.0
2022-11-18,16459122.0
2022-11-21,14178950.0
2022-11-22,13758702.0
2022-11-23,12868679.0
2022-11-24,11748044.0
2022-11-25,11005981.0
2022-11-28,12569792.0
2022-11-29,15951210.0
2022-11-30,15312558.0
2022-12-01,17147920.0
2022-12-02,13333977.0
2022-12-05,17769874.0
2022-12-06,16421580.0
2022-12-07,15523884.0
2022-12-08,14934840.0
2022-12-09,18023930.0
2022-12-12,16242026.0
2022-12-13,13151561.0
2022-12-14,12534610.0
2022-12-15,11308836.0
2022-12-16,11341213.0
2022-12-19,12108318.0
2022-12-20,9636967.0
2022-12-21,8525778.0
2022-12-22,9744680.0
2022-12-23,8191119.5
2022-12-26,9364609.0
2022-12-27,10127209.0
2022-12-28,10267923.0
2022-12-29,9442970.0
2022-12-30,8611794.0
2023-01-03,11927124.0
2023-01-04,11435873.0
2023-01-05,11747998.0
2023-01-06,12159640.0
2023-01-09,12492132.0
2023-01-10,11396705.0
2023-01-11,11287960.0
2023-01-12,10490300.0
2023-01-13,10244987.0
2023-01-16,14652675.0
2023-01-17,10918021.0
2023-01-18,10305254.0
2023-01-19,11447242.0
2023-01-20,12836219.0
2023-01-30,17369772.0
2023-01-31,14663041.0
2023-02-01,16644909.0
2023-02-02,16621311.0
2023-02-03,13871438.0
2023-02-06,12765206.0
2023-02-07,12507806.0
2023-02-08,11698627.0
2023-02-09,12904425.0
2023-02-10,13499491.0
2023-02-13,15137456.0
2023-02-14,14396713.0
2023-02-15,14347233.0
2023-02-16,19079136.0
2023-02-17,14342246.0
2023-02-20,15728927.0
2023-02-21,15370579.0
2023-02-22,12834132.0
2023-02-23,13599225.0
2023-02-24,11987793.0
2023-02-27,12488749.0
2023-02-28,11909484.0
2023-03-01,14432764.0
2023-03-02,14759710.0
2023-03-03,14027335.0
2023-03-06,15512368.0
2023-03-07,14930829.0
2023-03-08,11446380.0
2023-03-09,11186658.0
2023-03-10,12914458.0
2023-03-13,13247410.0
2023-03-14,14997776.0
2023-03-15,12945579.0
2023-03-16,14375902.0
2023-03-17,15722249.0
2023-03-20,16782618.0
2023-03-21,14417474.0
2023-03-22,14986792.0
2023-03-23,16412456.0
2023-03-24,17944934.0
2023-03-27,18420930.0
2023-03-28,17493528.0
2023-03-29,16656543.0
2023-03-30,15515864.0
2023-03-31,16413898.0
2023-04-03,21533052.0
2023-04-04,21874092.0
2023-04-06,20700280.0
2023-04-07,17773744.0
2023-04-10,20339786.0
2023-04-11,18880034.0
2023-04-12,18816480.0
2023-04-13,19603102.0
2023-04-14,19074304.0
2023-04-17,19675226.0
2023-04-18,18459816.0
2023-04-19,19240358.0
2023-04-20,19619984.0
2023-04-21,21080212.0
2023-04-24,19120498.0
2023-04-25,20084724.0
2023-04-26,19769982.0
2023-04-27,17930896.0
2023-04-28,19933570.0
2023-05-04,21509876.0
2023-05-05,19221786.0
2023-05-08,19816250.0
2023-05-09,21543704.0
2023-05-10,18048530.0
2023-05-11,15227521.0
2023-05-12,14231642.0
2023-05-15,15962022.0
2023-05-16,14244748.0
2023-05-17,12558555.0
2023-05-18,14455762.0
2023-05-19,14752452.0
2023-05-22,12636342.0
2023-05-23,12062849.0
2023-05-24,11691417.0
2023-05-25,12676923.0
2023-05-26,12326302.0
2023-05-29,14680832.0
2023-05-30,15184914.0
2023-05-31,14465373.0
2023-06-01,15490728.0
2023-06-02,14207354.0
2023-06-05,13111870.0
2023-06-06,13363624.0
2023-06-07,11359375.0
2023-06-08,12438789.0
2023-06-09,15876040.0
2023-06-12,15120310.0
2023-06-13,13442585.0
2023-06-14,14804617.0
2023-06-15,16570004.0
2023-06-16,16569015.0
2023-06-19,16478044.0
2023-06-20,16141976.0
2023-06-21,15420097.0
2023-06-26,14820362.0
2023-06-27,11862513.0
2023-06-28,12845493.0
2023-06-29,12348400.0
2023-06-30,13336747.0
2023-07-03,15306523.0
2023-07-04,14448465.0
2023-07-05,14219851.0
2023-07-06,13197949.0
2023-07-07,12168770.0
2023-07-10,11394019.0
2023-07-11,11791969.0
2023-07-12,13441938.0
2023-07-13,13894187.0
2023-07-14,13788057.0
2023-07-17,12499156.0
2023-07-18,12131019.0
2023-07-19,10405456.0
2023-07-20,12368493.0
2023-07-21,10706542.0
2023-07-24,9962331.0
2023-07-25,14573285.0
2023-07-26,12054739.0
2023-07-27,11727210.0
2023-07-28,14914748.0
2023-07-31,17959574.0
2023-08-01,16662836.0
2023-08-02,13575868.0
2023-08-03,13877746.0
2023-08-04,18685010.0
2023-08-07,15441633.0
2023-08-08,13135735.0
2023-08-09,11629468.0
2023-08-10,10395030.0
2023-08-11,11539342.0
2023-08-14,11632108.0
2023-08-15,10762621.0
2023-08-16,11401369.0
2023-08-17,12085297.0
2023-08-18,10976636.0
2023-08-21,9669199.0
2023-08-22,12003518.0
2023-08-23,10187133.0
2023-08-24,12064088.0
2023-08-25,11473030.0
2023-08-28,18145704.0
2023-08-29,16547629.0
2023-08-30,14507857.0
2023-08-31,12125280.0
2023-09-01,10706141.0
2023-09-04,13599406.0
2023-09-05,11497173.0
2023-09-06,10651275.0
2023-09-07,10571316.0
2023-09-08,9305912.0
2023-09-11,13242568.0
2023-09-12,10503211.0
2023-09-13,10193320.0
2023-09-14,9797977.0
2023-09-15,11055787.0
2023-09-18,10924977.0
2023-09-19,9454482.0
2023-09-20,8408028.0
2023-09-21,8484706.0
2023-09-22,12027639.0
2023-09-25,11417228.0
2023-09-26,10042443.0
2023-09-27,10214915.0
2023-09-28,10145695.0
2023-10-09,10909528.0
2023-10-10,10462124.0
2023-10-11,11220213.0
2023-10-12,11994748.0
2023-10-13,11087838.0
2023-10-16,10768437.0
2023-10-17,10506040.0
2023-10-18,11031059.0
2023-10-19,11734720.0
2023-10-20,10771353.0
2023-10-23,11222774.0
2023-10-24,12619080.0
2023-10-25,12974140.0
2023-10-26,11689304.0
2023-10-27,13277626.0
2023-10-30,15306665.0
2023-10-31,12752707.0
2023-11-01,10563944.0
2023-11-02,10179578.0
2023-11-03,11400993.0
2023-11-06,15666491.0
2023-11-07,13989883.0
2023-11-08,13970850.0
2023-11-09,12303951.0
2023-11-10,10967192.0
2023-11-13,11783377.0
2023-11-14,11607265.0
2023-11-15,13186435.0
2023-11-16,10576508.0
2023-11-17,10144384.0
2023-11-20,11988502.0
2023-11-21,12674061.0
2023-11-22,10997179.0
2023-11-23,10115120.0
2023-11-24,10070110.0
2023-11-27,10769077.0
2023-11-28,9893098.0
2023-11-29,9692408.0
2023-11-30,9535048.0
2023-12-01,10745484.0
2023-12-04,11962839.0
2023-12-05,10382436.0
2023-12-06,10208453.0
2023-12-07,10362198.0
2023-12-08,14078802.0
2023-12-11,14063129.0
2023-12-12,11063910.0
2023-12-13,9646464.0
2023-12-14,8999998.0
2023-12-15,9463190.0
2023-12-18,8805383.0
2023-12-19,8219141.0
2023-12-20,8620917.0
2023-12-21,9698104.0
2023-12-22,10891844.0
2023-12-25,8101815.0
2023-12-26,8091037.0
2023-12-27,8425344.0
2023-12-28,12689620.0
2023-12-29,11253361.0
2024-01-02,10683992.0
2024-01-03,9988360.0
2024-01-04,9101141.0
2024-01-05,10108457.0
2024-01-08,9279279.0
2024-01-09,9095982.0
2024-01-10,8422781.0
2024-01-11,10615194.0
2024-01-12,9327139.0
2024-01-15,8802779.0
2024-01-16,9233761.0
2024-01-17,8793064.0
2024-01-18,12343642.0
2024-01-19,9203942.0
2024-01-22,11562285.0
2024-01-23,10780885.0
2024-01-24,11268327.0
2024-01-25,13482285.0
2024-01-26,11923292.0
2024-01-29,11783501.0
2024-01-30,9547411.0
2024-01-31,11659253.0
2024-02-01,10750883.0
2024-02-02,12495308.0
2024-02-05,14354702.0
2024-02-06,15648521.0
2024-02-07,21261828.0
2024-02-08,21225568.0
2024-02-19,17280584.0
2024-02-20,13324221.0
2024-02-21,15556126.0
2024-02-22,12754652.0
2024-02-23,14544244.0
2024-02-26,15260087.0
2024-02-27,15720160.0
2024-02-28,21413542.0
2024-02-29,17897600.0
2024-03-01,17110328.0
2024-03-04,17590640.0
2024-03-05,17428268.0
2024-03-06,14684335.0
2024-03-07,15744218.0
2024-03-08,14400356.0
2024-03-11,17358886.0
2024-03-12,17884876.0
2024-03-13,16452633.0
2024-03-14,15733717.0
2024-03-15,15871875.0
2024-03-18,19079412.0
2024-03-19,17666174.0
2024-03-20,15703623.0
2024-03-21,15925238.0
2024-03-22,16318597.0
2024-03-25,15625167.0
2024-03-26,14529621.0
2024-03-27,12982871.0
2024-03-28,14061260.0
2024-03-29,12657403.0
2024-04-01,16655311.0
2024-04-02,15577991.0
2024-04-03,15411439.0
2024-04-08,16126096.0
2024-04-09,13326274.0
2024-04-10,13225102.0
2024-04-11,14129091.0
2024-04-12,13614512.0
2024-04-15,16926930.0
2024-04-16,16877850.0
2024-04-17,15566073.0
2024-04-18,16733885.0
2024-04-19,15601035.0
2024-04-22,15019044.0
2024-04-23,13901886.0
2024-04-24,13947109.0
2024-04-25,12754461.0
2024-04-26,19378886.0
2024-04-29,21214884.0
2024-04-30,17514368.0
2024-05-06,18790686.0
2024-05-07,16215574.0
2024-05-08,13947299.0
2024-05-09,15399987.0
2024-05-10,14402698.0
2024-05-13,14615991.0
2024-05-14,13259207.0
2024-05-15,12152580.0
2024-05-16,13314876.0
2024-05-17,13924460.0
2024-05-20,16357207.0
2024-05-21,12383238.0
2024-05-22,12657272.0
2024-05-23,13574920.0
2024-05-24,11739614.0
2024-05-27,12478563.0
2024-05-28,12097908.0
2024-05-29,11276259.0
2024-05-30,11475762.0
2024-05-31,11301971.0
2024-06-03,12954376.0
2024-06-04,11783561.0
2024-06-05,11160840.0
2024-06-06,13573998.0
2024-06-07,11855377.0
2024-06-11,11966063.0
2024-06-12,11134127.0
2024-06-13,12319425.0
2024-06-14,14600926.0
2024-06-17,13570440.0
2024-06-18,12039127.0
2024-06-19,11174053.0
2024-06-20,11306278.0
2024-06-21,9809035.0
2024-06-24,11310847.0
2024-06-25,10468375.0
2024-06-26,10215226.0
2024-06-27,9736498.0
2024-06-28,11474326.0
2024-07-01,11082107.0
2024-07-02,10590291.0
2024-07-03,9612113.0
2024-07-04,9877161.0
2024-07-05,9372463.0
2024-07-08,9678920.0
2024-07-09,12670455.0
2024-07-10,11724492.0
2024-07-11,13312753.0
2024-07-12,11559426.0
2024-07-15,10273471.0
2024-07-16,11364829.0
2024-07-17,11793290.0
2024-07-18,11528385.0
2024-07-19,11198938.0
2024-07-22,11030768.0
2024-07-23,11057829.0
2024-07-24,10302673.0
2024-07-25,9588516.0
2024-07-26,9411861.0
2024-07-29,9097923.0
2024-07-30,8618104.0
2024-07-31,14660167.0
2024-08-01,11976553.0
2024-08-02,10565474.0
2024-08-05,12348746.0
2024-08-06,10528632.0
2024-08-07,9683477.0
2024-08-08,9536415.0
2024-08-09,8805750.0
2024-08-12,7637586.0
2024-08-13,7110141.5
2024-08-14,6830816.5
2024-08-15,8371290.0
2024-08-16,8192726.5
2024-08-19,8074236.0
2024-08-20,8135169.0
2024-08-21,7480996.5
2024-08-22,7820248.0
2024-08-23,7136999.0
2024-08-26,8436525.0
2024-08-27,7874287.0
2024-08-28,7424454.5
2024-08-29,9682997.0
2024-08-30,14474917.0
2024-09-02,11589303.0
2024-09-03,9274916.0
2024-09-04,8864602.0
2024-09-05,8014863.5
2024-09-06,8021575.5
2024-09-09,8190758.0
2024-09-10,8701176.0
2024-09-11,8170787.0
2024-09-12,8091651.5
2024-09-13,8571061.0
2024-09-18,7910252.5
2024-09-19,10540591.0
2024-09-20,8908444.0
2024-09-23,8510484.0
2024-09-24,15994708.0
2024-09-25,18220958.0
2024-09-26,19612256.0
2024-09-27,23264666.0
2024-09-30,41878468.0
2024-10-08,57926332.0
2024-10-09,52944752.0
2024-10-10,39081424.0
2024-10-11,26674926.0
2024-10-14,27923130.0
2024-10-15,27681662.0
2024-10-16,22242574.0
2024-10-17,23445894.0
2024-10-18,35206216.0
2024-10-21,35996572.0
2024-10-22,31258434.0
2024-10-23,33616776.0
2024-10-24,25723226.0
2024-10-25,29959018.0
2024-10-28,31266368.0
2024-10-29,33248150.0
2024-10-30,31595656.0
2024-10-31,37745412.0
2024-11-01,42925744.0
2024-11-04,34277688.0
2024-11-05,44146284.0
2024-11-06,50232412.0
2024-11-07,46581496.0
2024-11-08,47008020.0
2024-11-11,45332832.0
2024-11-12,45268544.0
2024-11-13,34781300.0
2024-11-14,31733590.0
2024-11-15,30967978.0
2024-11-18,29642326.0
2024-11-19,26247772.0
2024-11-20,26100544.0
2024-11-21,25272232.0
2024-11-22,26767572.0
2024-11-25,21526158.0
2024-11-26,17018676.0
2024-11-27,20452872.0
2024-11-28,20435828.0
2024-11-29,24357120.0
2024-12-02,25721280.0
2024-12-03,22934696.0
2024-12-04,23421296.0
2024-12-05,21225188.0
2024-12-06,25560056.0
2024-12-09,23729466.0
2024-12-10,32471128.0
2024-12-11,25001146.0
2024-12-12,25838080.0
2024-12-13,30731622.0
2024-12-16,24179086.0
2024-12-17,20463024.0
2024-12-18,19328204.0
2024-12-19,21128750.0
2024-12-20,22113252.0
2024-12-23,21734704.0
2024-12-24,19611254.0
2024-12-25,19126946.0
2024-12-26,20172328.0
2024-12-27,23668062.0
2024-12-30,19618258.0
2024-12-31,21719400.0
2025-01-02,22007900.0
2025-01-03,18723308.0
2025-01-06,15674368.0
2025-01-07,15983632.0
2025-01-08,18114124.0
2025-01-09,15679886.0
2025-01-10,15998411.0
2025-01-13,13940654.0
2025-01-14,20808374.0
2025-01-15,16906046.0
2025-01-16,18299588.0
2025-01-17,16443744.0
2025-01-20,17342612.0
2025-01-21,17090914.0
2025-01-22,15810658.0
2025-01-23,20363376.0
2025-01-24,18085884.0
2025-01-27,16308584.0
2025-02-05,21499952.0
2025-02-06,25712210.0
2025-02-07,32794918.0
2025-02-10,28625328.0
2025-02-11,26028108.0
2025-02-12,28543886.0
2025-02-13,31308016.0
2025-02-14,30662752.0
2025-02-17,35694028.0
2025-02-18,30690564.0
2025-02-19,31396034.0
2025-02-20,30588542.0
2025-02-21,39696076.0
2025-02-24,38236264.0
2025-02-25,34031644.0
2025-02-26,32726532.0
2025-02-27,32825476.0
2025-02-28,29829064.0
2025-03-03,26695566.0
2025-03-04,23114530.0
2025-03-05,24173802.0
2025-03-06,32054270.0
2025-03-07,30112212.0
2025-03-10,24851346.0
2025-03-11,24520510.0
2025-03-12,26790630.0
2025-03-13,25362242.0
2025-03-14,28903808.0
2025-03-17,25016068.0
2025-03-18,23634218.0
2025-03-19,21887198.0
2025-03-20,20384958.0
2025-03-21,22580102.0
2025-03-24,22009434.0
2025-03-25,19222702.0
2025-03-26,17169584.0
2025-03-27,17659048.0
2025-03-28,16889948.0
2025-03-31,18956338.0
2025-04-01,17932794.0
2025-04-02,14064207.0
2025-04-03,17366214.0
2025-04-07,26739740.0
2025-04-08,26187536.0
2025-04-09,28825744.0
2025-04-10,26866644.0
2025-04-11,22765980.0
2025-04-14,20747046.0
2025-04-15,16190089.0
2025-04-16,16375103.0
2025-04-17,14828324.0
2025-04-18,13980415.0
2025-04-21,16026481.0
2025-04-22,16446433.0
2025-04-23,17799128.0
2025-04-24,15789919.0
2025-04-25,17193382.0
2025-04-28,16761628.0
2025-04-29,15803300.0
2025-04-30,18161660.0
2025-05-06,21705998.0
2025-05-07,22756620.0
2025-05-08,18703264.0
2025-05-09,17816228.0
2025-05-12,19942684.0
2025-05-13,19425228.0
2025-05-14,18814512.0
2025-05-15,16513670.0
2025-05-16,14188213.0
2025-05-19,14109870.0
2025-05-20,15175118.0
2025-05-21,15514737.0
2025-05-22,14162089.0
2025-05-23,14812360.0
2025-05-26,12734360.0
2025-05-27,12527569.0
2025-05-28,11995983.0
2025-05-29,14809509.0
2025-05-30,13767057.0
2025-06-03,15999684.0
2025-06-04,15031494.0
2025-06-05,17497010.0
2025-06-06,14802238.0
2025-06-09,17148242.0
2025-06-10,18298030.0
2025-06-11,16135368.0
2025-06-12,16539353.0
2025-06-13,21601036.0
2025-06-16,17098918.0
2025-06-17,16012167.0
2025-06-18,15454015.0
2025-06-19,16265798.0
2025-06-20,13504260.0
2025-06-23,14603500.0
2025-06-24,19193544.0
2025-06-25,23926046.0
2025-06-26,23522372.0
2025-06-27,24330298.0
2025-06-30,22651670.0
2025-07-01,21359566.0
2025-07-02,19498106.0
2025-07-03,17468908.0
2025-07-04,21137312.0
2025-07-07,16575911.0
2025-07-08,21696644.0
2025-07-09,20786444.0
2025-07-10,20763664.0
2025-07-11,26348452.0
2025-07-14,22629084.0
2025-07-15,24607676.0
2025-07-16,21306514.0
2025-07-17,23504294.0
2025-07-18,23648270.0
2025-07-21,27200806.0
2025-07-22,31366168.0
2025-07-23,31106024.0
2025-07-24,32018796.0
2025-07-25,30436806.0
2025-07-28,30521010.0
2025-07-29,29252692.0
2025-07-30,30477848.0
2025-07-31,32227364.0
2025-08-01,25447954.0
2025-08-04,23664926.0
2025-08-05,23565470.0
2025-08-06,26377094.0
2025-08-07,27490058.0
2025-08-08,25917530.0
2025-08-11,27703408.0
2025-08-12,29049534.0
2025-08-13,35350684.0
2025-08-14,36795984.0
2025-08-15,38137860.0
2025-08-18,49149124.0
2025-08-19,44462924.0
2025-08-20,40967136.0
2025-08-21,40412260.0
2025-08-22,44668120.0
2025-08-25,57492268.0
2025-08-26,49081220.0
2025-08-27,58386396.0
2025-08-28,56365172.0
2025-08-29,52304144.0
2025-09-01,53616120.0
2025-09-02,54149372.0
2025-09-03,44957992.0
2025-09-04,47199140.0
2025-09-05,43195852.0
2025-09-08,45536056.0
2025-09-09,39476160.0
2025-09-10,35966732.0
2025-09-11,46949828.0
2025-09-12,49935988.0
2025-09-15,44182872.0
2025-09-16,43521020.0
2025-09-17,44554924.0
2025-09-18,60423876.0
2025-09-19,45065412.0
2025-09-22,42191600.0
2025-09-23,49506896.0
2025-09-24,47726228.0
2025-09-25,49304680.0
2025-09-26,43019760.0
2025-09-29,43386448.0
2025-09-30,44495636.0
2025-10-09,53575680.0
2025-10-10,50212744.0
2025-10-13,47328552.0
2025-10-14,50583852.0
2025-10-15,39745896.0
2025-10-16,35983752.0
2025-10-17,34811388.0
2025-10-20,31467506.0
2025-10-21,34499132.0
2025-10-22,28620026.0
2025-10-23,28630440.0
2025-10-24,36606180.0
2025-10-27,47176208.0
2025-10-28,42206864.0
2025-10-29,44314140.0
2025-10-30,47383224.0
2025-10-31,43491816.0
2025-11-03,39039712.0
2025-11-04,32639238.0
2025-11-05,31184464.0
2025-11-06,35280960.0
2025-11-07,33639896.0
2025-11-10,37131064.0
2025-11-11,33859768.0
2025-11-12,31384034.0
2025-11-13,33959604.0
2025-11-14,31048506.0
2025-11-17,31082316.0
2025-11-18,30654002.0
2025-11-19,25675508.0
2025-11-20,25415816.0
2025-11-21,31096872.0
2025-11-24,27021326.0
2025-11-25,28920492.0
2025-11-26,27485834.0
2025-11-27,25301314.0
2025-11-28,24325520.0
2025-12-01,30853370.0
2025-12-02,24736028.0
2025-12-03,25130866.0
2025-12-04,23991256.0
2025-12-05,27510840.0
2025-12-08,34724460.0
2025-12-09,30552232.0
2025-12-10,28049526.0
2025-12-11,30074458.0
2025-12-12,37314496.0
2025-12-15,30102362.0
2025-12-16,28496872.0
2025-12-17,30241010.0
2025-12-18,27551078.0
2025-12-19,29273800.0
2025-12-22,32720768.0
2025-12-23,32855904.0
2025-12-24,33193092.0
2025-12-25,33636700.0
2025-12-26,38691428.0
2025-12-29,39044608.0
2025-12-30,40762348.0
2025-12-31,38036964.0
2026-01-05,50469052.0
2026-01-06,57167512.0
2026-01-07,58274068.0
2026-01-08,56445336.0
2026-01-09,63114588.0
2026-01-12,68582416.0
2026-01-13,73521880.0
2026-01-14,81595928.0
2026-01-15,60080212.0
2026-01-16,61618552.0
2026-01-19,56092608.0
2026-01-20,58817152.0
2026-01-21,51759220.0
2026-01-22,54613812.0
2026-01-23,63942144.0
2026-01-26,69210456.0
2026-01-27,61088588.0
2026-01-28,61273152.0
2026-01-29,66625688.0
2026-01-30,60049740.0
2026-02-02,54605564.0
2026-02-03,54326448.0
2026-02-04,50188676.0
2026-02-05,43527768.0
2026-02-06,41837344.0
2026-02-09,42798232.0
2026-02-10,39428332.0
2026-02-11,38861244.0
2026-02-12,43832048.0
2026-02-13,40632044.0
2026-02-24,44971384.0
2026-02-25,50684868.0
2026-02-26,51398464.0
2026-02-27,51282196.0
2026-03-02,61950540.0
2026-03-03,63466044.0
2026-03-04,47147016.0
2026-03-05,47294076.0
2026-03-06,42769516.0
2026-03-09,52382852.0
2026-03-10,46508228.0
2026-03-11,49575248.0
2026-03-12,47841364.0
2026-03-13,48236728.0
