,沪深300
2005-01-04,7412869.0
2005-01-05,7119109.0
2005-01-06,6288028.0
2005-01-07,7298694.0
2005-01-10,5791697.0
2005-01-11,5849079.0
2005-01-12,5014525.0
2005-01-13,6044065.0
2005-01-14,7297842.0
2005-01-17,7288188.0
2005-01-18,7311847.0
2005-01-19,6338090.0
2005-01-20,7727106.0
2005-01-21,14450059.0
2005-01-24,14359461.0
2005-01-25,9862529.0
2005-01-26,7663290.0
2005-01-27,6945365.0
2005-01-28,5748807.0
2005-01-31,6788706.0
2005-02-01,7433066.0
2005-02-02,17057338.0
2005-02-03,16974540.0
2005-02-04,15736215.0
2005-02-16,12131293.0
2005-02-17,8968297.0
2005-02-18,8139939.0
2005-02-21,9886094.0
2005-02-22,17937840.0
2005-02-23,18696928.0
2005-02-24,14681788.0
2005-02-25,18170004.0
2005-02-28,12971046.0
2005-03-01,9962090.0
2005-03-02,14225135.0
2005-03-03,9203085.0
2005-03-04,8173641.0
2005-03-07,7932949.0
2005-03-08,14295793.0
2005-03-09,15327488.0
2005-03-10,13295953.0
2005-03-11,11476381.0
2005-03-14,14466088.0
2005-03-15,12007493.0
2005-03-16,10622782.0
2005-03-17,9969011.0
2005-03-18,9652059.0
2005-03-21,7252565.0
2005-03-22,11375717.0
2005-03-23,10930053.0
2005-03-24,9260714.0
2005-03-25,7107322.0
2005-03-28,6669246.0
2005-03-29,7577379.0
2005-03-30,8950163.0
2005-03-31,7859445.0
2005-04-01,16347504.0
2005-04-04,11435093.0
2005-04-05,9534536.0
2005-04-06,14282421.0
2005-04-07,20754212.0
2005-04-08,14762526.0
2005-04-11,15936066.0
2005-04-12,10226193.0
2005-04-13,16071687.0
2005-04-14,12945710.0
2005-04-15,10408955.0
2005-04-18,8598400.0
2005-04-19,9212623.0
2005-04-20,8850705.0
2005-04-21,9946145.0
2005-04-22,10691884.0
2005-04-25,11470478.0
2005-04-26,11690471.0
2005-04-27,10780611.0
2005-04-28,14343486.0
2005-04-29,11235419.0
2005-05-09,8529115.0
2005-05-10,10494331.0
2005-05-11,9042047.0
2005-05-12,10228720.0
2005-05-13,11244906.0
2005-05-16,8224288.0
2005-05-17,8772273.0
2005-05-18,7878610.0
2005-05-19,8149583.0
2005-05-20,7226676.0
2005-05-23,7279795.0
2005-05-24,9206929.0
2005-05-25,7238556.0
2005-05-26,6622786.0
2005-05-27,7749983.0
2005-05-30,6971583.0
2005-05-31,7047821.0
2005-06-01,7902302.0
2005-06-02,9508657.0
2005-06-03,7936056.0
2005-06-06,9009185.0
2005-06-07,13067068.0
2005-06-08,32907840.0
2005-06-09,33141840.0
2005-06-10,22391502.0
2005-06-13,15628002.0
2005-06-14,14343570.0
2005-06-15,11454056.0
2005-06-16,11049685.0
2005-06-17,14963009.0
2005-06-20,18992082.0
2005-06-21,12774784.0
2005-06-22,10478134.0
2005-06-23,9509308.0
2005-06-24,8918739.0
2005-06-27,16545402.0
2005-06-28,10402219.0
2005-06-29,10806746.0
2005-06-30,10855472.0
2005-07-01,10094596.0
2005-07-04,8840276.0
2005-07-05,7992688.0
2005-07-06,6898313.0
2005-07-07,5962464.0
2005-07-08,7221000.0
2005-07-11,8439005.0
2005-07-12,14989870.0
2005-07-13,9398842.0
2005-07-14,9361968.0
2005-07-15,8889563.0
2005-07-18,8500006.0
2005-07-19,7891817.0
2005-07-20,8526473.0
2005-07-21,8366100.0
2005-07-22,21630976.0
2005-07-25,11816079.0
2005-07-26,21826776.0
2005-07-27,20409536.0
2005-07-28,20622528.0
2005-07-29,13397405.0
2005-08-01,11808309.0
2005-08-02,14292547.0
2005-08-03,25786298.0
2005-08-04,14519255.0
2005-08-05,19123764.0
2005-08-08,21608944.0
2005-08-09,19532908.0
2005-08-10,21515762.0
2005-08-11,27073666.0
2005-08-12,29168144.0
2005-08-15,20430812.0
2005-08-16,23861816.0
2005-08-17,21457768.0
2005-08-18,31855326.0
2005-08-19,22242680.0
2005-08-22,16031009.0
2005-08-23,15406488.0
2005-08-24,15959747.0
2005-08-25,16292057.0
2005-08-26,15429803.0
2005-08-29,15462260.0
2005-08-30,12438170.0
2005-08-31,14623629.0
2005-09-01,22306384.0
2005-09-02,18614436.0
2005-09-05,17843318.0
2005-09-06,21222256.0
2005-09-07,19608464.0
2005-09-08,22424392.0
2005-09-09,16219310.0
2005-09-12,11672613.0
2005-09-13,16579430.0
2005-09-14,19958290.0
2005-09-15,16377679.0
2005-09-16,13978570.0
2005-09-19,14737421.0
2005-09-20,18636604.0
2005-09-21,18541896.0
2005-09-22,18115524.0
2005-09-23,11547643.0
2005-09-26,8836240.0
2005-09-27,11086056.0
2005-09-28,8850309.0
2005-09-29,11938977.0
2005-09-30,9001432.0
2005-10-10,7158450.0
2005-10-11,7758294.0
2005-10-12,12208851.0
2005-10-13,10828903.0
2005-10-14,10123940.0
2005-10-17,10552505.0
2005-10-18,11366316.0
2005-10-19,11033047.0
2005-10-20,12608724.0
2005-10-21,11364588.0
2005-10-24,9218982.0
2005-10-25,11213401.0
2005-10-26,12167122.0
2005-10-27,11908588.0
2005-10-28,11973375.0
2005-10-31,10443651.0
2005-11-01,10082745.0
2005-11-02,13104972.0
2005-11-03,12179182.0
2005-11-04,9567310.0
2005-11-07,7713259.0
2005-11-08,10128761.0
2005-11-09,11774405.0
2005-11-10,10853770.0
2005-11-11,9219719.0
2005-11-14,6271673.0
2005-11-15,8252477.0
2005-11-16,9066137.0
2005-11-17,8811636.0
2005-11-18,17597802.0
2005-11-21,10259963.0
2005-11-22,10597235.0
2005-11-23,9916919.0
2005-11-24,14629007.0
2005-11-25,13003545.0
2005-11-28,9739734.0
2005-11-29,8414993.0
2005-11-30,8040737.0
2005-12-01,7069234.0
2005-12-02,8492020.0
2005-12-05,10286896.0
2005-12-06,10303513.0
2005-12-07,9842954.0
2005-12-08,10259173.0
2005-12-09,12719525.0
2005-12-12,10699279.0
2005-12-13,10547237.0
2005-12-14,13868375.0
2005-12-15,16259781.0
2005-12-16,11452106.0
2005-12-19,9936326.0
2005-12-20,10294658.0
2005-12-21,10273975.0
2005-12-22,8947025.0
2005-12-23,11906998.0
2005-12-26,15342649.0
2005-12-27,12050358.0
2005-12-28,12131031.0
2005-12-29,17254958.0
2005-12-30,15600250.0
2006-01-04,21126900.0
2006-01-05,27311744.0
2006-01-06,30286368.0
2006-01-09,24329552.0
2006-01-10,22735302.0
2006-01-11,26524138.0
2006-01-12,21896680.0
2006-01-13,22281860.0
2006-01-16,20305216.0
2006-01-17,16037276.0
2006-01-18,20823518.0
2006-01-19,26455608.0
2006-01-20,26147062.0
2006-01-23,22546020.0
2006-01-24,24197992.0
2006-01-25,21800758.0
2006-02-06,25038772.0
2006-02-07,32954788.0
2006-02-08,26986728.0
2006-02-09,23839600.0
2006-02-10,22024452.0
2006-02-13,22157298.0
2006-02-14,18556220.0
2006-02-15,24784628.0
2006-02-16,26159892.0
2006-02-17,21026876.0
2006-02-20,18818884.0
2006-02-21,23678040.0
2006-02-22,25380704.0
2006-02-23,19785036.0
2006-02-24,19676104.0
2006-02-27,22872100.0
2006-02-28,19353268.0
2006-03-01,19425730.0
2006-03-02,24877860.0
2006-03-03,21200540.0
2006-03-06,17870964.0
2006-03-07,19336516.0
2006-03-08,17463056.0
2006-03-09,12735099.0
2006-03-10,11887983.0
2006-03-13,11765911.0
2006-03-14,11348030.0
2006-03-15,14842068.0
2006-03-16,14784339.0
2006-03-17,15001924.0
2006-03-20,15389912.0
2006-03-21,19077662.0
2006-03-22,18640576.0
2006-03-23,20467884.0
2006-03-24,20098236.0
2006-03-27,17134070.0
2006-03-28,22274000.0
2006-03-29,30526344.0
2006-03-30,22012494.0
2006-03-31,22276190.0
2006-04-03,27729760.0
2006-04-04,31148756.0
2006-04-05,32936914.0
2006-04-06,36167048.0
2006-04-07,32570860.0
2006-04-10,32067520.0
2006-04-11,35607520.0
2006-04-12,30333844.0
2006-04-13,33824144.0
2006-04-14,33527962.0
2006-04-17,35704548.0
2006-04-18,32317224.0
2006-04-19,34322896.0
2006-04-20,37885652.0
2006-04-21,40772912.0
2006-04-24,45936220.0
2006-04-25,38611124.0
2006-04-26,41824300.0
2006-04-27,31980452.0
2006-04-28,40801856.0
2006-05-08,44912820.0
2006-05-09,55993860.0
2006-05-10,55667044.0
2006-05-11,61133724.0
2006-05-12,54920332.0
2006-05-15,73534008.0
2006-05-16,79658168.0
2006-05-17,61823288.0
2006-05-18,52056364.0
2006-05-19,67123872.0
2006-05-22,66262172.0
2006-05-23,56872388.0
2006-05-24,51176632.0
2006-05-25,34046436.0
2006-05-26,36385664.0
2006-05-29,44480012.0
2006-05-30,44761028.0
2006-05-31,47335884.0
2006-06-01,53493452.0
2006-06-02,64109160.0
2006-06-05,55101820.0
2006-06-06,46835280.0
2006-06-07,52047648.0
2006-06-08,45677508.0
2006-06-09,37392624.0
2006-06-12,25033332.0
2006-06-13,27823032.0
2006-06-14,28801660.0
2006-06-15,23241302.0
2006-06-16,28408032.0
2006-06-19,30726258.0
2006-06-20,27797058.0
2006-06-21,32445480.0
2006-06-22,25953156.0
2006-06-23,25651644.0
2006-06-26,29595920.0
2006-06-27,26454734.0
2006-06-28,25791656.0
2006-06-29,42439200.0
2006-06-30,38396744.0
2006-07-03,38297384.0
2006-07-04,42749804.0
2006-07-05,33446004.0
2006-07-06,32480734.0
2006-07-07,33556176.0
2006-07-10,27607368.0
2006-07-11,28537380.0
2006-07-12,36293416.0
2006-07-13,48970672.0
2006-07-14,32659104.0
2006-07-17,24205552.0
2006-07-18,22724544.0
2006-07-19,25227648.0
2006-07-20,18450620.0
2006-07-21,20393648.0
2006-07-24,19966190.0
2006-07-25,22023508.0
2006-07-26,19633442.0
2006-07-27,23818756.0
2006-07-28,21557504.0
2006-07-31,22181212.0
2006-08-01,17443888.0
2006-08-02,17813284.0
2006-08-03,12940473.0
2006-08-04,16053628.0
2006-08-07,15116519.0
2006-08-08,14250481.0
2006-08-09,12859474.0
2006-08-10,17699006.0
2006-08-11,15303227.0
2006-08-14,16444469.0
2006-08-15,14319360.0
2006-08-16,20802744.0
2006-08-17,15457904.0
2006-08-18,13964524.0
2006-08-21,15064766.0
2006-08-22,17200942.0
2006-08-23,19092876.0
2006-08-24,15081306.0
2006-08-25,18557936.0
2006-08-28,26183290.0
2006-08-29,31766376.0
2006-08-30,21139948.0
2006-08-31,23188274.0
2006-09-01,25033688.0
2006-09-04,21095340.0
2006-09-05,26868110.0
2006-09-06,23153112.0
2006-09-07,21886448.0
2006-09-08,17230272.0
2006-09-11,20947266.0
2006-09-12,27301892.0
2006-09-13,32821192.0
2006-09-14,22217284.0
2006-09-15,36057148.0
2006-09-18,31454852.0
2006-09-19,26648300.0
2006-09-20,23445880.0
2006-09-21,26094120.0
2006-09-22,28265042.0
2006-09-25,24584780.0
2006-09-26,19703278.0
2006-09-27,17580324.0
2006-09-28,21687792.0
2006-09-29,27166742.0
2006-10-09,39191864.0
2006-10-10,38400488.0
2006-10-11,31617988.0
2006-10-12,37956236.0
2006-10-13,28295156.0
2006-10-16,28492186.0
2006-10-17,24224404.0
2006-10-18,24290308.0
2006-10-19,23820268.0
2006-10-20,26560144.0
2006-10-23,28950376.0
2006-10-24,26189972.0
2006-10-25,32204896.0
2006-10-26,38466360.0
2006-10-27,37379304.0
2006-10-30,35320452.0
2006-10-31,36952284.0
2006-11-01,38926924.0
2006-11-02,42373136.0
2006-11-03,39372028.0
2006-11-06,42033512.0
2006-11-07,43038328.0
2006-11-08,28722404.0
2006-11-09,34030132.0
2006-11-10,53922868.0
2006-11-13,41653300.0
2006-11-14,36307884.0
2006-11-15,40589216.0
2006-11-16,57760948.0
2006-11-17,44446192.0
2006-11-20,53412360.0
2006-11-21,48601840.0
2006-11-22,57065496.0
2006-11-23,51360680.0
2006-11-24,49712096.0
2006-11-27,47267272.0
2006-11-28,44762916.0
2006-11-29,45578412.0
2006-11-30,60216088.0
2006-12-01,58413580.0
2006-12-04,71434336.0
2006-12-05,67202576.0
2006-12-06,81276704.0
2006-12-07,80487504.0
2006-12-08,66257744.0
2006-12-11,51335976.0
2006-12-12,57833544.0
2006-12-13,48004456.0
2006-12-14,47206228.0
2006-12-15,49414440.0
2006-12-18,61892992.0
2006-12-19,67788936.0
2006-12-20,56348504.0
2006-12-21,60225164.0
2006-12-22,46230500.0
2006-12-25,56251744.0
2006-12-26,56967384.0
2006-12-27,56005648.0
2006-12-28,63192832.0
2006-12-29,73851944.0
2007-01-04,106719704.0
2007-01-05,92743448.0
2007-01-08,84767912.0
2007-01-09,81577632.0
2007-01-10,84904976.0
2007-01-11,86276544.0
2007-01-12,76525720.0
2007-01-15,66403096.0
2007-01-16,76364256.0
2007-01-17,89015536.0
2007-01-18,78648608.0
2007-01-19,83334024.0
2007-01-22,93892992.0
2007-01-23,102337616.0
2007-01-24,84433696.0
2007-01-25,81055152.0
2007-01-26,78654008.0
2007-01-29,85452088.0
2007-01-30,78211528.0
2007-01-31,80909136.0
2007-02-01,65078096.0
2007-02-02,59377152.0
2007-02-05,47587504.0
2007-02-06,67010648.0
2007-02-07,70106392.0
2007-02-08,62656540.0
2007-02-09,55515532.0
2007-02-12,54992320.0
2007-02-13,51528864.0
2007-02-14,62777280.0
2007-02-15,71631328.0
2007-02-16,75908784.0
2007-02-26,74531560.0
2007-02-27,107736808.0
2007-02-28,82822568.0
2007-03-01,82159656.0
2007-03-02,57946804.0
2007-03-05,68517488.0
2007-03-06,52633152.0
2007-03-07,59720948.0
2007-03-08,55386560.0
2007-03-09,70411328.0
2007-03-12,62468920.0
2007-03-13,65788908.0
2007-03-14,68952088.0
2007-03-15,63778488.0
2007-03-16,75331848.0
2007-03-19,73983568.0
2007-03-20,61249728.0
2007-03-21,64612956.0
2007-03-22,83308072.0
2007-03-23,73911920.0
2007-03-26,76074776.0
2007-03-27,80725128.0
2007-03-28,112209968.0
2007-03-29,106567240.0
2007-03-30,62950704.0
2007-04-02,69247880.0
2007-04-03,77014496.0
2007-04-04,75506656.0
2007-04-05,74138992.0
2007-04-06,79102328.0
2007-04-09,90901704.0
2007-04-10,100888344.0
2007-04-11,101669936.0
2007-04-12,92535184.0
2007-04-13,100653120.0
2007-04-16,87928944.0
2007-04-17,105307104.0
2007-04-18,101426704.0
2007-04-19,115270008.0
2007-04-20,94469872.0
2007-04-23,109958992.0
2007-04-24,114643008.0
2007-04-25,100580672.0
2007-04-26,78997688.0
2007-04-27,80698640.0
2007-04-30,94302864.0
2007-05-08,106788736.0
2007-05-09,140648352.0
2007-05-10,115419920.0
2007-05-11,88961760.0
2007-05-14,91098048.0
2007-05-15,93578568.0
2007-05-16,86229264.0
2007-05-17,90256480.0
2007-05-18,82418896.0
2007-05-21,98478648.0
2007-05-22,109618184.0
2007-05-23,98523168.0
2007-05-24,113814264.0
2007-05-25,95416616.0
2007-05-28,114041848.0
2007-05-29,113267224.0
2007-05-30,132739136.0
2007-05-31,126078248.0
2007-06-01,119924008.0
2007-06-04,90531016.0
2007-06-05,113768040.0
2007-06-06,95951512.0
2007-06-07,94190584.0
2007-06-08,89074744.0
2007-06-11,90982280.0
2007-06-12,99389776.0
2007-06-13,109452944.0
2007-06-14,86609184.0
2007-06-15,68779600.0
2007-06-18,87872912.0
2007-06-19,81540472.0
2007-06-20,86863016.0
2007-06-21,73739472.0
2007-06-22,79552376.0
2007-06-25,70031040.0
2007-06-26,58885112.0
2007-06-27,65290520.0
2007-06-28,66857980.0
2007-06-29,58920872.0
2007-07-02,49747312.0
2007-07-03,46409128.0
2007-07-04,38233716.0
2007-07-05,43225528.0
2007-07-06,51366512.0
2007-07-09,54073112.0
2007-07-10,51907868.0
2007-07-11,33628908.0
2007-07-12,31368120.0
2007-07-13,26893242.0
2007-07-16,29931856.0
2007-07-17,32553850.0
2007-07-18,45975824.0
2007-07-19,30258468.0
2007-07-20,55271120.0
2007-07-23,85276184.0
2007-07-24,76090736.0
2007-07-25,64597768.0
2007-07-26,65490244.0
2007-07-27,65021108.0
2007-07-30,75441584.0
2007-07-31,71375040.0
2007-08-01,79361664.0
2007-08-02,62887536.0
2007-08-03,78190472.0
2007-08-06,76164272.0
2007-08-07,83847136.0
2007-08-08,88988000.0
2007-08-09,72025784.0
2007-08-10,74962880.0
2007-08-13,85763168.0
2007-08-14,61157912.0
2007-08-15,63466428.0
2007-08-16,63594792.0
2007-08-17,63652120.0
2007-08-20,67812208.0
2007-08-21,74440592.0
2007-08-22,74028928.0
2007-08-23,68051880.0
2007-08-24,73769872.0
2007-08-27,82631456.0
2007-08-28,75066792.0
2007-08-29,72929456.0
2007-08-30,67298488.0
2007-08-31,66780356.0
2007-09-03,82849168.0
2007-09-04,79914832.0
2007-09-05,65364904.0
2007-09-06,70608576.0
2007-09-07,79298880.0
2007-09-10,65095672.0
2007-09-11,68806688.0
2007-09-12,61572252.0
2007-09-13,59746928.0
2007-09-14,60295624.0
2007-09-17,69403136.0
2007-09-18,71621808.0
2007-09-19,55880064.0
2007-09-20,56712136.0
2007-09-21,61106356.0
2007-09-24,54184816.0
2007-09-25,45326232.0
2007-09-26,39171156.0
2007-09-27,33759056.0
2007-09-28,48514620.0
2007-10-08,66449704.0
2007-10-09,53633488.0
2007-10-10,63994456.0
2007-10-11,65141100.0
2007-10-12,78001064.0
2007-10-15,70682112.0
2007-10-16,64692048.0
2007-10-17,48869768.0
2007-10-18,48595632.0
2007-10-19,38466456.0
2007-10-22,35867500.0
2007-10-23,41896800.0
2007-10-24,44661240.0
2007-10-25,50821704.0
2007-10-26,35895964.0
2007-10-29,35233976.0
2007-10-30,39193920.0
2007-10-31,50329468.0
2007-11-01,46612480.0
2007-11-02,43289500.0
2007-11-05,33695016.0
2007-11-06,27057854.0
2007-11-07,30061348.0
2007-11-08,36054892.0
2007-11-09,34583824.0
2007-11-12,38413920.0
2007-11-13,36862080.0
2007-11-14,35231544.0
2007-11-15,31759464.0
2007-11-16,23310992.0
2007-11-19,25548100.0
2007-11-20,33562712.0
2007-11-21,26803122.0
2007-11-22,26507716.0
2007-11-23,20146304.0
2007-11-26,23622276.0
2007-11-27,20886840.0
2007-11-28,22482368.0
2007-11-29,36872992.0
2007-11-30,29383696.0
2007-12-03,22255934.0
2007-12-04,22643592.0
2007-12-05,31769164.0
2007-12-06,23711592.0
2007-12-07,27198224.0
2007-12-10,42780692.0
2007-12-11,40586456.0
2007-12-12,39828252.0
2007-12-13,36819592.0
2007-12-14,30727924.0
2007-12-17,37014520.0
2007-12-18,22930076.0
2007-12-19,32101858.0
2007-12-20,31319916.0
2007-12-21,37251496.0
2007-12-24,50319968.0
2007-12-25,38973704.0
2007-12-26,41468116.0
2007-12-27,52345016.0
2007-12-28,45361416.0
2008-01-02,45668712.0
2008-01-03,64645880.0
2008-01-04,51746420.0
2008-01-07,53485408.0
2008-01-08,64899500.0
2008-01-09,46796872.0
2008-01-10,64229892.0
2008-01-11,56167080.0
2008-01-14,49846008.0
2008-01-15,50886608.0
2008-01-16,55774468.0
2008-01-17,61936932.0
2008-01-18,43913004.0
2008-01-21,47833616.0
2008-01-22,60772692.0
2008-01-23,55776384.0
2008-01-24,56605988.0
2008-01-25,47142108.0
2008-01-28,41425284.0
2008-01-29,29062256.0
2008-01-30,34098976.0
2008-01-31,30852580.0
2008-02-01,35125528.0
2008-02-04,40953144.0
2008-02-05,32796356.0
2008-02-13,21475660.0
2008-02-14,19837788.0
2008-02-15,24262600.0
2008-02-18,30590078.0
2008-02-19,36176964.0
2008-02-20,39557720.0
2008-02-21,33403616.0
2008-02-22,37918628.0
2008-02-25,33652000.0
2008-02-26,33276390.0
2008-02-27,29592392.0
2008-02-28,25398172.0
2008-02-29,23350858.0
2008-03-03,39258412.0
2008-03-04,45129776.0
2008-03-05,39417992.0
2008-03-06,44402268.0
2008-03-07,28690944.0
2008-03-10,31780356.0
2008-03-11,26276592.0
2008-03-12,27145644.0
2008-03-13,34451308.0
2008-03-14,23427884.0
2008-03-17,28180960.0
2008-03-18,34523752.0
2008-03-19,37898476.0
2008-03-20,46212944.0
2008-03-21,42615164.0
2008-03-24,35842440.0
2008-03-25,32245864.0
2008-03-26,28036764.0
2008-03-27,32000668.0
2008-03-28,42096776.0
2008-03-31,29440840.0
2008-04-01,35303464.0
2008-04-02,42765884.0
2008-04-03,32989492.0
2008-04-07,40484984.0
2008-04-08,44067920.0
2008-04-09,38997168.0
2008-04-10,28804396.0
2008-04-11,26328590.0
2008-04-14,33427046.0
2008-04-15,30656886.0
2008-04-16,26528120.0
2008-04-17,29530618.0
2008-04-18,27888162.0
2008-04-21,41362308.0
2008-04-22,32537968.0
2008-04-23,44272552.0
2008-04-24,96574896.0
2008-04-25,84814488.0
2008-04-28,48831236.0
2008-04-29,44540440.0
2008-04-30,69909776.0
2008-05-05,62534072.0
2008-05-06,58459280.0
2008-05-07,54457704.0
2008-05-08,44055668.0
2008-05-09,53655928.0
2008-05-12,45382660.0
2008-05-13,50338012.0
2008-05-14,50606900.0
2008-05-15,50772976.0
2008-05-16,39721752.0
2008-05-19,29709580.0
2008-05-20,39702628.0
2008-05-21,43596160.0
2008-05-22,40742716.0
2008-05-23,33440432.0
2008-05-26,28180190.0
2008-05-27,24762692.0
2008-05-28,31034914.0
2008-05-29,29422740.0
2008-05-30,28590848.0
2008-06-02,28253358.0
2008-06-03,34735140.0
2008-06-04,29417652.0
2008-06-05,23989280.0
2008-06-06,20944228.0
2008-06-10,32949960.0
2008-06-11,29409736.0
2008-06-12,31454108.0
2008-06-13,25319836.0
2008-06-16,26813794.0
2008-06-17,26463778.0
2008-06-18,42560096.0
2008-06-19,36319040.0
2008-06-20,51675904.0
2008-06-23,26631492.0
2008-06-24,31792456.0
2008-06-25,42425260.0
2008-06-26,42599312.0
2008-06-27,40886556.0
2008-06-30,25295406.0
2008-07-01,28851584.0
2008-07-02,27916364.0
2008-07-03,45660304.0
2008-07-04,37905008.0
2008-07-07,52732024.0
2008-07-08,54248080.0
2008-07-09,69356968.0
2008-07-10,61649552.0
2008-07-11,44287100.0
2008-07-14,34575044.0
2008-07-15,47292760.0
2008-07-16,39403116.0
2008-07-17,32687336.0
2008-07-18,40203400.0
2008-07-21,45119576.0
2008-07-22,38814976.0
2008-07-23,38821232.0
2008-07-24,48538664.0
2008-07-25,40571080.0
2008-07-28,39308640.0
2008-07-29,36036276.0
2008-07-30,29810800.0
2008-07-31,27940966.0
2008-08-01,34031492.0
2008-08-04,22782324.0
2008-08-05,30469236.0
2008-08-06,27404022.0
2008-08-07,23370440.0
2008-08-08,30894580.0
2008-08-11,32120206.0
2008-08-12,24191944.0
2008-08-13,27551712.0
2008-08-14,20157236.0
2008-08-15,20422260.0
2008-08-18,23623106.0
2008-08-19,19477106.0
2008-08-20,45043416.0
2008-08-21,37518040.0
2008-08-22,26298240.0
2008-08-25,18643190.0
2008-08-26,23741936.0
2008-08-27,23862584.0
2008-08-28,20400292.0
2008-08-29,28877844.0
2008-09-01,21152804.0
2008-09-02,18440498.0
2008-09-03,23749474.0
2008-09-04,18984780.0
2008-09-05,21654480.0
2008-09-08,22186554.0
2008-09-09,17624298.0
2008-09-10,22057844.0
2008-09-11,22176780.0
2008-09-12,19197020.0
2008-09-16,33563260.0
2008-09-17,32862242.0
2008-09-18,47820264.0
2008-09-19,36525404.0
2008-09-22,101993872.0
2008-09-23,78365616.0
2008-09-24,45328180.0
2008-09-25,74237912.0
2008-09-26,59429944.0
2008-10-06,45575264.0
2008-10-07,43065324.0
2008-10-08,36874700.0
2008-10-09,33582312.0
2008-10-10,39151592.0
2008-10-13,43538120.0
2008-10-14,54331944.0
2008-10-15,31892398.0
2008-10-16,40529648.0
2008-10-17,28715420.0
2008-10-20,33277152.0
2008-10-21,38908396.0
2008-10-22,32968572.0
2008-10-23,35758656.0
2008-10-24,32980668.0
2008-10-27,36441848.0
2008-10-28,46792804.0
2008-10-29,38869488.0
2008-10-30,41284292.0
2008-10-31,28314534.0
2008-11-03,25381096.0
2008-11-04,26100164.0
2008-11-05,42418208.0
2008-11-06,30784180.0
2008-11-07,31521590.0
2008-11-10,63948860.0
2008-11-11,66072852.0
2008-11-12,44087960.0
2008-11-13,83234552.0
2008-11-14,91168720.0
2008-11-17,87836624.0
2008-11-18,97278352.0
2008-11-19,82117408.0
2008-11-20,83187040.0
2008-11-21,83049328.0
2008-11-24,50561516.0
2008-11-25,42814592.0
2008-11-26,45565636.0
2008-11-27,88008320.0
2008-11-28,51590660.0
2008-12-01,48386332.0
2008-12-02,61350236.0
2008-12-03,85019144.0
2008-12-04,119183440.0
2008-12-05,74366328.0
2008-12-08,107607128.0
2008-12-09,92509816.0
2008-12-10,83271064.0
2008-12-11,73556240.0
2008-12-12,67387264.0
2008-12-15,50451096.0
2008-12-16,47924880.0
2008-12-17,58685152.0
2008-12-18,58429224.0
2008-12-19,63311228.0
2008-12-22,52949464.0
2008-12-23,63590464.0
2008-12-24,44201832.0
2008-12-25,39916832.0
2008-12-26,34560888.0
2008-12-29,35986872.0
2008-12-30,37584628.0
2008-12-31,35631356.0
2009-01-05,48187020.0
2009-01-06,70974096.0
2009-01-07,59702168.0
2009-01-08,53446488.0
2009-01-09,47407216.0
2009-01-12,54234156.0
2009-01-13,49818136.0
2009-01-14,59283232.0
2009-01-15,78943648.0
2009-01-16,96538632.0
2009-01-19,81948176.0
2009-01-20,53259264.0
2009-01-21,64117428.0
2009-01-22,58861948.0
2009-01-23,57504108.0
2009-02-02,51453904.0
2009-02-03,87640304.0
2009-02-04,100888432.0
2009-02-05,115100120.0
2009-02-06,106664904.0
2009-02-09,129523672.0
2009-02-10,116294544.0
2009-02-11,147576640.0
2009-02-12,119826216.0
2009-02-13,140409904.0
2009-02-16,152346672.0
2009-02-17,141014992.0
2009-02-18,115422064.0
2009-02-19,90853928.0
2009-02-20,86632072.0
2009-02-23,109465400.0
2009-02-24,127017552.0
2009-02-25,107877528.0
2009-02-26,102200384.0
2009-02-27,87076416.0
2009-03-02,62746180.0
2009-03-03,66167312.0
2009-03-04,110750032.0
2009-03-05,131987344.0
2009-03-06,85965448.0
2009-03-09,86555952.0
2009-03-10,56660448.0
2009-03-11,70838672.0
2009-03-12,55700112.0
2009-03-13,54083096.0
2009-03-16,48773856.0
2009-03-17,92980528.0
2009-03-18,101870072.0
2009-03-19,97318768.0
2009-03-20,109396736.0
2009-03-23,116313048.0
2009-03-24,111993528.0
2009-03-25,95816656.0
2009-03-26,113249456.0
2009-03-27,135368544.0
2009-03-30,94151664.0
2009-03-31,95461752.0
2009-04-01,126307624.0
2009-04-02,135146800.0
2009-04-03,123655216.0
2009-04-07,86083256.0
2009-04-08,99328096.0
2009-04-09,74593704.0
2009-04-10,104144408.0
2009-04-13,139014544.0
2009-04-14,110491304.0
2009-04-15,120665296.0
2009-04-16,123729616.0
2009-04-17,101528808.0
2009-04-20,95903696.0
2009-04-21,108185248.0
2009-04-22,124046416.0
2009-04-23,80887944.0
2009-04-24,73360968.0
2009-04-27,72039392.0
2009-04-28,59264984.0
2009-04-29,81885008.0
2009-04-30,85809344.0
2009-05-04,102916568.0
2009-05-05,102313720.0
2009-05-06,105806648.0
2009-05-07,122101160.0
2009-05-08,106724992.0
2009-05-11,125364448.0
2009-05-12,88695944.0
2009-05-13,107112856.0
2009-05-14,82639328.0
2009-05-15,64931432.0
2009-05-18,74835784.0
2009-05-19,97703616.0
2009-05-20,87939216.0
2009-05-21,85535392.0
2009-05-22,61499012.0
2009-05-25,74091672.0
2009-05-26,72316016.0
2009-05-27,67976648.0
2009-06-01,108564880.0
2009-06-02,108338400.0
2009-06-03,112073312.0
2009-06-04,130127712.0
2009-06-05,108476320.0
2009-06-08,96116368.0
2009-06-09,91989888.0
2009-06-10,101790040.0
2009-06-11,87116000.0
2009-06-12,80067064.0
2009-06-15,74352088.0
2009-06-16,70179240.0
2009-06-17,77293120.0
2009-06-18,96281312.0
2009-06-19,102518072.0
2009-06-22,103952584.0
2009-06-23,111506736.0
2009-06-24,109424312.0
2009-06-25,82806888.0
2009-06-26,70500912.0
2009-06-29,84997072.0
2009-06-30,86782344.0
2009-07-01,96950568.0
2009-07-02,112989296.0
2009-07-03,105732592.0
2009-07-06,135264048.0
2009-07-07,129600800.0
2009-07-08,113867592.0
2009-07-09,113081520.0
2009-07-10,106174912.0
2009-07-13,99619648.0
2009-07-14,107520424.0
2009-07-15,133483000.0
2009-07-16,129313328.0
2009-07-17,106549704.0
2009-07-20,136468544.0
2009-07-21,130600960.0
2009-07-22,115238544.0
2009-07-23,116381608.0
2009-07-24,127979352.0
2009-07-27,138808032.0
2009-07-28,146267888.0
2009-07-29,167406128.0
2009-07-30,134968880.0
2009-07-31,132239832.0
2009-08-03,136415904.0
2009-08-04,141035744.0
2009-08-05,133444456.0
2009-08-06,118101528.0
2009-08-07,100575752.0
2009-08-10,84870680.0
2009-08-11,64497196.0
2009-08-12,92535384.0
2009-08-13,87081800.0
2009-08-14,88248624.0
2009-08-17,91723904.0
2009-08-18,77343032.0
2009-08-19,81604016.0
2009-08-20,79519216.0
2009-08-21,86616808.0
2009-08-24,80414064.0
2009-08-25,97530136.0
2009-08-26,82036400.0
2009-08-27,80125200.0
2009-08-28,84017944.0
2009-08-31,84517312.0
2009-09-01,70535304.0
2009-09-02,60843384.0
2009-09-03,93157448.0
2009-09-04,86984712.0
2009-09-07,82790736.0
2009-09-08,83965632.0
2009-09-09,91191152.0
2009-09-10,66566008.0
2009-09-11,80689664.0
2009-09-14,87393880.0
2009-09-15,87092176.0
2009-09-16,88244480.0
2009-09-17,91333408.0
2009-09-18,100488400.0
2009-09-21,72801976.0
2009-09-22,73425104.0
2009-09-23,66013716.0
2009-09-24,65152104.0
2009-09-25,45820492.0
2009-09-28,41918352.0
2009-09-29,45932352.0
2009-09-30,42184524.0
2009-10-09,56871040.0
2009-10-12,58961960.0
2009-10-13,50713704.0
2009-10-14,80978120.0
2009-10-15,60562008.0
2009-10-16,55636256.0
2009-10-19,77683144.0
2009-10-20,89426280.0
2009-10-21,83488944.0
2009-10-22,60936584.0
2009-10-23,86725432.0
2009-10-26,68442528.0
2009-10-27,74209552.0
2009-10-28,62594848.0
2009-10-29,61305352.0
2009-10-30,60647064.0
2009-11-02,81981160.0
2009-11-03,83791096.0
2009-11-04,86065272.0
2009-11-05,80647784.0
2009-11-06,92190312.0
2009-11-09,78050904.0
2009-11-10,84300984.0
2009-11-11,72626320.0
2009-11-12,79962664.0
2009-11-13,91210168.0
2009-11-16,123157320.0
2009-11-17,97391368.0
2009-11-18,89226280.0
2009-11-19,94940096.0
2009-11-20,94750752.0
2009-11-23,93990944.0
2009-11-24,147566816.0
2009-11-25,114602328.0
2009-11-26,127882376.0
2009-11-27,89294688.0
2009-11-30,84415344.0
2009-12-01,101518640.0
2009-12-02,98052032.0
2009-12-03,89978576.0
2009-12-04,134130904.0
2009-12-07,91225544.0
2009-12-08,82940864.0
2009-12-09,68521504.0
2009-12-10,57563736.0
2009-12-11,54550912.0
2009-12-14,83785024.0
2009-12-15,69186496.0
2009-12-16,56963912.0
2009-12-17,63286200.0
2009-12-18,66111016.0
2009-12-21,48329804.0
2009-12-22,53942684.0
2009-12-23,48064504.0
2009-12-24,64377824.0
2009-12-25,46914576.0
2009-12-28,55375392.0
2009-12-29,55535764.0
2009-12-30,88429368.0
2009-12-31,69241888.0
2010-01-04,66101080.0
2010-01-05,85809640.0
2010-01-06,78473128.0
2010-01-07,80350040.0
2010-01-08,60790252.0
2010-01-11,89980176.0
2010-01-12,93743280.0
2010-01-13,112457904.0
2010-01-14,83353248.0
2010-01-15,72543104.0
2010-01-18,82854304.0
2010-01-19,74883232.0
2010-01-20,92495144.0
2010-01-21,70595072.0
2010-01-22,88933408.0
2010-01-25,56849172.0
2010-01-26,61752232.0
2010-01-27,52691392.0
2010-01-28,46990716.0
2010-01-29,50262612.0
2010-02-01,57001380.0
2010-02-02,50130032.0
2010-02-03,64798896.0
2010-02-04,58972728.0
2010-02-05,59105844.0
2010-02-08,37355952.0
2010-02-09,35953160.0
2010-02-10,34219896.0
2010-02-11,35791052.0
2010-02-12,34058240.0
2010-02-22,38283772.0
2010-02-23,42742896.0
2010-02-24,49989436.0
2010-02-25,67586616.0
2010-02-26,52107288.0
2010-03-01,60504520.0
2010-03-02,57034376.0
2010-03-03,60622732.0
2010-03-04,69346808.0
2010-03-05,45629136.0
2010-03-08,41540876.0
2010-03-09,54199488.0
2010-03-10,46421080.0
2010-03-11,47487752.0
2010-03-12,39957344.0
2010-03-15,37844304.0
2010-03-16,30847780.0
2010-03-17,45800936.0
2010-03-18,46948012.0
2010-03-19,46062188.0
2010-03-22,49439464.0
2010-03-23,46539536.0
2010-03-24,44547968.0
2010-03-25,44984284.0
2010-03-26,47444964.0
2010-03-29,84724912.0
2010-03-30,56436980.0
2010-03-31,53124288.0
2010-04-01,67772672.0
2010-04-02,69073456.0
2010-04-06,65191712.0
2010-04-07,54011228.0
2010-04-08,62185320.0
2010-04-09,51280568.0
2010-04-12,74565152.0
2010-04-13,79907696.0
2010-04-14,60306132.0
2010-04-15,61051684.0
2010-04-16,47140368.0
2010-04-19,88416304.0
2010-04-20,64137860.0
2010-04-21,66928332.0
2010-04-22,71081688.0
2010-04-23,61252680.0
2010-04-26,50894200.0
2010-04-27,65296576.0
2010-04-28,45995408.0
2010-04-29,48260972.0
2010-04-30,54477880.0
2010-05-04,41248608.0
2010-05-05,59670440.0
2010-05-06,58770412.0
2010-05-07,61119400.0
2010-05-10,50209172.0
2010-05-11,58363488.0
2010-05-12,53002272.0
2010-05-13,55145776.0
2010-05-14,42498720.0
2010-05-17,52166848.0
2010-05-18,54509672.0
2010-05-19,45576220.0
2010-05-20,42174804.0
2010-05-21,54475384.0
2010-05-24,74502336.0
2010-05-25,55168328.0
2010-05-26,39858564.0
2010-05-27,53445208.0
2010-05-28,51534988.0
2010-05-31,46216856.0
2010-06-01,44851424.0
2010-06-02,39587020.0
2010-06-03,39587256.0
2010-06-04,32746292.0
2010-06-07,39541992.0
2010-06-08,35140184.0
2010-06-09,60209532.0
2010-06-10,42906336.0
2010-06-11,40558584.0
2010-06-17,32612356.0
2010-06-18,41808344.0
2010-06-21,55261480.0
2010-06-22,39096052.0
2010-06-23,35600352.0
2010-06-24,29220682.0
2010-06-25,30671782.0
2010-06-28,27710044.0
2010-06-29,48758552.0
2010-06-30,35698792.0
2010-07-01,32857646.0
2010-07-02,44914100.0
2010-07-05,32178574.0
2010-07-06,39714760.0
2010-07-07,35720908.0
2010-07-08,34056968.0
2010-07-09,58493044.0
2010-07-12,58462492.0
2010-07-13,43228504.0
2010-07-14,46688860.0
2010-07-15,40440460.0
2010-07-16,35063304.0
2010-07-19,53868072.0
2010-07-20,73128344.0
2010-07-21,70757088.0
2010-07-22,61064808.0
2010-07-23,64518564.0
2010-07-26,53580024.0
2010-07-27,49799884.0
2010-07-28,79985952.0
2010-07-29,95965408.0
2010-07-30,62575592.0
2010-08-02,71743296.0
2010-08-03,81748368.0
2010-08-04,71318040.0
2010-08-05,67157584.0
2010-08-06,74914896.0
2010-08-09,74726392.0
2010-08-10,78435032.0
2010-08-11,54979132.0
2010-08-12,59893228.0
2010-08-13,58507720.0
2010-08-16,81068040.0
2010-08-17,76452912.0
2010-08-18,70747600.0
2010-08-19,76924864.0
2010-08-20,71663304.0
2010-08-23,48915516.0
2010-08-24,61093796.0
2010-08-25,63610620.0
2010-08-26,48670440.0
2010-08-27,40789584.0
2010-08-30,65749880.0
2010-08-31,65766104.0
2010-09-01,76975576.0
2010-09-02,70700848.0
2010-09-03,72641024.0
2010-09-06,93855680.0
2010-09-07,73519360.0
2010-09-08,72872000.0
2010-09-09,81395552.0
2010-09-10,65086704.0
2010-09-13,67279904.0
2010-09-14,70105904.0
2010-09-15,71619640.0
2010-09-16,74074288.0
2010-09-17,51938868.0
2010-09-20,50283104.0
2010-09-21,35751880.0
2010-09-27,49071824.0
2010-09-28,58660824.0
2010-09-29,56782236.0
2010-09-30,63000248.0
2010-10-08,99994720.0
2010-10-11,158734912.0
2010-10-12,127361704.0
2010-10-13,144607776.0
2010-10-14,179611840.0
2010-10-15,193414144.0
2010-10-18,217882048.0
2010-10-19,130441792.0
2010-10-20,166528464.0
2010-10-21,123883248.0
2010-10-22,116361856.0
2010-10-25,145433104.0
2010-10-26,142636992.0
2010-10-27,123761568.0
2010-10-28,98349456.0
2010-10-29,100458968.0
2010-11-01,126269152.0
2010-11-02,154911456.0
2010-11-03,126359304.0
2010-11-04,116799480.0
2010-11-05,137688032.0
2010-11-08,126470760.0
2010-11-09,122454536.0
2010-11-10,120078576.0
2010-11-11,138976240.0
2010-11-12,160733856.0
2010-11-15,102315728.0
2010-11-16,108307072.0
2010-11-17,83258080.0
2010-11-18,65697292.0
2010-11-19,83347656.0
2010-11-22,83212776.0
2010-11-23,77399592.0
2010-11-24,75332080.0
2010-11-25,83442096.0
2010-11-26,64467824.0
2010-11-29,58994892.0
2010-11-30,85762352.0
2010-12-01,48882668.0
2010-12-02,61023908.0
2010-12-03,50475352.0
2010-12-06,56362632.0
2010-12-07,58483652.0
2010-12-08,59515664.0
2010-12-09,66152964.0
2010-12-10,57108104.0
2010-12-13,95713736.0
2010-12-14,84104240.0
2010-12-15,72269784.0
2010-12-16,56799624.0
2010-12-17,44919148.0
2010-12-20,74759696.0
2010-12-21,79852416.0
2010-12-22,69936256.0
2010-12-23,61315848.0
2010-12-24,55137768.0
2010-12-27,70017104.0
2010-12-28,56325748.0
2010-12-29,45192776.0
2010-12-30,54281428.0
2010-12-31,62566080.0
2011-01-04,85410440.0
2011-01-05,79268808.0
2011-01-06,59681092.0
2011-01-07,84093232.0
2011-01-10,65494408.0
2011-01-11,56985916.0
2011-01-12,58498520.0
2011-01-13,51936988.0
2011-01-14,53351440.0
2011-01-17,66807560.0
2011-01-18,42964564.0
2011-01-19,56571944.0
2011-01-20,61046644.0
2011-01-21,73102968.0
2011-01-24,65472544.0
2011-01-25,48982688.0
2011-01-26,43374980.0
2011-01-27,82585920.0
2011-01-28,63013588.0
2011-01-31,67105912.0
2011-02-01,49862528.0
2011-02-09,60394144.0
2011-02-10,66603664.0
2011-02-11,75975552.0
2011-02-14,121302328.0
2011-02-15,109554440.0
2011-02-16,91334280.0
2011-02-17,88964696.0
2011-02-18,75378688.0
2011-02-21,79399776.0
2011-02-22,107863744.0
2011-02-23,71324856.0
2011-02-24,66486892.0
2011-02-25,61619276.0
2011-02-28,76630664.0
2011-03-01,88566952.0
2011-03-02,80910640.0
2011-03-03,101220000.0
2011-03-04,80013912.0
2011-03-07,118187200.0
2011-03-08,84878656.0
2011-03-09,78026360.0
2011-03-10,78212640.0
2011-03-11,67208336.0
2011-03-14,63689784.0
2011-03-15,96033976.0
2011-03-16,78859520.0
2011-03-17,85687112.0
2011-03-18,61340160.0
2011-03-21,59105036.0
2011-03-22,57248684.0
2011-03-23,72077584.0
2011-03-24,61304244.0
2011-03-25,86895976.0
2011-03-28,97684304.0
2011-03-29,105280160.0
2011-03-30,78336336.0
2011-03-31,64503880.0
2011-04-01,63094720.0
2011-04-06,105823672.0
2011-04-07,84681760.0
2011-04-08,73929208.0
2011-04-11,104420544.0
2011-04-12,101938504.0
2011-04-13,87036336.0
2011-04-14,88972240.0
2011-04-15,78514872.0
2011-04-18,86582624.0
2011-04-19,85106936.0
2011-04-20,72343320.0
2011-04-21,73240424.0
2011-04-22,67171456.0
2011-04-25,74421832.0
2011-04-26,59096416.0
2011-04-27,62443568.0
2011-04-28,65050236.0
2011-04-29,53683064.0
2011-05-03,54998912.0
2011-05-04,66716340.0
2011-05-05,52567748.0
2011-05-06,55352184.0
2011-05-09,46027404.0
2011-05-10,40932996.0
2011-05-11,47688532.0
2011-05-12,48799500.0
2011-05-13,46895952.0
2011-05-16,45194320.0
2011-05-17,51203732.0
2011-05-18,39641768.0
2011-05-19,43110784.0
2011-05-20,38468012.0
2011-05-23,55902472.0
2011-05-24,41608944.0
2011-05-25,39289704.0
2011-05-26,37003748.0
2011-05-27,42770904.0
2011-05-30,34671160.0
2011-05-31,39689400.0
2011-06-01,38419328.0
2011-06-02,52617868.0
2011-06-03,39076164.0
2011-06-07,36852332.0
2011-06-08,42908760.0
2011-06-09,47496636.0
2011-06-10,42201880.0
2011-06-13,38351668.0
2011-06-14,55982816.0
2011-06-15,44390852.0
2011-06-16,41135480.0
2011-06-17,41176528.0
2011-06-20,37991984.0
2011-06-21,42038924.0
2011-06-22,37318800.0
2011-06-23,45941116.0
2011-06-24,85459240.0
2011-06-27,65615772.0
2011-06-28,55766256.0
2011-06-29,53476848.0
2011-06-30,62502548.0
2011-07-01,56766652.0
2011-07-04,80464032.0
2011-07-05,67763336.0
2011-07-06,61555808.0
2011-07-07,71810360.0
2011-07-08,51282592.0
2011-07-11,47920660.0
2011-07-12,57107984.0
2011-07-13,54114368.0
2011-07-14,60314936.0
2011-07-15,61550320.0
2011-07-18,60691312.0
2011-07-19,53388708.0
2011-07-20,44118332.0
2011-07-21,44084692.0
2011-07-22,37257256.0
2011-07-25,67180992.0
2011-07-26,43515456.0
2011-07-27,48385612.0
2011-07-28,48138984.0
2011-07-29,46298252.0
2011-08-01,33886948.0
2011-08-02,38978356.0
2011-08-03,38668360.0
2011-08-04,32985720.0
2011-08-05,49316856.0
2011-08-08,71517768.0
2011-08-09,69842672.0
2011-08-10,58659312.0
2011-08-11,58997688.0
2011-08-12,57197408.0
2011-08-15,59875476.0
2011-08-16,50962680.0
2011-08-17,39178180.0
2011-08-18,40768884.0
2011-08-19,43259648.0
2011-08-22,34209684.0
2011-08-23,32620514.0
2011-08-24,35301564.0
2011-08-25,72216848.0
2011-08-26,45604104.0
2011-08-29,44267848.0
2011-08-30,43137872.0
2011-08-31,32107900.0
2011-09-01,30118702.0
2011-09-02,29317116.0
2011-09-05,32005660.0
2011-09-06,29713982.0
2011-09-07,33265380.0
2011-09-08,26838736.0
2011-09-09,27073504.0
2011-09-13,26713764.0
2011-09-14,30424780.0
2011-09-15,31171924.0
2011-09-16,27555932.0
2011-09-19,29090940.0
2011-09-20,25598680.0
2011-09-21,56194172.0
2011-09-22,47102660.0
2011-09-23,42592224.0
2011-09-26,39175124.0
2011-09-27,35021976.0
2011-09-28,34169556.0
2011-09-29,37093592.0
2011-09-30,32050822.0
2011-10-10,28325122.0
2011-10-11,45029848.0
2011-10-12,65945680.0
2011-10-13,60426200.0
2011-10-14,38336948.0
2011-10-17,36158316.0
2011-10-18,39373448.0
2011-10-19,31116166.0
2011-10-20,39842464.0
2011-10-21,29843504.0
2011-10-24,46345800.0
2011-10-25,57967376.0
2011-10-26,73098240.0
2011-10-27,48820392.0
2011-10-28,71643104.0
2011-10-31,50407112.0
2011-11-01,55206652.0
2011-11-02,64361584.0
2011-11-03,84820760.0
2011-11-04,61958216.0
2011-11-07,45375056.0
2011-11-08,47884252.0
2011-11-09,46877960.0
2011-11-10,51173704.0
2011-11-11,36636696.0
2011-11-14,46390944.0
2011-11-15,41759864.0
2011-11-16,55949240.0
2011-11-17,35247652.0
2011-11-18,42414720.0
2011-11-21,27971896.0
2011-11-22,29069078.0
2011-11-23,28531412.0
2011-11-24,30319600.0
2011-11-25,23913766.0
2011-11-28,25666936.0
2011-11-29,30025878.0
2011-11-30,42352644.0
2011-12-01,63520252.0
2011-12-02,32183704.0
2011-12-05,32063388.0
2011-12-06,26297580.0
2011-12-07,23261840.0
2011-12-08,27777744.0
2011-12-09,24029060.0
2011-12-12,21901248.0
2011-12-13,35717536.0
2011-12-14,25320108.0
2011-12-15,36750832.0
2011-12-16,36302340.0
2011-12-19,37909752.0
2011-12-20,32402328.0
2011-12-21,31209524.0
2011-12-22,36683856.0
2011-12-23,33161904.0
2011-12-26,28224088.0
2011-12-27,29277314.0
2011-12-28,32882020.0
2011-12-29,30887700.0
2011-12-30,35865244.0
2012-01-04,34344568.0
2012-01-05,43016480.0
2012-01-06,35198992.0
2012-01-09,54727340.0
2012-01-10,81154992.0
2012-01-11,58705672.0
2012-01-12,47121276.0
2012-01-13,45513996.0
2012-01-16,30527144.0
2012-01-17,64205648.0
2012-01-18,63892360.0
2012-01-19,55615728.0
2012-01-20,54529784.0
2012-01-30,43517148.0
2012-01-31,30701500.0
2012-02-01,35015376.0
2012-02-02,42066984.0
2012-02-03,49949240.0
2012-02-06,45079904.0
2012-02-07,39679164.0
2012-02-08,56186456.0
2012-02-09,59299752.0
2012-02-10,61575876.0
2012-02-13,51913972.0
2012-02-14,40430100.0
2012-02-15,58090368.0
2012-02-16,54395432.0
2012-02-17,38994716.0
2012-02-20,56153328.0
2012-02-21,47894808.0
2012-02-22,76376656.0
2012-02-23,70377128.0
2012-02-24,85999712.0
2012-02-27,101514032.0
2012-02-28,77592536.0
2012-02-29,59120208.0
2012-03-01,42148440.0
2012-03-02,64122032.0
2012-03-05,71395456.0
2012-03-06,62447148.0
2012-03-07,56948732.0
2012-03-08,57549412.0
2012-03-09,55258920.0
2012-03-12,62327216.0
2012-03-13,58404468.0
2012-03-14,108426544.0
2012-03-15,72565960.0
2012-03-16,58091260.0
2012-03-19,57646624.0
2012-03-20,58114064.0
2012-03-21,58002544.0
2012-03-22,44926776.0
2012-03-23,43329256.0
2012-03-26,31816212.0
2012-03-27,35944604.0
2012-03-28,50005792.0
2012-03-29,46131304.0
2012-03-30,37027088.0
2012-04-05,54331688.0
2012-04-06,42368576.0
2012-04-09,35370984.0
2012-04-10,41335904.0
2012-04-11,42510312.0
2012-04-12,56488408.0
2012-04-13,53092644.0
2012-04-16,40839700.0
2012-04-17,37815468.0
2012-04-18,58688408.0
2012-04-19,46448108.0
2012-04-20,61446380.0
2012-04-23,58664936.0
2012-04-24,71139560.0
2012-04-25,62468052.0
2012-04-26,58965668.0
2012-04-27,48233584.0
2012-05-02,80148656.0
2012-05-03,59361088.0
2012-05-04,63218088.0
2012-05-07,68547312.0
2012-05-08,63110840.0
2012-05-09,58400284.0
2012-05-10,46962576.0
2012-05-11,41006144.0
2012-05-14,52082484.0
2012-05-15,45767272.0
2012-05-16,43280272.0
2012-05-17,43728388.0
2012-05-18,43422124.0
2012-05-21,38602088.0
2012-05-22,42773528.0
2012-05-23,43719532.0
2012-05-24,42844064.0
2012-05-25,39273004.0
2012-05-28,56339276.0
2012-05-29,72135640.0
2012-05-30,51855436.0
2012-05-31,44107468.0
2012-06-01,44191056.0
2012-06-04,52478504.0
2012-06-05,37779912.0
2012-06-06,33857696.0
2012-06-07,34841184.0
2012-06-08,43856424.0
2012-06-11,40098260.0
2012-06-12,37936676.0
2012-06-13,45014568.0
2012-06-14,40247936.0
2012-06-15,42786080.0
2012-06-18,35693628.0
2012-06-19,32700552.0
2012-06-20,29850640.0
2012-06-21,35396732.0
2012-06-25,40106736.0
2012-06-26,31734008.0
2012-06-27,30007552.0
2012-06-28,30543112.0
2012-06-29,37994940.0
2012-07-02,40510080.0
2012-07-03,38693352.0
2012-07-04,34452144.0
2012-07-05,34726144.0
2012-07-06,49610604.0
2012-07-09,49223304.0
2012-07-10,35549984.0
2012-07-11,37624312.0
2012-07-12,56717692.0
2012-07-13,36725256.0
2012-07-16,42771872.0
2012-07-17,33424328.0
2012-07-18,41751788.0
2012-07-19,46949052.0
2012-07-20,37619752.0
2012-07-23,32390368.0
2012-07-24,30310080.0
2012-07-25,24896500.0
2012-07-26,31314094.0
2012-07-27,31090524.0
2012-07-30,30484852.0
2012-07-31,32099724.0
2012-08-01,31420848.0
2012-08-02,31516160.0
2012-08-03,29769784.0
2012-08-06,41820664.0
2012-08-07,38285488.0
2012-08-08,37810452.0
2012-08-09,35658952.0
2012-08-10,34702996.0
2012-08-13,44783544.0
2012-08-14,39850064.0
2012-08-15,30580176.0
2012-08-16,25902904.0
2012-08-17,26065716.0
2012-08-20,27402032.0
2012-08-21,34895100.0
2012-08-22,31708412.0
2012-08-23,31335342.0
2012-08-24,31869592.0
2012-08-27,37386192.0
2012-08-28,33773616.0
2012-08-29,29010648.0
2012-08-30,35491312.0
2012-08-31,25964986.0
2012-09-03,38548592.0
2012-09-04,34852688.0
2012-09-05,34751824.0
2012-09-06,31695884.0
2012-09-07,94529760.0
2012-09-10,65330552.0
2012-09-11,46260720.0
2012-09-12,49622520.0
2012-09-13,42049848.0
2012-09-14,61571816.0
2012-09-17,48984736.0
2012-09-18,33228696.0
2012-09-19,34349704.0
2012-09-20,42545780.0
2012-09-21,38120592.0
2012-09-24,37501688.0
2012-09-25,27877020.0
2012-09-26,27454626.0
2012-09-27,53016900.0
2012-09-28,57875824.0
2012-10-08,35534424.0
2012-10-09,52548888.0
2012-10-10,42686240.0
2012-10-11,41300656.0
2012-10-12,36874144.0
2012-10-15,28651746.0
2012-10-16,32059680.0
2012-10-17,33349408.0
2012-10-18,50615100.0
2012-10-19,35927732.0
2012-10-22,34368288.0
2012-10-23,37221272.0
2012-10-24,37542444.0
2012-10-25,44351532.0
2012-10-26,40900520.0
2012-10-29,27581324.0
2012-10-30,34083124.0
2012-10-31,37169796.0
2012-11-01,50761728.0
2012-11-02,39833288.0
2012-11-05,39510372.0
2012-11-06,39280628.0
2012-11-07,33067404.0
2012-11-08,35426476.0
2012-11-09,30506968.0
2012-11-12,34721684.0
2012-11-13,34083704.0
2012-11-14,26758790.0
2012-11-15,28319152.0
2012-11-16,30247786.0
2012-11-19,26978666.0
2012-11-20,23948916.0
2012-11-21,30508482.0
2012-11-22,22912352.0
2012-11-23,28667492.0
2012-11-26,24742696.0
2012-11-27,31946746.0
2012-11-28,30009340.0
2012-11-29,29670624.0
2012-11-30,36406912.0
2012-12-03,40186760.0
2012-12-04,36225916.0
2012-12-05,82487104.0
2012-12-06,48574688.0
2012-12-07,76169744.0
2012-12-10,73375472.0
2012-12-11,51468704.0
2012-12-12,45006456.0
2012-12-13,41942100.0
2012-12-14,110892560.0
2012-12-17,94088192.0
2012-12-18,85784848.0
2012-12-19,63292528.0
2012-12-20,65655464.0
2012-12-21,68714160.0
2012-12-24,53087004.0
2012-12-25,95502352.0
2012-12-26,71591824.0
2012-12-27,73255064.0
2012-12-28,67166320.0
2012-12-31,82002296.0
2013-01-04,97988184.0
2013-01-07,75167992.0
2013-01-08,71837104.0
2013-01-09,70231168.0
2013-01-10,71085864.0
2013-01-11,74239176.0
2013-01-14,93554088.0
2013-01-15,98620808.0
2013-01-16,93536080.0
2013-01-17,69915240.0
2013-01-18,77940304.0
2013-01-21,84133744.0
2013-01-22,105766272.0
2013-01-23,75739440.0
2013-01-24,111277168.0
2013-01-25,58487360.0
2013-01-28,91274792.0
2013-01-29,101040232.0
2013-01-30,99874992.0
2013-01-31,96740104.0
2013-02-01,103879512.0
2013-02-04,127939176.0
2013-02-05,116130816.0
2013-02-06,82779272.0
2013-02-07,89978144.0
2013-02-08,77429648.0
2013-02-18,76438224.0
2013-02-19,80626432.0
2013-02-20,70019376.0
2013-02-21,100657984.0
2013-02-22,60204852.0
2013-02-25,53161944.0
2013-02-26,80003064.0
2013-02-27,63226744.0
2013-02-28,86922592.0
2013-03-01,73343752.0
2013-03-04,110619104.0
2013-03-05,89661152.0
2013-03-06,95829648.0
2013-03-07,94082664.0
2013-03-08,59429556.0
2013-03-11,50946436.0
2013-03-12,71935144.0
2013-03-13,56430460.0
2013-03-14,47605756.0
2013-03-15,81372184.0
2013-03-18,59812776.0
2013-03-19,54536476.0
2013-03-20,90700624.0
2013-03-21,69552752.0
2013-03-22,55647140.0
2013-03-25,56261400.0
2013-03-26,63962960.0
2013-03-27,56906516.0
2013-03-28,87578408.0
2013-03-29,52402136.0
2013-04-01,47346024.0
2013-04-02,55684152.0
2013-04-03,45564220.0
2013-04-08,53296772.0
2013-04-09,52389824.0
2013-04-10,47504912.0
2013-04-11,42989960.0
2013-04-12,39917280.0
2013-04-15,46539736.0
2013-04-16,55280612.0
2013-04-17,44692164.0
2013-04-18,42860708.0
2013-04-19,75520880.0
2013-04-22,62511884.0
2013-04-23,60653984.0
2013-04-24,63050916.0
2013-04-25,60557928.0
2013-04-26,47123376.0
2013-05-02,47016088.0
2013-05-03,62330092.0
2013-05-06,60418780.0
2013-05-07,54490644.0
2013-05-08,59554296.0
2013-05-09,60240144.0
2013-05-10,48816728.0
2013-05-13,54092148.0
2013-05-14,54880064.0
2013-05-15,44189660.0
2013-05-16,70796184.0
2013-05-17,81850800.0
2013-05-20,86337800.0
2013-05-21,71505992.0
2013-05-22,74191816.0
2013-05-23,84825368.0
2013-05-24,60739668.0
2013-05-27,64195080.0
2013-05-28,84196112.0
2013-05-29,79277712.0
2013-05-30,70146368.0
2013-05-31,62528532.0
2013-06-03,59774468.0
2013-06-04,66315752.0
2013-06-05,45637192.0
2013-06-06,52496528.0
2013-06-07,61030896.0
2013-06-13,69730064.0
2013-06-14,55964536.0
2013-06-17,50395712.0
2013-06-18,48630380.0
2013-06-19,54346260.0
2013-06-20,55201020.0
2013-06-21,58705800.0
2013-06-24,86597256.0
2013-06-25,107554880.0
2013-06-26,79256424.0
2013-06-27,75406752.0
2013-06-28,79451328.0
2013-07-01,57726228.0
2013-07-02,61838848.0
2013-07-03,65836024.0
2013-07-04,72581144.0
2013-07-05,61821776.0
2013-07-08,54782492.0
2013-07-09,41494432.0
2013-07-10,61149780.0
2013-07-11,125793192.0
2013-07-12,89733080.0
2013-07-15,74757888.0
2013-07-16,65624156.0
2013-07-17,67655248.0
2013-07-18,57144292.0
2013-07-19,70535280.0
2013-07-22,53283496.0
2013-07-23,74809728.0
2013-07-24,69592304.0
2013-07-25,65774316.0
2013-07-26,48941096.0
2013-07-29,54600924.0
2013-07-30,55193624.0
2013-07-31,48327056.0
2013-08-01,62603996.0
2013-08-02,60890892.0
2013-08-05,55342152.0
2013-08-06,73746896.0
2013-08-07,73048696.0
2013-08-08,53098432.0
2013-08-09,64600016.0
2013-08-12,97863216.0
2013-08-13,78393632.0
2013-08-14,75942128.0
2013-08-15,61951852.0
2013-08-16,120369560.0
2013-08-19,72483224.0
2013-08-20,73086344.0
2013-08-21,55007384.0
2013-08-22,55338104.0
2013-08-23,68967136.0
2013-08-26,70371040.0
2013-08-27,65990332.0
2013-08-28,89256176.0
2013-08-29,66085416.0
2013-08-30,87654512.0
2013-09-02,79510248.0
2013-09-03,80554008.0
2013-09-04,78725760.0
2013-09-05,62951384.0
2013-09-06,73340112.0
2013-09-09,149889632.0
2013-09-10,154856000.0
2013-09-11,166914976.0
2013-09-12,145173168.0
2013-09-13,110775048.0
2013-09-16,105383280.0
2013-09-17,99459984.0
2013-09-18,71040760.0
2013-09-23,80128352.0
2013-09-24,97853016.0
2013-09-25,90518416.0
2013-09-26,86236768.0
2013-09-27,65971508.0
2013-09-30,59513992.0
2013-10-08,84785504.0
2013-10-09,76277648.0
2013-10-10,90329704.0
2013-10-11,93388264.0
2013-10-14,100081304.0
2013-10-15,89173496.0
2013-10-16,88979832.0
2013-10-17,71222472.0
2013-10-18,60291632.0
2013-10-21,84909792.0
2013-10-22,90703032.0
2013-10-23,91545352.0
2013-10-24,64560820.0
2013-10-25,77070184.0
2013-10-28,62876152.0
2013-10-29,106737832.0
2013-10-30,92178128.0
2013-10-31,82736960.0
2013-11-01,63055760.0
2013-11-04,51798460.0
2013-11-05,62084488.0
2013-11-06,63776664.0
2013-11-07,54821748.0
2013-11-08,53788508.0
2013-11-11,45739456.0
2013-11-12,52687544.0
2013-11-13,59848832.0
2013-11-14,57310356.0
2013-11-15,86391768.0
2013-11-18,110034632.0
2013-11-19,78648296.0
2013-11-20,72291800.0
2013-11-21,87706680.0
2013-11-22,75000672.0
2013-11-25,66144736.0
2013-11-26,59185864.0
2013-11-27,75294088.0
2013-11-28,90660408.0
2013-11-29,61803744.0
2013-12-02,119655120.0
2013-12-03,74455752.0
2013-12-04,102650232.0
2013-12-05,77708928.0
2013-12-06,66114088.0
2013-12-09,57164884.0
2013-12-10,66941424.0
2013-12-11,68075144.0
2013-12-12,50147720.0
2013-12-13,51501196.0
2013-12-16,64581672.0
2013-12-17,48483892.0
2013-12-18,40015208.0
2013-12-19,48095680.0
2013-12-20,65204208.0
2013-12-23,45580284.0
2013-12-24,45599168.0
2013-12-25,44005328.0
2013-12-26,51497564.0
2013-12-27,53389156.0
2013-12-30,48414308.0
2013-12-31,56631072.0
2014-01-02,45194292.0
2014-01-03,59782644.0
2014-01-06,66300404.0
2014-01-07,43753104.0
2014-01-08,51348856.0
2014-01-09,55987040.0
2014-01-10,54169292.0
2014-01-13,50122772.0
2014-01-14,54049948.0
2014-01-15,48962396.0
2014-01-16,52298904.0
2014-01-17,50273156.0
2014-01-20,40560152.0
2014-01-21,40306248.0
2014-01-22,70641376.0
2014-01-23,56345952.0
2014-01-24,61167672.0
2014-01-27,70344248.0
2014-01-28,53269128.0
2014-01-29,50222716.0
2014-01-30,43632304.0
2014-02-07,50459316.0
2014-02-10,83065712.0
2014-02-11,99229832.0
2014-02-12,76592160.0
2014-02-13,96217792.0
2014-02-14,67082996.0
2014-02-17,87831664.0
2014-02-18,87049744.0
2014-02-19,99352560.0
2014-02-20,106439536.0
2014-02-21,76368992.0
2014-02-24,89215936.0
2014-02-25,93237552.0
2014-02-26,77993296.0
2014-02-27,90104296.0
2014-02-28,76668056.0
2014-03-03,82072312.0
2014-03-04,73069248.0
2014-03-05,61332016.0
2014-03-06,69093768.0
2014-03-07,64265176.0
2014-03-10,71416408.0
2014-03-11,57621244.0
2014-03-12,70069744.0
2014-03-13,69226032.0
2014-03-14,58617736.0
2014-03-17,52409444.0
2014-03-18,55354132.0
2014-03-19,59303904.0
2014-03-20,67631288.0
2014-03-21,104024808.0
2014-03-24,104491984.0
2014-03-25,86877512.0
2014-03-26,58276176.0
2014-03-27,71275136.0
2014-03-28,70086072.0
2014-03-31,55457488.0
2014-04-01,48866404.0
2014-04-02,65039256.0
2014-04-03,71536032.0
2014-04-04,47945888.0
2014-04-08,97219120.0
2014-04-09,66357268.0
2014-04-10,114545408.0
2014-04-11,90615896.0
2014-04-14,62265000.0
2014-04-15,68218128.0
2014-04-16,51678008.0
2014-04-17,48333628.0
2014-04-18,50757996.0
2014-04-21,56278280.0
2014-04-22,57094696.0
2014-04-23,47763532.0
2014-04-24,45058912.0
2014-04-25,60245384.0
2014-04-28,60485188.0
2014-04-29,48204932.0
2014-04-30,45334624.0
2014-05-05,49344072.0
2014-05-06,48086520.0
2014-05-07,44607472.0
2014-05-08,48332452.0
2014-05-09,49181136.0
2014-05-12,83472560.0
2014-05-13,64912520.0
2014-05-14,48514208.0
2014-05-15,46734032.0
2014-05-16,42253196.0
2014-05-19,42893608.0
2014-05-20,37299684.0
2014-05-21,38946040.0
2014-05-22,46252736.0
2014-05-23,37623104.0
2014-05-26,39550656.0
2014-05-27,35897172.0
2014-05-28,50056260.0
2014-05-29,44891556.0
2014-05-30,43923864.0
2014-06-03,41982952.0
2014-06-04,41817248.0
2014-06-05,36477424.0
2014-06-06,35738056.0
2014-06-09,39311060.0
2014-06-10,50507904.0
2014-06-11,42563720.0
2014-06-12,43025844.0
2014-06-13,59252876.0
2014-06-16,63296876.0
2014-06-17,49933664.0
2014-06-18,49463896.0
2014-06-19,53162644.0
2014-06-20,42393720.0
2014-06-23,41179256.0
2014-06-24,40164356.0
2014-06-25,37666100.0
2014-06-26,44351168.0
2014-06-27,52722896.0
2014-06-30,54304188.0
2014-07-01,53323100.0
2014-07-02,59685500.0
2014-07-03,63690688.0
2014-07-04,52851104.0
2014-07-07,50242336.0
2014-07-08,50743600.0
2014-07-09,62022048.0
2014-07-10,55732496.0
2014-07-11,61374272.0
2014-07-14,66158864.0
2014-07-15,71815696.0
2014-07-16,81560232.0
2014-07-17,59453568.0
2014-07-18,65473296.0
2014-07-21,54172260.0
2014-07-22,78542584.0
2014-07-23,84213872.0
2014-07-24,119435536.0
2014-07-25,98972840.0
2014-07-28,179869328.0
2014-07-29,134269648.0
2014-07-30,123022832.0
2014-07-31,110987768.0
2014-08-01,126317392.0
2014-08-04,116713752.0
2014-08-05,111861792.0
2014-08-06,116341832.0
2014-08-07,116729208.0
2014-08-08,86739696.0
2014-08-11,91601168.0
2014-08-12,91822608.0
2014-08-13,110447792.0
2014-08-14,97969496.0
2014-08-15,93592544.0
2014-08-18,104509552.0
2014-08-19,115850016.0
2014-08-20,101288088.0
2014-08-21,100690208.0
2014-08-22,89823936.0
2014-08-25,97373720.0
2014-08-26,93844224.0
2014-08-27,67676224.0
2014-08-28,70490656.0
2014-08-29,63211424.0
2014-09-01,77320872.0
2014-09-02,114436736.0
2014-09-03,129734208.0
2014-09-04,111272296.0
2014-09-05,133551760.0
2014-09-09,118194344.0
2014-09-10,109175520.0
2014-09-11,132982584.0
2014-09-12,109160168.0
2014-09-15,122247160.0
2014-09-16,186742784.0
2014-09-17,125269024.0
2014-09-18,115926376.0
2014-09-19,101813576.0
2014-09-22,102240872.0
2014-09-23,84033344.0
2014-09-24,142713536.0
2014-09-25,138661888.0
2014-09-26,100299496.0
2014-09-29,123401728.0
2014-09-30,115804232.0
2014-10-08,121953600.0
2014-10-09,137923920.0
2014-10-10,147634304.0
2014-10-13,131593360.0
2014-10-14,127393704.0
2014-10-15,135801888.0
2014-10-16,158166608.0
2014-10-17,132759984.0
2014-10-20,91435400.0
2014-10-21,96241912.0
2014-10-22,88656192.0
2014-10-23,103491840.0
2014-10-24,74974872.0
2014-10-27,73862448.0
2014-10-28,101523056.0
2014-10-29,158584064.0
2014-10-30,189626352.0
2014-10-31,239172416.0
2014-11-03,205801232.0
2014-11-04,218247008.0
2014-11-05,190491856.0
2014-11-06,149651120.0
2014-11-07,208760912.0
2014-11-10,226599728.0
2014-11-11,323711648.0
2014-11-12,184686256.0
2014-11-13,219815616.0
2014-11-14,165049968.0
2014-11-17,158478096.0
2014-11-18,142941360.0
2014-11-19,122146976.0
2014-11-20,106149864.0
2014-11-21,151028144.0
2014-11-24,279839712.0
2014-11-25,222611696.0
2014-11-26,243962480.0
2014-11-27,265464736.0
2014-11-28,375323648.0
2014-12-01,365487424.0
2014-12-02,361465312.0
2014-12-03,466156672.0
2014-12-04,426812928.0
2014-12-05,524881248.0
2014-12-08,484462336.0
2014-12-09,632874560.0
2014-12-10,425018720.0
2014-12-11,367091680.0
2014-12-12,301065312.0
2014-12-15,290193824.0
2014-12-16,358123840.0
2014-12-17,448140768.0
2014-12-18,355970208.0
2014-12-19,411211584.0
2014-12-22,549801664.0
2014-12-23,369736096.0
2014-12-24,317449600.0
2014-12-25,309799552.0
2014-12-26,384614112.0
2014-12-29,425015040.0
2014-12-30,328233888.0
2014-12-31,345934752.0
2015-01-05,451198112.0
2015-01-06,420962176.0
2015-01-07,320191232.0
2015-01-08,295003040.0
2015-01-09,349982656.0
2015-01-12,266567168.0
2015-01-13,187153968.0
2015-01-14,196012512.0
2015-01-15,237812336.0
2015-01-16,282681600.0
2015-01-19,329505280.0
2015-01-20,297843232.0
2015-01-21,337928224.0
2015-01-22,268853600.0
2015-01-23,280172160.0
2015-01-26,239766208.0
2015-01-27,287669184.0
2015-01-28,216220208.0
2015-01-29,211618864.0
2015-01-30,196479152.0
2015-02-02,195183696.0
2015-02-03,192846096.0
2015-02-04,191304352.0
2015-02-05,250430608.0
2015-02-06,192664192.0
2015-02-09,172353824.0
2015-02-10,159309088.0
2015-02-11,144613776.0
2015-02-12,156081696.0
2015-02-13,201089968.0
2015-02-16,165641344.0
2015-02-17,165328320.0
2015-02-25,165539344.0
2015-02-26,229328432.0
2015-02-27,222786432.0
2015-03-02,248176128.0
2015-03-03,261866496.0
2015-03-04,199663984.0
2015-03-05,217508800.0
2015-03-06,181518048.0
2015-03-09,233940416.0
2015-03-10,194267664.0
2015-03-11,188947824.0
2015-03-12,265664624.0
2015-03-13,246864768.0
2015-03-16,275438304.0
2015-03-17,371625664.0
2015-03-18,415190016.0
2015-03-19,391547616.0
2015-03-20,401817536.0
2015-03-23,391119936.0
2015-03-24,468581312.0
2015-03-25,379968864.0
2015-03-26,346756320.0
2015-03-27,298756064.0
2015-03-30,428297024.0
2015-03-31,436065632.0
2015-04-01,329512864.0
2015-04-02,339070496.0
2015-04-03,321303776.0
2015-04-07,415362656.0
2015-04-08,458676704.0
2015-04-09,439699904.0
2015-04-10,348190176.0
2015-04-13,434153024.0
2015-04-14,434432128.0
2015-04-15,472154144.0
2015-04-16,422603744.0
2015-04-17,552802688.0
2015-04-20,686439104.0
2015-04-21,490314976.0
2015-04-22,516213792.0
2015-04-23,497430944.0
2015-04-24,480152928.0
2015-04-27,513076544.0
2015-04-28,608638528.0
2015-04-29,395056992.0
2015-04-30,399727456.0
2015-05-04,377843840.0
2015-05-05,460419616.0
2015-05-06,376073696.0
2015-05-07,297759200.0
2015-05-08,302407968.0
2015-05-11,373838432.0
2015-05-12,377053888.0
2015-05-13,370730432.0
2015-05-14,337725152.0
2015-05-15,328431168.0
2015-05-18,269180480.0
2015-05-19,314785952.0
2015-05-20,363180736.0
2015-05-21,305054528.0
2015-05-22,455846720.0
2015-05-25,465736576.0
2015-05-26,487949344.0
2015-05-27,470798720.0
2015-05-28,571829056.0
2015-05-29,427878848.0
2015-06-01,417503744.0
2015-06-02,412973184.0
2015-06-03,414258272.0
2015-06-04,482767264.0
2015-06-05,545961216.0
2015-06-08,637313216.0
2015-06-09,570427264.0
2015-06-10,442165664.0
2015-06-11,392338752.0
2015-06-12,430131392.0
2015-06-15,475745696.0
2015-06-16,411675648.0
2015-06-17,397124192.0
2015-06-18,364395808.0
2015-06-19,358104736.0
2015-06-23,365087936.0
2015-06-24,434638720.0
2015-06-25,446135968.0
2015-06-26,446639776.0
2015-06-29,525662496.0
2015-06-30,527045280.0
2015-07-01,431721408.0
2015-07-02,457062208.0
2015-07-03,429300864.0
2015-07-06,648094528.0
2015-07-07,679385024.0
2015-07-08,581467072.0
2015-07-09,503870624.0
2015-07-10,500701792.0
2015-07-13,502092192.0
2015-07-14,454422016.0
2015-07-15,421956352.0
2015-07-16,330531360.0
2015-07-17,331107136.0
2015-07-20,352673472.0
2015-07-21,318374944.0
2015-07-22,318945984.0
2015-07-23,354471744.0
2015-07-24,392045376.0
2015-07-27,365054496.0
2015-07-28,383527232.0
2015-07-29,276972832.0
2015-07-30,271548672.0
2015-07-31,222376768.0
2015-08-03,245805024.0
2015-08-04,220236560.0
2015-08-05,200484272.0
2015-08-06,147278688.0
2015-08-07,183349152.0
2015-08-10,306780544.0
2015-08-11,322034176.0
2015-08-12,255146192.0
2015-08-13,242836976.0
2015-08-14,253392992.0
2015-08-17,256939632.0
2015-08-18,319881056.0
2015-08-19,269049824.0
2015-08-20,212167968.0
2015-08-21,217986400.0
2015-08-24,255436656.0
2015-08-25,276081312.0
2015-08-26,308270624.0
2015-08-27,267294928.0
2015-08-28,299498432.0
2015-08-31,280250400.0
2015-09-01,352458528.0
2015-09-02,347789408.0
2015-09-07,204224432.0
2015-09-08,154599632.0
2015-09-09,220467424.0
2015-09-10,144882976.0
2015-09-11,108547504.0
2015-09-14,205457248.0
2015-09-15,143555648.0
2015-09-16,159710000.0
2015-09-17,169401888.0
2015-09-18,106903480.0
2015-09-21,122788672.0
2015-09-22,146221984.0
2015-09-23,123171440.0
2015-09-24,102011240.0
2015-09-25,121419280.0
2015-09-28,74219472.0
2015-09-29,87150632.0
2015-09-30,78559352.0
2015-10-08,132081768.0
2015-10-09,124352496.0
2015-10-12,221400464.0
2015-10-13,145433792.0
2015-10-14,152173936.0
2015-10-15,171158304.0
2015-10-16,208964704.0
2015-10-19,207606752.0
2015-10-20,179025104.0
2015-10-21,282076064.0
2015-10-22,184305584.0
2015-10-23,198294480.0
2015-10-26,204248864.0
2015-10-27,192056144.0
2015-10-28,170977104.0
2015-10-29,127010448.0
2015-10-30,139141920.0
2015-11-02,130002568.0
2015-11-03,101401872.0
2015-11-04,205423872.0
2015-11-05,398046560.0
2015-11-06,298753088.0
2015-11-09,356804832.0
2015-11-10,286519616.0
2015-11-11,232234304.0
2015-11-12,217537648.0
2015-11-13,203489888.0
2015-11-16,161690896.0
2015-11-17,248533072.0
2015-11-18,185689488.0
2015-11-19,154631984.0
2015-11-20,186951696.0
2015-11-23,175626816.0
2015-11-24,143383280.0
2015-11-25,151944944.0
2015-11-26,173525472.0
2015-11-27,208939360.0
2015-11-30,173201168.0
2015-12-01,136536560.0
2015-12-02,213538864.0
2015-12-03,197762128.0
2015-12-04,151199520.0
2015-12-07,113883152.0
2015-12-08,125781080.0
2015-12-09,113325424.0
2015-12-10,120215624.0
2015-12-11,110322480.0
2015-12-14,151769120.0
2015-12-15,126481712.0
2015-12-16,111342720.0
2015-12-17,177924080.0
2015-12-18,173465984.0
2015-12-21,217435280.0
2015-12-22,180303664.0
2015-12-23,207017152.0
2015-12-24,147181392.0
2015-12-25,119624016.0
2015-12-28,153988448.0
2015-12-29,101885552.0
2015-12-30,105629952.0
2015-12-31,101873552.0
2016-01-04,115370672.0
2016-01-05,162116992.0
2016-01-06,145966144.0
2016-01-07,44102640.0
2016-01-08,185959456.0
2016-01-11,174638384.0
2016-01-12,128225792.0
2016-01-13,120666496.0
2016-01-14,134537664.0
2016-01-15,124601776.0
2016-01-18,101128384.0
2016-01-19,127653896.0
2016-01-20,130650504.0
2016-01-21,111189736.0
2016-01-22,89951088.0
2016-01-25,81540064.0
2016-01-26,126933920.0
2016-01-27,132229368.0
2016-01-28,99222752.0
2016-01-29,113304256.0
2016-02-01,86795344.0
2016-02-02,88601960.0
2016-02-03,77389000.0
2016-02-04,91779728.0
2016-02-05,76850808.0
2016-02-15,72919432.0
2016-02-16,112579640.0
2016-02-17,128291608.0
2016-02-18,124401464.0
2016-02-19,87338016.0
2016-02-22,140946976.0
2016-02-23,112567392.0
2016-02-24,111782648.0
2016-02-25,157829760.0
2016-02-26,106949728.0
2016-02-29,129341024.0
2016-03-01,116045920.0
2016-03-02,175972352.0
2016-03-03,173105744.0
2016-03-04,219172528.0
2016-03-07,132462040.0
2016-03-08,136235744.0
2016-03-09,111466248.0
2016-03-10,76072200.0
2016-03-11,73333568.0
2016-03-14,117108656.0
2016-03-15,98311944.0
2016-03-16,124736448.0
2016-03-17,121661776.0
2016-03-18,197302560.0
2016-03-21,233269472.0
2016-03-22,161020896.0
2016-03-23,125679288.0
2016-03-24,133131120.0
2016-03-25,97395328.0
2016-03-28,103441936.0
2016-03-29,97294744.0
2016-03-30,117802512.0
2016-03-31,121552072.0
2016-04-01,118122136.0
2016-04-05,146047776.0
2016-04-06,120196304.0
2016-04-07,112409464.0
2016-04-08,101005624.0
2016-04-11,125212712.0
2016-04-12,92869440.0
2016-04-13,195613872.0
2016-04-14,113157328.0
2016-04-15,99807528.0
2016-04-18,97090072.0
2016-04-19,80871440.0
2016-04-20,162207856.0
2016-04-21,104752648.0
2016-04-22,77078496.0
2016-04-25,67519352.0
2016-04-26,59020736.0
2016-04-27,60004148.0
2016-04-28,69870656.0
2016-04-29,58029776.0
2016-05-03,98164832.0
2016-05-04,90862408.0
2016-05-05,74733680.0
2016-05-06,108680240.0
2016-05-09,99230480.0
2016-05-10,68849936.0
2016-05-11,81794256.0
2016-05-12,78765728.0
2016-05-13,62629756.0
2016-05-16,59461856.0
2016-05-17,65278124.0
2016-05-18,82715368.0
2016-05-19,60444168.0
2016-05-20,56080840.0
2016-05-23,59697216.0
2016-05-24,58734384.0
2016-05-25,56652804.0
2016-05-26,60392980.0
2016-05-27,60468752.0
2016-05-30,63098580.0
2016-05-31,138863104.0
2016-06-01,113148480.0
2016-06-02,86003424.0
2016-06-03,101491784.0
2016-06-06,76693752.0
2016-06-07,68928312.0
2016-06-08,76291776.0
2016-06-13,92975944.0
2016-06-14,66279456.0
2016-06-15,87393256.0
2016-06-16,82974704.0
2016-06-17,85402984.0
2016-06-20,63587140.0
2016-06-21,87965344.0
2016-06-22,66487112.0
2016-06-23,67751736.0
2016-06-24,104792208.0
2016-06-27,83267256.0
2016-06-28,92024640.0
2016-06-29,103723664.0
2016-06-30,79692616.0
2016-07-01,71746280.0
2016-07-04,133310528.0
2016-07-05,130226896.0
2016-07-06,124897456.0
2016-07-07,118595200.0
2016-07-08,89734856.0
2016-07-11,138529504.0
2016-07-12,172534224.0
2016-07-13,175196096.0
2016-07-14,107525800.0
2016-07-15,102665024.0
2016-07-18,110312520.0
2016-07-19,88886864.0
2016-07-20,72701256.0
2016-07-21,86004824.0
2016-07-22,86029128.0
2016-07-25,70203184.0
2016-07-26,81051088.0
2016-07-27,160188672.0
2016-07-28,112779968.0
2016-07-29,88044840.0
2016-08-01,87003496.0
2016-08-02,62167640.0
2016-08-03,72864104.0
2016-08-04,73504376.0
2016-08-05,77196368.0
2016-08-08,86676048.0
2016-08-09,91065256.0
2016-08-10,90430368.0
2016-08-11,101041216.0
2016-08-12,116254048.0
2016-08-15,220543424.0
2016-08-16,196389744.0
2016-08-17,138847680.0
2016-08-18,142380176.0
2016-08-19,119961504.0
2016-08-22,107951008.0
2016-08-23,92924512.0
2016-08-24,81191432.0
2016-08-25,100589152.0
2016-08-26,81530688.0
2016-08-29,77036336.0
2016-08-30,75725984.0
2016-08-31,79570808.0
2016-09-01,84947216.0
2016-09-02,82791800.0
2016-09-05,78292480.0
2016-09-06,98284000.0
2016-09-07,102940104.0
2016-09-08,71916160.0
2016-09-09,82657040.0
2016-09-12,122917680.0
2016-09-13,67180288.0
2016-09-14,70432696.0
2016-09-19,58831080.0
2016-09-20,52784208.0
2016-09-21,59142980.0
2016-09-22,75753544.0
2016-09-23,57993984.0
2016-09-26,70452184.0
2016-09-27,58460552.0
2016-09-28,44727496.0
2016-09-29,55452556.0
2016-09-30,44978024.0
2016-10-10,80519264.0
2016-10-11,87713160.0
2016-10-12,68669784.0
2016-10-13,81224200.0
2016-10-14,82316272.0
2016-10-17,86113512.0
2016-10-18,102860712.0
2016-10-19,101167728.0
2016-10-20,79238872.0
2016-10-21,109785176.0
2016-10-24,153014352.0
2016-10-25,111191696.0
2016-10-26,98024784.0
2016-10-27,77629848.0
2016-10-28,93133312.0
2016-10-31,71352864.0
2016-11-01,74938200.0
2016-11-02,91197104.0
2016-11-03,126223504.0
2016-11-04,104069656.0
2016-11-07,99877984.0
2016-11-08,103148280.0
2016-11-09,139110064.0
2016-11-10,134705536.0
2016-11-11,198781504.0
2016-11-14,213247104.0
2016-11-15,134566320.0
2016-11-16,129808512.0
2016-11-17,121561728.0
2016-11-18,115951208.0
2016-11-21,146434528.0
2016-11-22,168523440.0
2016-11-23,162388512.0
2016-11-24,145746304.0
2016-11-25,153621504.0
2016-11-28,207375488.0
2016-11-29,236918352.0
2016-11-30,178560176.0
2016-12-01,180170768.0
2016-12-02,196355488.0
2016-12-05,180852352.0
2016-12-06,115529088.0
2016-12-07,114345104.0
2016-12-08,117383920.0
2016-12-09,150303312.0
2016-12-12,187467744.0
2016-12-13,121105096.0
2016-12-14,124007744.0
2016-12-15,114960656.0
2016-12-16,90775424.0
2016-12-19,81640680.0
2016-12-20,87569592.0
2016-12-21,108254992.0
2016-12-22,92277248.0
2016-12-23,97444712.0
2016-12-26,89793984.0
2016-12-27,75486360.0
2016-12-28,69000440.0
2016-12-29,70087920.0
2016-12-30,71744112.0
2017-01-03,86567896.0
2017-01-04,90050824.0
2017-01-05,88336360.0
2017-01-06,87459112.0
2017-01-09,83707944.0
2017-01-10,83819160.0
2017-01-11,91071440.0
2017-01-12,81239136.0
2017-01-13,84180592.0
2017-01-16,157779136.0
2017-01-17,69453328.0
2017-01-18,70623224.0
2017-01-19,66159808.0
2017-01-20,65300464.0
2017-01-23,75557496.0
2017-01-24,66194224.0
2017-01-25,58376932.0
2017-01-26,65316648.0
2017-02-03,55188860.0
2017-02-06,68521360.0
2017-02-07,63754464.0
2017-02-08,75402880.0
2017-02-09,97558512.0
2017-02-10,123768720.0
2017-02-13,120144536.0
2017-02-14,94809464.0
2017-02-15,127643336.0
2017-02-16,108276960.0
2017-02-17,114600032.0
2017-02-20,132628864.0
2017-02-21,114842008.0
2017-02-22,102815992.0
2017-02-23,99536328.0
2017-02-24,95535136.0
2017-02-27,98672160.0
2017-02-28,75215264.0
2017-03-01,103260352.0
2017-03-02,89898080.0
2017-03-03,80994656.0
2017-03-06,83070880.0
2017-03-07,80334720.0
2017-03-08,79587688.0
2017-03-09,84570384.0
2017-03-10,70016200.0
2017-03-13,91684128.0
2017-03-14,77077960.0
2017-03-15,79104952.0
2017-03-16,106333912.0
2017-03-17,103755560.0
2017-03-20,88734320.0
2017-03-21,87707856.0
2017-03-22,104935896.0
2017-03-23,94318064.0
2017-03-24,125645832.0
2017-03-27,107015376.0
2017-03-28,84194816.0
2017-03-29,104851704.0
2017-03-30,116376920.0
2017-03-31,91577488.0
2017-04-05,143399024.0
2017-04-06,136767008.0
2017-04-07,140293200.0
2017-04-10,141887376.0
2017-04-11,165945824.0
2017-04-12,181824544.0
2017-04-13,129981816.0
2017-04-14,135474080.0
2017-04-17,117164960.0
2017-04-18,110927824.0
2017-04-19,121349264.0
2017-04-20,114184208.0
2017-04-21,104419112.0
2017-04-24,114660792.0
2017-04-25,94072144.0
2017-04-26,111940032.0
2017-04-27,123298424.0
2017-04-28,101632352.0
2017-05-02,92797464.0
2017-05-03,91669624.0
2017-05-04,103482072.0
2017-05-05,109895336.0
2017-05-08,123749288.0
2017-05-09,76771664.0
2017-05-10,92082624.0
2017-05-11,109252888.0
2017-05-12,93386464.0
2017-05-15,82977608.0
2017-05-16,105242416.0
2017-05-17,99736840.0
2017-05-18,85759592.0
2017-05-19,71473528.0
2017-05-22,92539560.0
2017-05-23,116911032.0
2017-05-24,83553160.0
2017-05-25,130721632.0
2017-05-26,103241152.0
2017-05-31,104829744.0
2017-06-01,103127728.0
2017-06-02,82668008.0
2017-06-05,79738152.0
2017-06-06,64089388.0
2017-06-07,104419968.0
2017-06-08,90224904.0
2017-06-09,101188264.0
2017-06-12,90381168.0
2017-06-13,75177136.0
2017-06-14,83810784.0
2017-06-15,82632536.0
2017-06-16,76452704.0
2017-06-19,79797144.0
2017-06-20,80509560.0
2017-06-21,87859824.0
2017-06-22,135526992.0
2017-06-23,105129136.0
2017-06-26,134638000.0
2017-06-27,97558704.0
2017-06-28,97920856.0
2017-06-29,85589496.0
2017-06-30,81510032.0
2017-07-03,88820864.0
2017-07-04,95071416.0
2017-07-05,88232424.0
2017-07-06,102379248.0
2017-07-07,103735496.0
2017-07-10,120591912.0
2017-07-11,118760824.0
2017-07-12,122287792.0
2017-07-13,125669552.0
2017-07-14,105514008.0
2017-07-17,178821600.0
2017-07-18,124622056.0
2017-07-19,182477792.0
2017-07-20,142410032.0
2017-07-21,117941224.0
2017-07-24,134868720.0
2017-07-25,121672056.0
2017-07-26,136325216.0
2017-07-27,145002912.0
2017-07-28,111411392.0
2017-07-31,148429040.0
2017-08-01,152546544.0
2017-08-02,172293376.0
2017-08-03,146153952.0
2017-08-04,157470064.0
2017-08-07,124231528.0
2017-08-08,137241920.0
2017-08-09,124679992.0
2017-08-10,130085128.0
2017-08-11,150387424.0
2017-08-14,115308448.0
2017-08-15,106444856.0
2017-08-16,104134144.0
2017-08-17,108656248.0
2017-08-18,96561704.0
2017-08-21,100313072.0
2017-08-22,100292856.0
2017-08-23,104961576.0
2017-08-24,89947376.0
2017-08-25,129940896.0
2017-08-28,185576320.0
2017-08-29,128227072.0
2017-08-30,141352864.0
2017-08-31,132944936.0
2017-09-01,158645504.0
2017-09-04,149566320.0
2017-09-05,124964152.0
2017-09-06,131398720.0
2017-09-07,123884184.0
2017-09-08,106036504.0
2017-09-11,123884000.0
2017-09-12,144190240.0
2017-09-13,95410784.0
2017-09-14,115358584.0
2017-09-15,122427008.0
2017-09-18,117934408.0
2017-09-19,112432984.0
2017-09-20,101129544.0
2017-09-21,111098192.0
2017-09-22,100619800.0
2017-09-25,103948976.0
2017-09-26,81869408.0
2017-09-27,85655808.0
2017-09-28,93544072.0
2017-09-29,93306032.0
2017-10-09,135535856.0
2017-10-10,112532584.0
2017-10-11,104418152.0
2017-10-12,94340920.0
2017-10-13,90142064.0
2017-10-16,121355032.0
2017-10-17,82241224.0
2017-10-18,100969840.0
2017-10-19,106527248.0
2017-10-20,72980176.0
2017-10-23,81484976.0
2017-10-24,93058152.0
2017-10-25,88205456.0
2017-10-26,129895464.0
2017-10-27,126672848.0
2017-10-30,157387600.0
2017-10-31,109178776.0
2017-11-01,130417376.0
2017-11-02,126100576.0
2017-11-03,129404440.0
2017-11-06,122081160.0
2017-11-07,152116656.0
2017-11-08,150827712.0
2017-11-09,121056336.0
2017-11-10,141817168.0
2017-11-13,151446304.0
2017-11-14,143236928.0
2017-11-15,120635696.0
2017-11-16,121384416.0
2017-11-17,191784112.0
2017-11-20,137447264.0
2017-11-21,180350816.0
2017-11-22,186477008.0
2017-11-23,178147232.0
2017-11-24,130858040.0
2017-11-27,143455264.0
2017-11-28,102058096.0
2017-11-29,124553640.0
2017-11-30,107983344.0
2017-12-01,97386912.0
2017-12-04,102647216.0
2017-12-05,154087072.0
2017-12-06,109286208.0
2017-12-07,90254048.0
2017-12-08,89282864.0
2017-12-11,97148944.0
2017-12-12,84338720.0
2017-12-13,77546128.0
2017-12-14,80768864.0
2017-12-15,89044392.0
2017-12-18,77853376.0
2017-12-19,77528984.0
2017-12-20,90604504.0
2017-12-21,96836088.0
2017-12-22,73473680.0
2017-12-25,91926960.0
2017-12-26,91118792.0
2017-12-27,105153576.0
2017-12-28,118542888.0
2017-12-29,90486680.0
2018-01-02,146935440.0
2018-01-03,151852224.0
2018-01-04,134543792.0
2018-01-05,149009872.0
2018-01-08,173877664.0
2018-01-09,139034288.0
2018-01-10,151121664.0
2018-01-11,121578536.0
2018-01-12,111354792.0
2018-01-15,170907904.0
2018-01-16,161494960.0
2018-01-17,214311040.0
2018-01-18,172032848.0
2018-01-19,209490576.0
2018-01-22,174643200.0
2018-01-23,201867584.0
2018-01-24,219818896.0
2018-01-25,195374944.0
2018-01-26,177227232.0
2018-01-29,191100352.0
2018-01-30,139034736.0
2018-01-31,145210160.0
2018-02-01,190002928.0
2018-02-02,146066832.0
2018-02-05,161347792.0
2018-02-06,214910448.0
2018-02-07,203127488.0
2018-02-08,159269984.0
2018-02-09,206349824.0
2018-02-12,116182640.0
2018-02-13,112565888.0
2018-02-14,71081336.0
2018-02-22,105811568.0
2018-02-23,99458744.0
2018-02-26,137881008.0
2018-02-27,125934472.0
2018-02-28,109343592.0
2018-03-01,110199856.0
2018-03-02,96165000.0
2018-03-05,87952544.0
2018-03-06,138762448.0
2018-03-07,106952424.0
2018-03-08,91155808.0
2018-03-09,113701808.0
2018-03-12,140906736.0
2018-03-13,111766432.0
2018-03-14,99013408.0
2018-03-15,88161152.0
2018-03-16,84896192.0
2018-03-19,81502880.0
2018-03-20,80605280.0
2018-03-21,97609488.0
2018-03-22,89095256.0
2018-03-23,180080448.0
2018-03-26,115139128.0
2018-03-27,113700712.0
2018-03-28,101494912.0
2018-03-29,116629064.0
2018-03-30,97512272.0
2018-04-02,111242664.0
2018-04-03,95137368.0
2018-04-04,88730608.0
2018-04-09,84105464.0
2018-04-10,106173720.0
2018-04-11,111933024.0
2018-04-12,82699488.0
2018-04-13,71544200.0
2018-04-16,99217768.0
2018-04-17,90610792.0
2018-04-18,106676704.0
2018-04-19,99054064.0
2018-04-20,99282928.0
2018-04-23,90356288.0
2018-04-24,114219528.0
2018-04-25,78172608.0
2018-04-26,87150640.0
2018-04-27,89531728.0
2018-05-02,83301032.0
2018-05-03,93961120.0
2018-05-04,71554288.0
2018-05-07,87286192.0
2018-05-08,94215160.0
2018-05-09,66712968.0
2018-05-10,70667808.0
2018-05-11,73356608.0
2018-05-14,81976000.0
2018-05-15,76049552.0
2018-05-16,71913648.0
2018-05-17,59030124.0
2018-05-18,72613952.0
2018-05-21,92641736.0
2018-05-22,75368776.0
2018-05-23,83722320.0
2018-05-24,68345024.0
2018-05-25,70836384.0
2018-05-28,71521136.0
2018-05-29,81552664.0
2018-05-30,87913288.0
2018-05-31,92666896.0
2018-06-01,77821816.0
2018-06-04,76624344.0
2018-06-05,78687360.0
2018-06-06,73117240.0
2018-06-07,80256144.0
2018-06-08,83337336.0
2018-06-11,68709832.0
2018-06-12,73206240.0
2018-06-13,66377968.0
2018-06-14,68471320.0
2018-06-15,85488896.0
2018-06-19,160706544.0
2018-06-20,86718096.0
2018-06-21,93908552.0
2018-06-22,75117864.0
2018-06-25,79877080.0
2018-06-26,84985272.0
2018-06-27,81491816.0
2018-06-28,75918048.0
2018-06-29,77257032.0
2018-07-02,84351448.0
2018-07-03,95278696.0
2018-07-04,75158000.0
2018-07-05,81587984.0
2018-07-06,86097576.0
2018-07-09,76601544.0
2018-07-10,69548824.0
2018-07-11,72040952.0
2018-07-12,96353568.0
2018-07-13,72955896.0
2018-07-16,68282000.0
2018-07-17,61983076.0
2018-07-18,66530328.0
2018-07-19,68477712.0
2018-07-20,101984728.0
2018-07-23,119036624.0
2018-07-24,156912432.0
2018-07-25,96758504.0
2018-07-26,90349640.0
2018-07-27,70178104.0
2018-07-30,82116992.0
2018-07-31,67980816.0
2018-08-01,90348616.0
2018-08-02,101308728.0
2018-08-03,70796912.0
2018-08-06,77975080.0
2018-08-07,91783920.0
2018-08-08,79284864.0
2018-08-09,91957568.0
2018-08-10,68967296.0
2018-08-13,76191536.0
2018-08-14,60651448.0
2018-08-15,68174056.0
2018-08-16,76547368.0
2018-08-17,67395416.0
2018-08-20,70904224.0
2018-08-21,75205584.0
2018-08-22,50787056.0
2018-08-23,61112336.0
2018-08-24,63765896.0
2018-08-27,94270080.0
2018-08-28,75445360.0
2018-08-29,67020404.0
2018-08-30,68385288.0
2018-08-31,76205632.0
2018-09-03,66429856.0
2018-09-04,67088808.0
2018-09-05,64301888.0
2018-09-06,62300288.0
2018-09-07,63947408.0
2018-09-10,63817052.0
2018-09-11,58491304.0
2018-09-12,54627900.0
2018-09-13,67290328.0
2018-09-14,60130640.0
2018-09-17,52259548.0
2018-09-18,70425032.0
2018-09-19,89170664.0
2018-09-20,64561056.0
2018-09-21,108416008.0
2018-09-25,69054696.0
2018-09-26,93173344.0
2018-09-27,69765240.0
2018-09-28,84377760.0
2018-10-08,97888992.0
2018-10-09,66723272.0
2018-10-10,64492828.0
2018-10-11,120941344.0
2018-10-12,98611152.0
2018-10-15,69605024.0
2018-10-16,68887720.0
2018-10-17,76837136.0
2018-10-18,73771968.0
2018-10-19,98839688.0
2018-10-22,145862048.0
2018-10-23,121013240.0
2018-10-24,110909744.0
2018-10-25,106951816.0
2018-10-26,101299352.0
2018-10-29,91839792.0
2018-10-30,116070104.0
2018-10-31,111207456.0
2018-11-01,132653376.0
2018-11-02,153466112.0
2018-11-05,109706680.0
2018-11-06,83869136.0
2018-11-07,91615528.0
2018-11-08,76414544.0
2018-11-09,84282760.0
2018-11-12,88062392.0
2018-11-13,126493464.0
2018-11-14,113808656.0
2018-11-15,98558808.0
2018-11-16,126876832.0
2018-11-19,115956592.0
2018-11-20,109361152.0
2018-11-21,84119728.0
2018-11-22,65098292.0
2018-11-23,84638256.0
2018-11-26,59379140.0
2018-11-27,55407832.0
2018-11-28,74881952.0
2018-11-29,80498464.0
2018-11-30,70921040.0
2018-12-03,121487160.0
2018-12-04,79415040.0
2018-12-05,76153056.0
2018-12-06,76328768.0
2018-12-07,53361924.0
2018-12-10,63437272.0
2018-12-11,53223876.0
2018-12-12,53309912.0
2018-12-13,90442752.0
2018-12-14,84301248.0
2018-12-17,66497008.0
2018-12-18,63820320.0
2018-12-19,55522300.0
2018-12-20,69749464.0
2018-12-21,76758104.0
2018-12-24,57299616.0
2018-12-25,78689424.0
2018-12-26,55647032.0
2018-12-27,80541784.0
2018-12-28,71053776.0
2019-01-02,68663024.0
2019-01-03,70867104.0
2019-01-04,103318976.0
2019-01-07,101164360.0
2019-01-08,86170584.0
2019-01-09,107364352.0
2019-01-10,85271760.0
2019-01-11,71786424.0
2019-01-14,66121704.0
2019-01-15,88772960.0
2019-01-16,80214344.0
2019-01-17,80174872.0
2019-01-18,103963832.0
2019-01-21,93915024.0
2019-01-22,72990528.0
2019-01-23,59870480.0
2019-01-24,72934640.0
2019-01-25,83967728.0
2019-01-28,82622432.0
2019-01-29,77658336.0
2019-01-30,63746516.0
2019-01-31,86247840.0
2019-02-01,82019640.0
2019-02-11,98818432.0
2019-02-12,122232464.0
2019-02-13,163828336.0
2019-02-14,151127296.0
2019-02-15,143668608.0
2019-02-18,182886096.0
2019-02-19,179083792.0
2019-02-20,147390304.0
2019-02-21,180143280.0
2019-02-22,187237968.0
2019-02-25,342557120.0
2019-02-26,358038688.0
2019-02-27,286236000.0
2019-02-28,184810224.0
2019-03-01,204711008.0
2019-03-04,323490112.0
2019-03-05,230853168.0
2019-03-06,318077376.0
2019-03-07,329846560.0
2019-03-08,317990080.0
2019-03-11,230912864.0
2019-03-12,274926368.0
2019-03-13,233682240.0
2019-03-14,190817232.0
2019-03-15,175174544.0
2019-03-18,216928064.0
2019-03-19,181727104.0
2019-03-20,175632096.0
2019-03-21,196310304.0
2019-03-22,171356992.0
2019-03-25,198586336.0
2019-03-26,173046576.0
2019-03-27,138758448.0
2019-03-28,133272128.0
2019-03-29,215639104.0
2019-04-01,271382720.0
2019-04-02,226000336.0
2019-04-03,231917376.0
2019-04-04,260410944.0
2019-04-08,267505568.0
2019-04-09,182956800.0
2019-04-10,194687616.0
2019-04-11,169049648.0
2019-04-12,135862112.0
2019-04-15,182645568.0
2019-04-16,202041968.0
2019-04-17,180367120.0
2019-04-18,146562128.0
2019-04-19,150794912.0
2019-04-22,189353744.0
2019-04-23,155611648.0
2019-04-24,145498688.0
2019-04-25,159722064.0
2019-04-26,142008064.0
2019-04-29,153870928.0
2019-04-30,116233376.0
2019-05-06,197472880.0
2019-05-07,132847656.0
2019-05-08,112867352.0
2019-05-09,101037392.0
2019-05-10,148003840.0
2019-05-13,103391856.0
2019-05-14,102313456.0
2019-05-15,110161768.0
2019-05-16,116258272.0
2019-05-17,128453248.0
2019-05-20,108963480.0
2019-05-21,111022920.0
2019-05-22,98346128.0
2019-05-23,99897784.0
2019-05-24,80934048.0
2019-05-27,108830872.0
2019-05-28,117886240.0
2019-05-29,93355440.0
2019-05-30,94202560.0
2019-05-31,89222264.0
2019-06-03,100723184.0
2019-06-04,87097096.0
2019-06-05,88642016.0
2019-06-06,85534400.0
2019-06-10,92375064.0
2019-06-11,143482800.0
2019-06-12,119178856.0
2019-06-13,96331720.0
2019-06-14,101817008.0
2019-06-17,72976680.0
2019-06-18,70692264.0
2019-06-19,125595712.0
2019-06-20,168872080.0
2019-06-21,153635152.0
2019-06-24,100084624.0
2019-06-25,124075912.0
2019-06-26,81820280.0
2019-06-27,105316360.0
2019-06-28,84766136.0
2019-07-01,158370336.0
2019-07-02,131863496.0
2019-07-03,111992600.0
2019-07-04,99342256.0
2019-07-05,74006528.0
2019-07-08,109539088.0
2019-07-09,74842736.0
2019-07-10,72833952.0
2019-07-11,75311968.0
2019-07-12,75465968.0
2019-07-15,101205224.0
2019-07-16,80730952.0
2019-07-17,95183888.0
2019-07-18,87496448.0
2019-07-19,88086152.0
2019-07-22,92101376.0
2019-07-23,71313344.0
2019-07-24,90940688.0
2019-07-25,93740416.0
2019-07-26,83259296.0
2019-07-29,84814368.0
2019-07-30,94123952.0
2019-07-31,82151152.0
2019-08-01,84114176.0
2019-08-02,108335896.0
2019-08-05,101325984.0
2019-08-06,129833872.0
2019-08-07,84238720.0
2019-08-08,88457704.0
2019-08-09,85295584.0
2019-08-12,82083056.0
2019-08-13,76500304.0
2019-08-14,91202592.0
2019-08-15,88598832.0
2019-08-16,88319168.0
2019-08-19,139327008.0
2019-08-20,108602088.0
2019-08-21,82299880.0
2019-08-22,85807792.0
2019-08-23,87954584.0
2019-08-26,93859272.0
2019-08-27,124731480.0
2019-08-28,88750816.0
2019-08-29,84083384.0
2019-08-30,96695152.0
2019-09-02,110289352.0
2019-09-03,97714632.0
2019-09-04,126628616.0
2019-09-05,181656224.0
2019-09-06,121882376.0
2019-09-09,146809760.0
2019-09-10,130889384.0
2019-09-11,131594872.0
2019-09-12,110241272.0
2019-09-16,110259808.0
2019-09-17,113694320.0
2019-09-18,82056152.0
2019-09-19,85984240.0
2019-09-20,103455952.0
2019-09-23,94036224.0
2019-09-24,87783232.0
2019-09-25,89520832.0
2019-09-26,102698304.0
2019-09-27,74003944.0
2019-09-30,65931312.0
2019-10-08,76657856.0
2019-10-09,75854512.0
2019-10-10,79222696.0
2019-10-11,93412576.0
2019-10-14,122393608.0
2019-10-15,85273952.0
2019-10-16,83229704.0
2019-10-17,64863744.0
2019-10-18,82321136.0
2019-10-21,74182920.0
2019-10-22,68918568.0
2019-10-23,70198624.0
2019-10-24,71334576.0
2019-10-25,77453616.0
2019-10-28,97406016.0
2019-10-29,82257072.0
2019-10-30,77872920.0
2019-10-31,86714536.0
2019-11-01,100689616.0
2019-11-04,104193856.0
2019-11-05,112911880.0
2019-11-06,97312952.0
2019-11-07,87254896.0
2019-11-08,97106944.0
2019-11-11,94155624.0
2019-11-12,76543072.0
2019-11-13,76749080.0
2019-11-14,87008448.0
2019-11-15,83730920.0
2019-11-18,76645992.0
2019-11-19,82161024.0
2019-11-20,76815336.0
2019-11-21,69130536.0
2019-11-22,91042640.0
2019-11-25,106066288.0
2019-11-26,111513536.0
2019-11-27,76437304.0
2019-11-28,65230120.0
2019-11-29,74144328.0
2019-12-02,77412176.0
2019-12-03,73611240.0
2019-12-04,79683384.0
2019-12-05,89051192.0
2019-12-06,78648888.0
2019-12-09,95353808.0
2019-12-10,86262928.0
2019-12-11,99765480.0
2019-12-12,84708328.0
2019-12-13,148571344.0
2019-12-16,148486672.0
2019-12-17,201162944.0
2019-12-18,151351760.0
2019-12-19,117900560.0
2019-12-20,121267664.0
2019-12-23,122816248.0
2019-12-24,95989048.0
2019-12-25,94938888.0
2019-12-26,108860640.0
2019-12-27,150926416.0
2019-12-30,155971488.0
2019-12-31,123264256.0
2020-01-02,182116768.0
2020-01-03,142826240.0
2020-01-06,175309952.0
2020-01-07,139489024.0
2020-01-08,167585856.0
2020-01-09,136886320.0
2020-01-10,113031720.0
2020-01-13,119691984.0
2020-01-14,129320784.0
2020-01-15,104633136.0
2020-01-16,100267640.0
2020-01-17,98725680.0
2020-01-20,122409144.0
2020-01-21,130527504.0
2020-01-22,126758760.0
2020-01-23,160357600.0
2020-02-03,157559648.0
2020-02-04,213933328.0
2020-02-05,174925520.0
2020-02-06,176462240.0
2020-02-07,151731760.0
2020-02-10,148406976.0
2020-02-11,143441680.0
2020-02-12,126710320.0
2020-02-13,145001840.0
2020-02-14,143239808.0
2020-02-17,182778976.0
2020-02-18,163236224.0
2020-02-19,169046448.0
2020-02-20,212232624.0
2020-02-21,217213600.0
2020-02-24,212869296.0
2020-02-25,244167824.0
2020-02-26,261094064.0
2020-02-27,181290976.0
2020-02-28,230275088.0
2020-03-02,219313552.0
2020-03-03,219369776.0
2020-03-04,182424736.0
2020-03-05,231823120.0
2020-03-06,172475712.0
2020-03-09,208102032.0
2020-03-10,197416400.0
2020-03-11,161656112.0
2020-03-12,157060464.0
2020-03-13,188296720.0
2020-03-16,185968256.0
2020-03-17,166246128.0
2020-03-18,155037552.0
2020-03-19,180807408.0
2020-03-20,139603008.0
2020-03-23,137108784.0
2020-03-24,143103024.0
2020-03-25,153495952.0
2020-03-26,112310664.0
2020-03-27,124060992.0
2020-03-30,126876672.0
2020-03-31,111453024.0
2020-04-01,119352624.0
2020-04-02,115168208.0
2020-04-03,99825080.0
2020-04-07,142778032.0
2020-04-08,111389512.0
2020-04-09,100485032.0
2020-04-10,102444960.0
2020-04-13,79053344.0
2020-04-14,110637584.0
2020-04-15,108461984.0
2020-04-16,95947968.0
2020-04-17,132004304.0
2020-04-20,100013112.0
2020-04-21,102921888.0
2020-04-22,85899464.0
2020-04-23,95508448.0
2020-04-24,94844136.0
2020-04-27,95462736.0
2020-04-28,122093472.0
2020-04-29,95854592.0
2020-04-30,132917128.0
2020-05-06,139855680.0
2020-05-07,105514648.0
2020-05-08,116943344.0
2020-05-11,122673800.0
2020-05-12,98250552.0
2020-05-13,88190672.0
2020-05-14,88530000.0
2020-05-15,92618384.0
2020-05-18,112801760.0
2020-05-19,94015288.0
2020-05-20,100791152.0
2020-05-21,94861032.0
2020-05-22,103378360.0
2020-05-25,79033328.0
2020-05-26,77448080.0
2020-05-27,83711832.0
2020-05-28,93064056.0
2020-05-29,93813832.0
2020-06-01,136456656.0
2020-06-02,144303056.0
2020-06-03,136597488.0
2020-06-04,104277736.0
2020-06-05,102443944.0
2020-06-08,137925808.0
2020-06-09,115304480.0
2020-06-10,112265728.0
2020-06-11,127308944.0
2020-06-12,134166648.0
2020-06-15,131297856.0
2020-06-16,111051536.0
2020-06-17,105605800.0
2020-06-18,138148768.0
2020-06-19,152946992.0
2020-06-22,155829472.0
2020-06-23,129229512.0
2020-06-24,121712464.0
2020-06-29,130865856.0
2020-06-30,125933520.0
2020-07-01,169990464.0
2020-07-02,252939360.0
2020-07-03,290485536.0
2020-07-06,405821024.0
2020-07-07,406008544.0
2020-07-08,348074848.0
2020-07-09,351046880.0
2020-07-10,316949664.0
2020-07-13,321645440.0
2020-07-14,297241984.0
2020-07-15,272388992.0
2020-07-16,284657120.0
2020-07-17,207375568.0
2020-07-20,246068912.0
2020-07-21,200415664.0
2020-07-22,224199216.0
2020-07-23,234314576.0
2020-07-24,243905200.0
2020-07-27,171420544.0
2020-07-28,162768496.0
2020-07-29,186695312.0
2020-07-30,166967568.0
2020-07-31,184839024.0
2020-08-03,214776240.0
2020-08-04,239974992.0
2020-08-05,196700544.0
2020-08-06,227854400.0
2020-08-07,213518208.0
2020-08-10,203788832.0
2020-08-11,205546512.0
2020-08-12,202887232.0
2020-08-13,152550096.0
2020-08-14,147292928.0
2020-08-17,268001552.0
2020-08-18,189139856.0
2020-08-19,192442944.0
2020-08-20,158368640.0
2020-08-21,142657856.0
2020-08-24,151143520.0
2020-08-25,141701344.0
2020-08-26,151305184.0
2020-08-27,119042848.0
2020-08-28,159399760.0
2020-08-31,202567024.0
2020-09-01,138395408.0
2020-09-02,157989520.0
2020-09-03,145671200.0
2020-09-04,120032800.0
2020-09-07,148607792.0
2020-09-08,139199232.0
2020-09-09,162277104.0
2020-09-10,150652880.0
2020-09-11,115302424.0
2020-09-14,107235176.0
2020-09-15,101915928.0
2020-09-16,108753640.0
2020-09-17,105983632.0
2020-09-18,160426480.0
2020-09-21,124535824.0
2020-09-22,119672944.0
2020-09-23,95826528.0
2020-09-24,112593680.0
2020-09-25,93015152.0
2020-09-28,85048392.0
2020-09-29,85993856.0
2020-09-30,89081200.0
2020-10-09,111337512.0
2020-10-12,155784560.0
2020-10-13,116516336.0
2020-10-14,111906920.0
2020-10-15,109964960.0
2020-10-16,116716104.0
2020-10-19,129246360.0
2020-10-20,98048160.0
2020-10-21,103805704.0
2020-10-22,101350888.0
2020-10-23,106825184.0
2020-10-26,108343272.0
2020-10-27,92656304.0
2020-10-28,108463400.0
2020-10-29,117117248.0
2020-10-30,139802304.0
2020-11-02,142867696.0
2020-11-03,136055408.0
2020-11-04,114661808.0
2020-11-05,139244592.0
2020-11-06,153639040.0
2020-11-09,197131984.0
2020-11-10,176267216.0
2020-11-11,164470512.0
2020-11-12,118114616.0
2020-11-13,133693080.0
2020-11-16,148770976.0
2020-11-17,151487456.0
2020-11-18,164216608.0
2020-11-19,133681376.0
2020-11-20,129400344.0
2020-11-23,205915184.0
2020-11-24,156637904.0
2020-11-25,170340528.0
2020-11-26,137202336.0
2020-11-27,162952928.0
2020-11-30,262638944.0
2020-12-01,204065632.0
2020-12-02,195435472.0
2020-12-03,177865744.0
2020-12-04,144347168.0
2020-12-07,139896224.0
2020-12-08,123073032.0
2020-12-09,138916960.0
2020-12-10,125914272.0
2020-12-11,159357696.0
2020-12-14,120801552.0
2020-12-15,118342632.0
2020-12-16,106778968.0
2020-12-17,133385480.0
2020-12-18,128049616.0
2020-12-21,140811776.0
2020-12-22,162344976.0
2020-12-23,140292816.0
2020-12-24,114418664.0
2020-12-25,121006976.0
2020-12-28,136914400.0
2020-12-29,141198656.0
2020-12-30,148626448.0
2020-12-31,171602512.0
2021-01-04,211711376.0
2021-01-05,224931152.0
2021-01-06,193773440.0
2021-01-07,219872080.0
2021-01-08,204324960.0
2021-01-11,231835984.0
2021-01-12,224220192.0
2021-01-13,261569888.0
2021-01-14,243683376.0
2021-01-15,238637440.0
2021-01-18,207051872.0
2021-01-19,211043424.0
2021-01-20,170913264.0
2021-01-21,209950192.0
2021-01-22,199300016.0
2021-01-25,197047024.0
2021-01-26,171904592.0
2021-01-27,160190848.0
2021-01-28,170485584.0
2021-01-29,182178784.0
2021-02-01,166313712.0
2021-02-02,165210560.0
2021-02-03,188054320.0
2021-02-04,180575648.0
2021-02-05,189699600.0
2021-02-08,164033776.0
2021-02-09,164887264.0
2021-02-10,170169792.0
2021-02-18,218848688.0
2021-02-19,214475776.0
2021-02-22,282124384.0
2021-02-23,233807728.0
2021-02-24,225428608.0
2021-02-25,230736032.0
2021-02-26,212264544.0
2021-03-01,177463520.0
2021-03-02,196511120.0
2021-03-03,194709056.0
2021-03-04,212775216.0
2021-03-05,202627952.0
2021-03-08,230231632.0
2021-03-09,230711008.0
2021-03-10,169928496.0
2021-03-11,189600768.0
2021-03-12,201020592.0
2021-03-15,204153088.0
2021-03-16,161390048.0
2021-03-17,149162368.0
2021-03-18,142901520.0
2021-03-19,164174848.0
2021-03-22,167402624.0
2021-03-23,158013968.0
2021-03-24,159385984.0
2021-03-25,132945192.0
2021-03-26,145926704.0
2021-03-29,143388208.0
2021-03-30,138618560.0
2021-03-31,141335744.0
2021-04-01,120324888.0
2021-04-02,127002256.0
2021-04-06,109834208.0
2021-04-07,145763744.0
2021-04-08,141771040.0
2021-04-09,128416512.0
2021-04-12,152644320.0
2021-04-13,132919360.0
2021-04-14,120860840.0
2021-04-15,108829384.0
2021-04-16,111239920.0
2021-04-19,154769824.0
2021-04-20,136541696.0
2021-04-21,124637280.0
2021-04-22,121167648.0
2021-04-23,122056992.0
2021-04-26,151381968.0
2021-04-27,123961840.0
2021-04-28,120620320.0
2021-04-29,140092480.0
2021-04-30,160121616.0
2021-05-06,158822624.0
2021-05-07,172258320.0
2021-05-10,170820592.0
2021-05-11,151526496.0
2021-05-12,126619088.0
2021-05-13,132279408.0
2021-05-14,159426176.0
2021-05-17,153889632.0
2021-05-18,118404264.0
2021-05-19,118729984.0
2021-05-20,138454768.0
2021-05-21,124768488.0
2021-05-24,126742336.0
2021-05-25,182996832.0
2021-05-26,169607104.0
2021-05-27,148462848.0
2021-05-28,164605808.0
2021-05-31,144603264.0
2021-06-01,143831472.0
2021-06-02,137754320.0
2021-06-03,141968880.0
2021-06-04,144732080.0
2021-06-07,127704968.0
2021-06-08,130559536.0
2021-06-09,121820320.0
2021-06-10,138991968.0
2021-06-11,180807168.0
2021-06-15,142880064.0
2021-06-16,125147984.0
2021-06-17,120452520.0
2021-06-18,148585808.0
2021-06-21,132184512.0
2021-06-22,130416752.0
2021-06-23,136356064.0
2021-06-24,126685624.0
2021-06-25,154931056.0
2021-06-28,133193784.0
2021-06-29,125163000.0
2021-06-30,103752672.0
2021-07-01,127240624.0
2021-07-02,130426424.0
2021-07-05,131211592.0
2021-07-06,140655216.0
2021-07-07,148549056.0
2021-07-08,173901008.0
2021-07-09,160653232.0
2021-07-12,206212032.0
2021-07-13,166482208.0
2021-07-14,188352720.0
2021-07-15,181077104.0
2021-07-16,169955984.0
2021-07-19,153199584.0
2021-07-20,129300048.0
2021-07-21,167976464.0
2021-07-22,185556864.0
2021-07-23,216536848.0
2021-07-26,228111712.0
2021-07-27,236631232.0
2021-07-28,192634400.0
2021-07-29,173322048.0
2021-07-30,182349776.0
2021-08-02,227194912.0
2021-08-03,203533360.0
2021-08-04,175466464.0
2021-08-05,167381824.0
2021-08-06,154179680.0
2021-08-09,182436864.0
2021-08-10,167051904.0
2021-08-11,182266080.0
2021-08-12,168223728.0
2021-08-13,158314320.0
2021-08-16,161953376.0
2021-08-17,187573472.0
2021-08-18,197474384.0
2021-08-19,201711712.0
2021-08-20,177635808.0
2021-08-23,167579088.0
2021-08-24,197883168.0
2021-08-25,189448016.0
2021-08-26,197617392.0
2021-08-27,183310208.0
2021-08-30,219635760.0
2021-08-31,235118656.0
2021-09-01,326721088.0
2021-09-02,267858016.0
2021-09-03,268091904.0
2021-09-06,240507248.0
2021-09-07,244178512.0
2021-09-08,264615312.0
2021-09-09,256530224.0
2021-09-10,288304352.0
2021-09-13,249915296.0
2021-09-14,245590400.0
2021-09-15,187984736.0
2021-09-16,216752096.0
2021-09-17,201958128.0
2021-09-22,191220384.0
2021-09-23,228151072.0
2021-09-24,207693296.0
2021-09-27,215967024.0
2021-09-28,176890880.0
2021-09-29,188171360.0
2021-09-30,146113888.0
2021-10-08,168968080.0
2021-10-11,163511616.0
2021-10-12,168079344.0
2021-10-13,131142816.0
2021-10-14,119557016.0
2021-10-15,142822000.0
2021-10-18,141245200.0
2021-10-19,135266496.0
2021-10-20,141533184.0
2021-10-21,148898160.0
2021-10-22,143926224.0
2021-10-25,141861488.0
2021-10-26,140888944.0
2021-10-27,147111600.0
2021-10-28,156649472.0
2021-10-29,159887360.0
2021-11-01,171583968.0
2021-11-02,185437696.0
2021-11-03,142763824.0
2021-11-04,132592968.0
2021-11-05,147789360.0
2021-11-08,137398272.0
2021-11-09,118375528.0
2021-11-10,135118176.0
2021-11-11,160484864.0
2021-11-12,132662968.0
2021-11-15,121823152.0
2021-11-16,127254408.0
2021-11-17,108459224.0
2021-11-18,114480568.0
2021-11-19,127198312.0
2021-11-22,138092832.0
2021-11-23,154304416.0
2021-11-24,137150672.0
2021-11-25,115984032.0
2021-11-26,120368976.0
2021-11-29,133626864.0
2021-11-30,129630592.0
2021-12-01,123086792.0
2021-12-02,148088528.0
2021-12-03,144059632.0
2021-12-06,173615680.0
2021-12-07,179053456.0
2021-12-08,157490560.0
2021-12-09,220568768.0
2021-12-10,193695152.0
2021-12-13,211801600.0
2021-12-14,159107792.0
2021-12-15,150529760.0
2021-12-16,144053872.0
2021-12-17,149005392.0
2021-12-20,169675696.0
2021-12-21,143339904.0
2021-12-22,133256736.0
2021-12-23,139555408.0
2021-12-24,142673328.0
2021-12-27,124100952.0
2021-12-28,130457760.0
2021-12-29,113587000.0
2021-12-30,121617176.0
2021-12-31,121313736.0
2022-01-04,151534784.0
2022-01-05,178816096.0
2022-01-06,157665824.0
2022-01-07,187139408.0
2022-01-10,156211696.0
2022-01-11,146928000.0
2022-01-12,143200208.0
2022-01-13,142519648.0
2022-01-14,146863120.0
2022-01-17,115295688.0
2022-01-18,150870800.0
2022-01-19,133927360.0
2022-01-20,164971312.0
2022-01-21,138952592.0
2022-01-24,114463880.0
2022-01-25,133667584.0
2022-01-26,107070840.0
2022-01-27,121263808.0
2022-01-28,126480112.0
2022-02-07,144849728.0
2022-02-08,155830704.0
2022-02-09,148335552.0
2022-02-10,151576672.0
2022-02-11,155974592.0
2022-02-14,143673888.0
2022-02-15,115025600.0
2022-02-16,107258952.0
2022-02-17,110014640.0
2022-02-18,104550224.0
2022-02-21,112516512.0
2022-02-22,123317240.0
2022-02-23,122952912.0
2022-02-24,184403056.0
2022-02-25,149722576.0
2022-02-28,135406976.0
2022-03-01,123139216.0
2022-03-02,113298328.0
2022-03-03,138285872.0
2022-03-04,127266808.0
2022-03-07,162197712.0
2022-03-08,167863280.0
2022-03-09,194232896.0
2022-03-10,145266384.0
2022-03-11,152399920.0
2022-03-14,130187232.0
2022-03-15,202524704.0
2022-03-16,196021984.0
2022-03-17,179407344.0
2022-03-18,149458304.0
2022-03-21,127036360.0
2022-03-22,126382472.0
2022-03-23,117089080.0
2022-03-24,108918272.0
2022-03-25,108808048.0
2022-03-28,118449024.0
2022-03-29,100266976.0
2022-03-30,138346016.0
2022-03-31,134029184.0
2022-04-01,133803056.0
2022-04-06,159062192.0
2022-04-07,134880352.0
2022-04-08,142843792.0
2022-04-11,148197072.0
2022-04-12,144285680.0
2022-04-13,125097488.0
2022-04-14,124791312.0
2022-04-15,124762264.0
2022-04-18,117504608.0
2022-04-19,110217472.0
2022-04-20,117331656.0
2022-04-21,132783824.0
2022-04-22,122101808.0
2022-04-25,168364496.0
2022-04-26,157577616.0
2022-04-27,172734048.0
2022-04-28,153056592.0
2022-04-29,179458384.0
2022-05-05,154170720.0
2022-05-06,123005552.0
2022-05-09,92936696.0
2022-05-10,136416912.0
2022-05-11,165632256.0
2022-05-12,113376064.0
2022-05-13,109968360.0
2022-05-16,112425296.0
2022-05-17,109661456.0
2022-05-18,108074232.0
2022-05-19,116293424.0
2022-05-20,147069168.0
2022-05-23,130477808.0
2022-05-24,145554336.0
2022-05-25,107734016.0
2022-05-26,126263688.0
2022-05-27,112769336.0
2022-05-30,111152240.0
2022-05-31,135415520.0
2022-06-01,114850880.0
2022-06-02,113893640.0
2022-06-06,167871008.0
2022-06-07,142992880.0
2022-06-08,157374064.0
2022-06-09,168449152.0
2022-06-10,184796208.0
2022-06-13,168475616.0
2022-06-14,171385904.0
2022-06-15,257046592.0
2022-06-16,184074416.0
2022-06-17,158649104.0
2022-06-20,165666384.0
2022-06-21,164667616.0
2022-06-22,158565856.0
2022-06-23,170882368.0
2022-06-24,168972192.0
2022-06-27,177385680.0
2022-06-28,174756496.0
2022-06-29,187276688.0
2022-06-30,156666288.0
2022-07-01,144779600.0
2022-07-04,146345648.0
2022-07-05,154962416.0
2022-07-06,149800240.0
2022-07-07,132660904.0
2022-07-08,123195736.0
2022-07-11,134448576.0
2022-07-12,130187840.0
2022-07-13,131113176.0
2022-07-14,145250928.0
2022-07-15,150214448.0
2022-07-18,122601192.0
2022-07-19,103805728.0
2022-07-20,94490144.0
2022-07-21,117156344.0
2022-07-22,103840624.0
2022-07-25,83636664.0
2022-07-26,85823272.0
2022-07-27,78904944.0
2022-07-28,107531928.0
2022-07-29,114179288.0
2022-08-01,107749032.0
2022-08-02,142224432.0
2022-08-03,116666128.0
2022-08-04,89532640.0
2022-08-05,102571008.0
2022-08-08,90208136.0
2022-08-09,84136960.0
2022-08-10,85565840.0
2022-08-11,121385048.0
2022-08-12,106808296.0
2022-08-15,105898496.0
2022-08-16,93906136.0
2022-08-17,112864656.0
2022-08-18,101052648.0
2022-08-19,117402976.0
2022-08-22,112442720.0
2022-08-23,103153512.0
2022-08-24,119069680.0
2022-08-25,111320744.0
2022-08-26,99000496.0
2022-08-29,94354432.0
2022-08-30,93301664.0
2022-08-31,132449768.0
2022-09-01,97387072.0
2022-09-02,86789280.0
2022-09-05,93767112.0
2022-09-06,113506264.0
2022-09-07,107678056.0
2022-09-08,100886048.0
2022-09-09,118427112.0
2022-09-13,111789736.0
2022-09-14,90793680.0
2022-09-15,123951200.0
2022-09-16,137193648.0
2022-09-19,97719576.0
2022-09-20,84824136.0
2022-09-21,86458392.0
2022-09-22,80946920.0
2022-09-23,94342464.0
2022-09-26,104526032.0
2022-09-27,88860160.0
2022-09-28,86592216.0
2022-09-29,85654144.0
2022-09-30,78559968.0
2022-10-10,102647592.0
2022-10-11,83944624.0
2022-10-12,108089320.0
2022-10-13,99018912.0
2022-10-14,116242296.0
2022-10-17,104192016.0
2022-10-18,88346904.0
2022-10-19,81574848.0
2022-10-20,90290896.0
2022-10-21,98750040.0
2022-10-24,130056864.0
2022-10-25,110953880.0
2022-10-26,121301552.0
2022-10-27,117998672.0
2022-10-28,118772160.0
2022-10-31,138465648.0
2022-11-01,149286704.0
2022-11-02,141592912.0
2022-11-03,110566032.0
2022-11-04,149734944.0
2022-11-07,129826368.0
2022-11-08,99016448.0
2022-11-09,89434528.0
2022-11-10,103509304.0
2022-11-11,189685584.0
2022-11-14,169665056.0
2022-11-15,151515648.0
2022-11-16,120610960.0
2022-11-17,105940632.0
2022-11-18,115078776.0
2022-11-21,95866968.0
2022-11-22,144486336.0
2022-11-23,144527904.0
2022-11-24,101073448.0
2022-11-25,142929712.0
2022-11-28,127825744.0
2022-11-29,178701392.0
2022-11-30,157511392.0
2022-12-01,169964592.0
2022-12-02,116786352.0
2022-12-05,201747216.0
2022-12-06,155108320.0
2022-12-07,143001360.0
2022-12-08,115199984.0
2022-12-09,153774960.0
2022-12-12,125935368.0
2022-12-13,100994096.0
2022-12-14,98528008.0
2022-12-15,88864728.0
2022-12-16,93178568.0
2022-12-19,106919072.0
2022-12-20,83096824.0
2022-12-21,64839216.0
2022-12-22,83705176.0
2022-12-23,65278148.0
2022-12-26,73005712.0
2022-12-27,77515352.0
2022-12-28,84424656.0
2022-12-29,79394816.0
2022-12-30,78773272.0
2023-01-03,115051872.0
2023-01-04,110660744.0
2023-01-05,116502392.0
2023-01-06,110953040.0
2023-01-09,117054424.0
2023-01-10,101751144.0
2023-01-11,99997888.0
2023-01-12,90552624.0
2023-01-13,95871896.0
2023-01-16,151395456.0
2023-01-17,95479040.0
2023-01-18,84200648.0
2023-01-19,94608400.0
2023-01-20,123553808.0
2023-01-30,164607072.0
2023-01-31,124550832.0
2023-02-01,141008960.0
2023-02-02,133823736.0
2023-02-03,117041224.0
2023-02-06,110192720.0
2023-02-07,91360072.0
2023-02-08,84786096.0
2023-02-09,102289960.0
2023-02-10,96716736.0
2023-02-13,128892576.0
2023-02-14,102499888.0
2023-02-15,121664512.0
2023-02-16,159310592.0
2023-02-17,116142592.0
2023-02-20,161794480.0
2023-02-21,145776176.0
2023-02-22,104290296.0
2023-02-23,103564904.0
2023-02-24,100989424.0
2023-02-27,93787632.0
2023-02-28,110323592.0
2023-03-01,156015792.0
2023-03-02,148217632.0
2023-03-03,160331744.0
2023-03-06,162971808.0
2023-03-07,195912064.0
2023-03-08,117936496.0
2023-03-09,116539632.0
2023-03-10,123855408.0
2023-03-13,143561376.0
2023-03-14,150544176.0
2023-03-15,142026000.0
2023-03-16,152515648.0
2023-03-17,177433824.0
2023-03-20,205264976.0
2023-03-21,145090672.0
2023-03-22,149228976.0
2023-03-23,158887424.0
2023-03-24,159442336.0
2023-03-27,168482272.0
2023-03-28,131895120.0
2023-03-29,133743512.0
2023-03-30,149901040.0
2023-03-31,138842544.0
2023-04-03,182124320.0
2023-04-04,197146624.0
2023-04-06,150703376.0
2023-04-07,128676736.0
2023-04-10,152453008.0
2023-04-11,153901328.0
2023-04-12,165965280.0
2023-04-13,156444288.0
2023-04-14,150695680.0
2023-04-17,188773088.0
2023-04-18,170184128.0
2023-04-19,162554592.0
2023-04-20,162706672.0
2023-04-21,180802432.0
2023-04-24,170099216.0
2023-04-25,172555408.0
2023-04-26,162702000.0
2023-04-27,153828192.0
2023-04-28,179508480.0
2023-05-04,227582848.0
2023-05-05,206626928.0
2023-05-08,255583088.0
2023-05-09,279306048.0
2023-05-10,207552704.0
2023-05-11,144804624.0
2023-05-12,144421728.0
2023-05-15,176257360.0
2023-05-16,136833264.0
2023-05-17,118448184.0
2023-05-18,136533952.0
2023-05-19,120212480.0
2023-05-22,109116608.0
2023-05-23,118685080.0
2023-05-24,137258272.0
2023-05-25,124150768.0
2023-05-26,100326440.0
2023-05-29,131859968.0
2023-05-30,137619632.0
2023-05-31,126387368.0
2023-06-01,134561888.0
2023-06-02,125015112.0
2023-06-05,116163992.0
2023-06-06,125781256.0
2023-06-07,98862432.0
2023-06-08,118700936.0
2023-06-09,134319856.0
2023-06-12,126758544.0
2023-06-13,110924944.0
2023-06-14,124955760.0
2023-06-15,128369936.0
2023-06-16,139760080.0
2023-06-19,134905856.0
2023-06-20,122520320.0
2023-06-21,118346576.0
2023-06-26,133990416.0
2023-06-27,116992680.0
2023-06-28,107021544.0
2023-06-29,98289272.0
2023-06-30,101268432.0
2023-07-03,133158048.0
2023-07-04,109494528.0
2023-07-05,97636384.0
2023-07-06,100121840.0
2023-07-07,100906920.0
2023-07-10,92033440.0
2023-07-11,86510720.0
2023-07-12,111522024.0
2023-07-13,120300232.0
2023-07-14,122364848.0
2023-07-17,98340144.0
2023-07-18,91438616.0
2023-07-19,79585696.0
2023-07-20,92042080.0
2023-07-21,79507560.0
2023-07-24,75483544.0
2023-07-25,163066320.0
2023-07-26,107881720.0
2023-07-27,110667112.0
2023-07-28,179735488.0
2023-07-31,199606832.0
2023-08-01,142286864.0
2023-08-02,125855688.0
2023-08-03,129006640.0
2023-08-04,178267184.0
2023-08-07,121310664.0
2023-08-08,109871696.0
2023-08-09,94640272.0
2023-08-10,97176848.0
2023-08-11,126082928.0
2023-08-14,115966336.0
2023-08-15,103097112.0
2023-08-16,94616944.0
2023-08-17,98415496.0
2023-08-18,95549640.0
2023-08-21,98708368.0
2023-08-22,120318328.0
2023-08-23,97081640.0
2023-08-24,119614520.0
2023-08-25,105182608.0
2023-08-28,197990384.0
2023-08-29,152486144.0
2023-08-30,129671664.0
2023-08-31,118961648.0
2023-09-01,105319048.0
2023-09-04,142385200.0
2023-09-05,104052336.0
2023-09-06,93442392.0
2023-09-07,95103904.0
2023-09-08,71638168.0
2023-09-11,105358016.0
2023-09-12,79385376.0
2023-09-13,81576904.0
2023-09-14,100386072.0
2023-09-15,109395688.0
2023-09-18,86727744.0
2023-09-19,83199040.0
2023-09-20,75448208.0
2023-09-21,83031008.0
2023-09-22,110231168.0
2023-09-25,92596480.0
2023-09-26,78044528.0
2023-09-27,91629208.0
2023-09-28,85221720.0
2023-10-09,102148056.0
2023-10-10,99163728.0
2023-10-11,102091584.0
2023-10-12,114363224.0
2023-10-13,98287984.0
2023-10-16,91853120.0
2023-10-17,90745184.0
2023-10-18,94545880.0
2023-10-19,111737520.0
2023-10-20,98518608.0
2023-10-23,96561648.0
2023-10-24,115547288.0
2023-10-25,128009616.0
2023-10-26,105143568.0
2023-10-27,120225104.0
2023-10-30,144010432.0
2023-10-31,112587264.0
2023-11-01,97645536.0
2023-11-02,90359640.0
2023-11-03,97542104.0
2023-11-06,152982464.0
2023-11-07,110288592.0
2023-11-08,110594232.0
2023-11-09,111872056.0
2023-11-10,102107032.0
2023-11-13,96707648.0
2023-11-14,100884160.0
2023-11-15,104929216.0
2023-11-16,87464784.0
2023-11-17,87319208.0
2023-11-20,91080448.0
2023-11-21,108594312.0
2023-11-22,84784384.0
2023-11-23,84800168.0
2023-11-24,85018400.0
2023-11-27,99102312.0
2023-11-28,89335792.0
2023-11-29,98841408.0
2023-11-30,101350816.0
2023-12-01,108530944.0
2023-12-04,97156824.0
2023-12-05,100472008.0
2023-12-06,105805520.0
2023-12-07,97713248.0
2023-12-08,129522056.0
2023-12-11,139626256.0
2023-12-12,105590016.0
2023-12-13,95285368.0
2023-12-14,83655136.0
2023-12-15,97787784.0
2023-12-18,90526824.0
2023-12-19,83808120.0
2023-12-20,92412864.0
2023-12-21,102546200.0
2023-12-22,105220136.0
2023-12-25,74542696.0
2023-12-26,74732936.0
2023-12-27,94403928.0
2023-12-28,148064848.0
2023-12-29,114928928.0
2024-01-02,116180728.0
2024-01-03,105613848.0
2024-01-04,106721016.0
2024-01-05,126400576.0
2024-01-08,117429488.0
2024-01-09,109330464.0
2024-01-10,94199368.0
2024-01-11,108789736.0
2024-01-12,96853552.0
2024-01-15,88851528.0
2024-01-16,113276664.0
2024-01-17,108769728.0
2024-01-18,174909168.0
2024-01-19,118501408.0
2024-01-22,148705632.0
2024-01-23,122012000.0
2024-01-24,154371952.0
2024-01-25,196833616.0
2024-01-26,180664000.0
2024-01-29,184164800.0
2024-01-30,143649344.0
2024-01-31,153143472.0
2024-02-01,145516800.0
2024-02-02,173758096.0
2024-02-05,203042976.0
2024-02-06,202713104.0
2024-02-07,216647936.0
2024-02-08,189977584.0
2024-02-19,183319808.0
2024-02-20,140734576.0
2024-02-21,188879360.0
2024-02-22,141020784.0
2024-02-23,144821280.0
2024-02-26,151248336.0
2024-02-27,139528240.0
2024-02-28,189837552.0
2024-02-29,155944528.0
2024-03-01,162709568.0
2024-03-04,163244608.0
2024-03-05,166422384.0
2024-03-06,143076608.0
2024-03-07,148110512.0
2024-03-08,125792664.0
2024-03-11,148202832.0
2024-03-12,180685568.0
2024-03-13,144590592.0
2024-03-14,140962720.0
2024-03-15,138316048.0
2024-03-18,160379440.0
2024-03-19,145571792.0
2024-03-20,129528968.0
2024-03-21,130743376.0
2024-03-22,139227360.0
2024-03-25,137015728.0
2024-03-26,126209536.0
2024-03-27,128626760.0
2024-03-28,143334720.0
2024-03-29,128643288.0
2024-04-01,162776560.0
2024-04-02,141272976.0
2024-04-03,135592336.0
2024-04-08,155304288.0
2024-04-09,129670944.0
2024-04-10,128790272.0
2024-04-11,126534392.0
2024-04-12,128921120.0
2024-04-15,183941248.0
2024-04-16,176153072.0
2024-04-17,168466400.0
2024-04-18,178574112.0
2024-04-19,147281504.0
2024-04-22,150579040.0
2024-04-23,143113504.0
2024-04-24,121739848.0
2024-04-25,115187720.0
2024-04-26,197216128.0
2024-04-29,222721376.0
2024-04-30,191296896.0
2024-05-06,208018000.0
2024-05-07,164834288.0
2024-05-08,130035336.0
2024-05-09,146559024.0
2024-05-10,150720544.0
2024-05-13,157267456.0
2024-05-14,133406488.0
2024-05-15,123522768.0
2024-05-16,154630496.0
2024-05-17,164570416.0
2024-05-20,184609424.0
2024-05-21,130678280.0
2024-05-22,151914608.0
2024-05-23,142572992.0
2024-05-24,124791176.0
2024-05-27,131272640.0
2024-05-28,123532240.0
2024-05-29,115906320.0
2024-05-30,122602992.0
2024-05-31,112462016.0
2024-06-03,141054592.0
2024-06-04,124545096.0
2024-06-05,110906768.0
2024-06-06,137893520.0
2024-06-07,131103024.0
2024-06-11,134522304.0
2024-06-12,122813728.0
2024-06-13,123245464.0
2024-06-14,171516944.0
2024-06-17,137433440.0
2024-06-18,123671840.0
2024-06-19,106642800.0
2024-06-20,111617392.0
2024-06-21,109186616.0
2024-06-24,117990184.0
2024-06-25,118448120.0
2024-06-26,105898864.0
2024-06-27,114918104.0
2024-06-28,135409152.0
2024-07-01,121829768.0
2024-07-02,121650120.0
2024-07-03,103857104.0
2024-07-04,104429912.0
2024-07-05,116609656.0
2024-07-08,115528216.0
2024-07-09,131629440.0
2024-07-10,127203456.0
2024-07-11,145892464.0
2024-07-12,130874592.0
2024-07-15,118517080.0
2024-07-16,120659016.0
2024-07-17,131802064.0
2024-07-18,123768200.0
2024-07-19,132447976.0
2024-07-22,132126336.0
2024-07-23,128897664.0
2024-07-24,127036264.0
2024-07-25,131022240.0
2024-07-26,124195560.0
2024-07-29,109787784.0
2024-07-30,104952160.0
2024-07-31,171959184.0
2024-08-01,136323456.0
2024-08-02,116615256.0
2024-08-05,142812512.0
2024-08-06,119340280.0
2024-08-07,95084376.0
2024-08-08,92495696.0
2024-08-09,91511624.0
2024-08-12,79938752.0
2024-08-13,84489680.0
2024-08-14,78742408.0
2024-08-15,104766400.0
2024-08-16,96519080.0
2024-08-19,105571112.0
2024-08-20,101668328.0
2024-08-21,89954752.0
2024-08-22,100366504.0
2024-08-23,89525776.0
2024-08-26,93990768.0
2024-08-27,95808160.0
2024-08-28,92696648.0
2024-08-29,130702336.0
2024-08-30,188695440.0
2024-09-02,147612352.0
2024-09-03,122897304.0
2024-09-04,104832480.0
2024-09-05,97109448.0
2024-09-06,88400416.0
2024-09-09,108673072.0
2024-09-10,97290080.0
2024-09-11,102482112.0
2024-09-12,92868656.0
2024-09-13,88336680.0
2024-09-18,84722816.0
2024-09-19,125439272.0
2024-09-20,118064096.0
2024-09-23,95344856.0
2024-09-24,204072224.0
2024-09-25,241564256.0
2024-09-26,243134016.0
2024-09-27,265487776.0
2024-09-30,510217696.0
2024-10-08,589867904.0
2024-10-09,482269280.0
2024-10-10,395053088.0
2024-10-11,274096512.0
2024-10-14,307579008.0
2024-10-15,242486448.0
2024-10-16,218866400.0
2024-10-17,212313824.0
2024-10-18,312958848.0
2024-10-21,291185632.0
2024-10-22,223433392.0
2024-10-23,245873952.0
2024-10-24,174724064.0
2024-10-25,210694880.0
2024-10-28,216160416.0
2024-10-29,217293984.0
2024-10-30,219436624.0
2024-10-31,300636704.0
2024-11-01,307986496.0
2024-11-04,229239056.0
2024-11-05,316862784.0
2024-11-06,335807936.0
2024-11-07,341436416.0
2024-11-08,332350400.0
2024-11-11,289594240.0
2024-11-12,297778080.0
2024-11-13,240484096.0
2024-11-14,230152784.0
2024-11-15,247399456.0
2024-11-18,306777952.0
2024-11-19,242946464.0
2024-11-20,184599376.0
2024-11-21,166125920.0
2024-11-22,216285808.0
2024-11-25,190702960.0
2024-11-26,149892448.0
2024-11-27,174136096.0
2024-11-28,150117296.0
2024-11-29,187656720.0
2024-12-02,197289792.0
2024-12-03,182496864.0
2024-12-04,174626320.0
2024-12-05,138534032.0
2024-12-06,192057904.0
2024-12-09,175959952.0
2024-12-10,253463792.0
2024-12-11,177252848.0
2024-12-12,181621776.0
2024-12-13,230353072.0
2024-12-16,178511248.0
2024-12-17,160939088.0
2024-12-18,157738320.0
2024-12-19,161081040.0
2024-12-20,154986496.0
2024-12-23,190067360.0
2024-12-24,161494592.0
2024-12-25,159390752.0
2024-12-26,143425280.0
2024-12-27,169268672.0
2024-12-30,164612480.0
2024-12-31,183928400.0
2025-01-02,217898720.0
2025-01-03,175342672.0
2025-01-06,150946672.0
2025-01-07,146455776.0
2025-01-08,169166976.0
2025-01-09,129794000.0
2025-01-10,137523168.0
2025-01-13,136446192.0
2025-01-14,170664656.0
2025-01-15,141475520.0
2025-01-16,144505872.0
2025-01-17,126621960.0
2025-01-20,139581280.0
2025-01-21,141218400.0
2025-01-22,137255056.0
2025-01-23,180569552.0
2025-01-24,148971728.0
2025-01-27,146670768.0
2025-02-05,157168304.0
2025-02-06,167288176.0
2025-02-07,221857712.0
2025-02-10,188903040.0
2025-02-11,166574912.0
2025-02-12,164228544.0
2025-02-13,172485872.0
2025-02-14,172976448.0
2025-02-17,213588240.0
2025-02-18,209425104.0
2025-02-19,182829520.0
2025-02-20,163895232.0
2025-02-21,227400336.0
2025-02-24,220810624.0
2025-02-25,178108576.0
2025-02-26,191062496.0
2025-02-27,202887968.0
2025-02-28,198104144.0
2025-03-03,177623168.0
2025-03-04,149850960.0
2025-03-05,158652752.0
2025-03-06,193960912.0
2025-03-07,166732368.0
2025-03-10,152765232.0
2025-03-11,144754400.0
2025-03-12,156732192.0
2025-03-13,156536448.0
2025-03-14,216139008.0
2025-03-17,162202912.0
2025-03-18,140208496.0
2025-03-19,144419424.0
2025-03-20,133754672.0
2025-03-21,165905296.0
2025-03-24,152234672.0
2025-03-25,140475392.0
2025-03-26,131164184.0
2025-03-27,126793736.0
2025-03-28,126356216.0
2025-03-31,166798528.0
2025-04-01,140380272.0
2025-04-02,113043176.0
2025-04-03,142599792.0
2025-04-07,312578592.0
2025-04-08,280197312.0
2025-04-09,262305712.0
2025-04-10,227252224.0
2025-04-11,168759696.0
2025-04-14,164462400.0
2025-04-15,134006040.0
2025-04-16,156359008.0
2025-04-17,122371000.0
2025-04-18,102948512.0
2025-04-21,121355728.0
2025-04-22,125688256.0
2025-04-23,131986872.0
2025-04-24,117164560.0
2025-04-25,124591136.0
2025-04-28,125145088.0
2025-04-29,111514696.0
2025-04-30,143681664.0
2025-05-06,158520464.0
2025-05-07,161172304.0
2025-05-08,124959832.0
2025-05-09,119389528.0
2025-05-12,153332464.0
2025-05-13,147320304.0
2025-05-14,172033776.0
2025-05-15,138081744.0
2025-05-16,118405344.0
2025-05-19,98643416.0
2025-05-20,104885232.0
2025-05-21,109791344.0
2025-05-22,107597056.0
2025-05-23,120277416.0
2025-05-26,109601208.0
2025-05-27,98572424.0
2025-05-28,89031024.0
2025-05-29,108471888.0
2025-05-30,111672224.0
2025-06-03,131403088.0
2025-06-04,116803872.0
2025-06-05,122878184.0
2025-06-06,110987968.0
2025-06-09,136306288.0
2025-06-10,145563856.0
2025-06-11,142414768.0
2025-06-12,133998696.0
2025-06-13,172539536.0
2025-06-16,137341840.0
2025-06-17,122342528.0
2025-06-18,127528624.0
2025-06-19,130280656.0
2025-06-20,118151024.0
2025-06-23,133800896.0
2025-06-24,163656192.0
2025-06-25,187213664.0
2025-06-26,165316256.0
2025-06-27,194557920.0
2025-06-30,145170240.0
2025-07-01,128959360.0
2025-07-02,147063056.0
2025-07-03,141004000.0
2025-07-04,157197136.0
2025-07-07,131135272.0
2025-07-08,156402896.0
2025-07-09,173293792.0
2025-07-10,209778912.0
2025-07-11,262052768.0
2025-07-14,207917168.0
2025-07-15,191042928.0
2025-07-16,151027312.0
2025-07-17,161249040.0
2025-07-18,186211056.0
2025-07-21,223268480.0
2025-07-22,257596992.0
2025-07-23,300506144.0
2025-07-24,319632384.0
2025-07-25,273594976.0
2025-07-28,222759808.0
2025-07-29,230807872.0
2025-07-30,249853056.0
2025-07-31,267087408.0
2025-08-01,196221824.0
2025-08-04,162275904.0
2025-08-05,178852000.0
2025-08-06,176676160.0
2025-08-07,198641904.0
2025-08-08,173171200.0
2025-08-11,190443712.0
2025-08-12,177287824.0
2025-08-13,213934992.0
2025-08-14,221103600.0
2025-08-15,261327568.0
2025-08-18,301479104.0
2025-08-19,250818768.0
2025-08-20,246481776.0
2025-08-21,259030016.0
2025-08-22,290434912.0
2025-08-25,358090016.0
2025-08-26,270621408.0
2025-08-27,333133888.0
2025-08-28,296834528.0
2025-08-29,351938944.0
2025-09-01,320366720.0
2025-09-02,303932576.0
2025-09-03,254320224.0
2025-09-04,307934624.0
2025-09-05,249625664.0
2025-09-08,267638384.0
2025-09-09,221375456.0
2025-09-10,203597648.0
2025-09-11,253264048.0
2025-09-12,266442000.0
2025-09-15,231885680.0
2025-09-16,249269200.0
2025-09-17,235716480.0
2025-09-18,309859840.0
2025-09-19,225044000.0
2025-09-22,196459952.0
2025-09-23,252827056.0
2025-09-24,220482608.0
2025-09-25,229823328.0
2025-09-26,208482112.0
2025-09-29,274358880.0
2025-09-30,247980352.0
2025-10-09,347678688.0
2025-10-10,319020896.0
2025-10-13,315010368.0
2025-10-14,372954016.0
2025-10-15,284771840.0
2025-10-16,248235520.0
2025-10-17,256905616.0
2025-10-20,218420400.0
2025-10-21,215711168.0
2025-10-22,185333952.0
2025-10-23,200463920.0
2025-10-24,208814480.0
2025-10-27,262200672.0
2025-10-28,220906640.0
2025-10-29,246211328.0
2025-10-30,273289120.0
2025-10-31,281464736.0
2025-11-03,239869808.0
2025-11-04,233224032.0
2025-11-05,203045872.0
2025-11-06,224241008.0
2025-11-07,212497376.0
2025-11-10,236026768.0
2025-11-11,186638864.0
2025-11-12,209460592.0
2025-11-13,207367472.0
2025-11-14,192092672.0
2025-11-17,188955472.0
2025-11-18,177713184.0
2025-11-19,172924976.0
2025-11-20,194562592.0
2025-11-21,222851008.0
2025-11-24,185833728.0
2025-11-25,169571936.0
2025-11-26,156200368.0
2025-11-27,150311776.0
2025-11-28,142902096.0
2025-12-01,200382320.0
2025-12-02,148493136.0
2025-12-03,169762784.0
2025-12-04,147198112.0
2025-12-05,196799968.0
2025-12-08,199620992.0
2025-12-09,184160352.0
2025-12-10,169111104.0
2025-12-11,168419408.0
2025-12-12,212826528.0
2025-12-15,167589968.0
2025-12-16,165165200.0
2025-12-17,178424832.0
2025-12-18,151681328.0
2025-12-19,154876224.0
2025-12-22,165252864.0
2025-12-23,169256416.0
2025-12-24,153711248.0
2025-12-25,139434192.0
2025-12-26,175396560.0
2025-12-29,200397136.0
2025-12-30,180374976.0
2025-12-31,170760224.0
2026-01-05,234144832.0
2026-01-06,296970688.0
2026-01-07,259095568.0
2026-01-08,238804960.0
2026-01-09,254688032.0
2026-01-12,294833152.0
2026-01-13,301449504.0
2026-01-14,364951008.0
2026-01-15,254003632.0
2026-01-16,325278944.0
2026-01-19,267612496.0
2026-01-20,282719584.0
2026-01-21,266353328.0
2026-01-22,274199936.0
2026-01-23,314635456.0
2026-01-26,363004480.0
2026-01-27,301475712.0
2026-01-28,382255616.0
2026-01-29,415513056.0
2026-01-30,319786528.0
2026-02-02,304773504.0
2026-02-03,265549408.0
2026-02-04,264881024.0
2026-02-05,237856352.0
2026-02-06,202716480.0
2026-02-09,207251936.0
2026-02-10,187000960.0
2026-02-11,173391680.0
2026-02-12,197841440.0
2026-02-13,189167760.0
2026-02-24,218488896.0
2026-02-25,284268352.0
2026-02-26,234847648.0
2026-02-27,261420864.0
2026-03-02,349260736.0
2026-03-03,370624256.0
2026-03-04,303035680.0
2026-03-05,259317824.0
2026-03-06,238527920.0
2026-03-09,322787616.0
2026-03-10,263903744.0
2026-03-11,270175456.0
2026-03-12,302986816.0
2026-03-13,310772000.0
