,沪深300
2005-01-04,443197.59
2005-01-05,452920.69
2005-01-06,392101.5
2005-01-07,473746.78
2005-01-10,376293.09
2005-01-11,370407.59
2005-01-12,309329.78
2005-01-13,384217.19
2005-01-14,416292.0
2005-01-17,424980.72
2005-01-18,411794.41
2005-01-19,342795.13
2005-01-20,439934.94
2005-01-21,815208.63
2005-01-24,836016.0
2005-01-25,615702.25
2005-01-26,471943.88
2005-01-27,409439.69
2005-01-28,328095.0
2005-01-31,386357.19
2005-02-01,427570.63
2005-02-02,1020290.25
2005-02-03,1005731.0
2005-02-04,954987.13
2005-02-16,743816.81
2005-02-17,551306.19
2005-02-18,481773.22
2005-02-21,605239.5
2005-02-22,1092277.5
2005-02-23,1123193.88
2005-02-24,899375.19
2005-02-25,1148995.88
2005-02-28,819010.0
2005-03-01,628879.0
2005-03-02,897130.81
2005-03-03,558281.19
2005-03-04,538386.56
2005-03-07,531647.19
2005-03-08,985127.44
2005-03-09,987762.19
2005-03-10,838054.69
2005-03-11,765455.69
2005-03-14,1022942.94
2005-03-15,809120.94
2005-03-16,715374.38
2005-03-17,653506.0
2005-03-18,631499.13
2005-03-21,459452.0
2005-03-22,695530.69
2005-03-23,709205.5
2005-03-24,644664.19
2005-03-25,425812.72
2005-03-28,414165.59
2005-03-29,484214.88
2005-03-30,545937.81
2005-03-31,455532.09
2005-04-01,1010940.31
2005-04-04,729650.0
2005-04-05,606951.44
2005-04-06,972765.38
2005-04-07,1326056.0
2005-04-08,915135.0
2005-04-11,1043623.25
2005-04-12,647956.31
2005-04-13,1002960.19
2005-04-14,781342.44
2005-04-15,654167.56
2005-04-18,532913.88
2005-04-19,576890.75
2005-04-20,530000.38
2005-04-21,614064.56
2005-04-22,637355.06
2005-04-25,666730.31
2005-04-26,702937.31
2005-04-27,643284.56
2005-04-28,831581.38
2005-04-29,685319.25
2005-05-09,488969.63
2005-05-10,596091.06
2005-05-11,512833.34
2005-05-12,610732.69
2005-05-13,622841.94
2005-05-16,463008.88
2005-05-17,463519.84
2005-05-18,461540.91
2005-05-19,426347.25
2005-05-20,383547.63
2005-05-23,372579.09
2005-05-24,477797.16
2005-05-25,374217.31
2005-05-26,347005.09
2005-05-27,424067.88
2005-05-30,371211.63
2005-05-31,360100.66
2005-06-01,427407.5
2005-06-02,522078.63
2005-06-03,416475.44
2005-06-06,468500.63
2005-06-07,724857.75
2005-06-08,1741454.38
2005-06-09,1778238.63
2005-06-10,1200675.38
2005-06-13,794406.06
2005-06-14,769207.06
2005-06-15,627231.0
2005-06-16,611526.94
2005-06-17,828545.56
2005-06-20,1029089.0
2005-06-21,689093.69
2005-06-22,588240.13
2005-06-23,546502.88
2005-06-24,473218.63
2005-06-27,890349.38
2005-06-28,553609.81
2005-06-29,575199.81
2005-06-30,559794.63
2005-07-01,508672.66
2005-07-04,402609.94
2005-07-05,452967.44
2005-07-06,362726.56
2005-07-07,290182.66
2005-07-08,344778.69
2005-07-11,409265.34
2005-07-12,751924.5
2005-07-13,467402.44
2005-07-14,474255.72
2005-07-15,420393.97
2005-07-18,376775.47
2005-07-19,362292.47
2005-07-20,395344.0
2005-07-21,411849.69
2005-07-22,1021001.31
2005-07-25,576238.5
2005-07-26,1051358.13
2005-07-27,968810.88
2005-07-28,1032637.44
2005-07-29,640906.19
2005-08-01,545157.69
2005-08-02,644195.88
2005-08-03,1191177.75
2005-08-04,668269.0
2005-08-05,958568.56
2005-08-08,1113575.63
2005-08-09,970454.13
2005-08-10,1021486.38
2005-08-11,1404206.13
2005-08-12,1445755.25
2005-08-15,1050346.13
2005-08-16,1260608.0
2005-08-17,1091046.13
2005-08-18,1591642.38
2005-08-19,1088150.13
2005-08-22,774583.5
2005-08-23,750882.44
2005-08-24,773651.25
2005-08-25,760486.44
2005-08-26,718619.88
2005-08-29,713770.81
2005-08-30,585843.63
2005-08-31,703428.25
2005-09-01,1055867.75
2005-09-02,886477.31
2005-09-05,824222.63
2005-09-06,1058398.5
2005-09-07,995680.88
2005-09-08,1175326.0
2005-09-09,792419.38
2005-09-12,561013.06
2005-09-13,799903.13
2005-09-14,994262.81
2005-09-15,809816.06
2005-09-16,698932.75
2005-09-19,742748.19
2005-09-20,918943.88
2005-09-21,876045.94
2005-09-22,862559.0
2005-09-23,554988.19
2005-09-26,439842.56
2005-09-27,557609.75
2005-09-28,433147.59
2005-09-29,579823.81
2005-09-30,452946.69
2005-10-10,366562.44
2005-10-11,403253.94
2005-10-12,665323.13
2005-10-13,602181.44
2005-10-14,556804.94
2005-10-17,551648.19
2005-10-18,584999.81
2005-10-19,547409.94
2005-10-20,608254.56
2005-10-21,564509.56
2005-10-24,467477.56
2005-10-25,568710.5
2005-10-26,591180.06
2005-10-27,588184.81
2005-10-28,556526.63
2005-10-31,495480.16
2005-11-01,476251.44
2005-11-02,611538.69
2005-11-03,584319.19
2005-11-04,457023.59
2005-11-07,375829.44
2005-11-08,461726.09
2005-11-09,554478.0
2005-11-10,507160.38
2005-11-11,422147.91
2005-11-14,292431.78
2005-11-15,415874.0
2005-11-16,418538.25
2005-11-17,412049.5
2005-11-18,835393.44
2005-11-21,489725.44
2005-11-22,450060.09
2005-11-23,394407.03
2005-11-24,610243.0
2005-11-25,512794.69
2005-11-28,423910.16
2005-11-29,359735.72
2005-11-30,367684.53
2005-12-01,335570.31
2005-12-02,393721.41
2005-12-05,460654.78
2005-12-06,473713.47
2005-12-07,436877.94
2005-12-08,501881.28
2005-12-09,579308.69
2005-12-12,508226.06
2005-12-13,514821.84
2005-12-14,675724.31
2005-12-15,749812.38
2005-12-16,541846.56
2005-12-19,438056.16
2005-12-20,466576.19
2005-12-21,489286.5
2005-12-22,444138.44
2005-12-23,579904.69
2005-12-26,750178.25
2005-12-27,564064.0
2005-12-28,573125.63
2005-12-29,879804.0
2005-12-30,851798.0
2006-01-04,1144260.88
2006-01-05,1469349.38
2006-01-06,1617099.0
2006-01-09,1262640.0
2006-01-10,1234402.25
2006-01-11,1348834.75
2006-01-12,1102817.63
2006-01-13,1121563.38
2006-01-16,989615.19
2006-01-17,807611.88
2006-01-18,1038984.19
2006-01-19,1271486.25
2006-01-20,1292989.0
2006-01-23,1145929.38
2006-01-24,1391424.0
2006-01-25,1164419.75
2006-02-06,1346697.88
2006-02-07,1766925.75
2006-02-08,1369251.5
2006-02-09,1211506.75
2006-02-10,1141175.38
2006-02-13,1145469.5
2006-02-14,973055.88
2006-02-15,1274781.13
2006-02-16,1340718.38
2006-02-17,1077412.75
2006-02-20,1030330.06
2006-02-21,1318021.63
2006-02-22,1343505.88
2006-02-23,1025975.63
2006-02-24,1028638.13
2006-02-27,1252043.88
2006-02-28,1042783.0
2006-03-01,1051842.0
2006-03-02,1374869.25
2006-03-03,1143714.25
2006-03-06,909120.44
2006-03-07,967650.94
2006-03-08,881808.31
2006-03-09,664005.13
2006-03-10,633782.88
2006-03-13,610194.31
2006-03-14,586159.94
2006-03-15,782230.06
2006-03-16,793636.0
2006-03-17,794517.5
2006-03-20,824631.56
2006-03-21,1027158.0
2006-03-22,1003454.19
2006-03-23,1082505.0
2006-03-24,1103190.0
2006-03-27,920178.81
2006-03-28,1063050.75
2006-03-29,1588211.13
2006-03-30,1208993.13
2006-03-31,1204567.25
2006-04-03,1570315.63
2006-04-04,1752521.88
2006-04-05,1853958.75
2006-04-06,1968781.25
2006-04-07,1776010.5
2006-04-10,1724647.0
2006-04-11,1979670.75
2006-04-12,1599114.13
2006-04-13,1719008.5
2006-04-14,1678253.13
2006-04-17,1834916.25
2006-04-18,1740345.75
2006-04-19,1936496.0
2006-04-20,2156123.25
2006-04-21,2275069.75
2006-04-24,2624589.5
2006-04-25,2288523.25
2006-04-26,2547617.25
2006-04-27,1886252.0
2006-04-28,2434301.0
2006-05-08,2653631.5
2006-05-09,3311191.75
2006-05-10,3356825.75
2006-05-11,3729960.5
2006-05-12,3426184.5
2006-05-15,4576819.0
2006-05-16,5091639.5
2006-05-17,3913382.75
2006-05-18,3183285.25
2006-05-19,3622236.25
2006-05-22,3819887.5
2006-05-23,3274775.25
2006-05-24,3109681.5
2006-05-25,2048255.63
2006-05-26,2174199.25
2006-05-29,2710062.75
2006-05-30,2899243.0
2006-05-31,2935969.25
2006-06-01,3138349.25
2006-06-02,3740732.25
2006-06-05,2978474.25
2006-06-06,2649785.5
2006-06-07,3107629.0
2006-06-08,2646258.75
2006-06-09,2163104.25
2006-06-12,1502536.0
2006-06-13,1671617.0
2006-06-14,1598232.63
2006-06-15,1294789.38
2006-06-16,1615237.38
2006-06-19,1867264.63
2006-06-20,1641671.5
2006-06-21,1827159.25
2006-06-22,1464239.25
2006-06-23,1512553.63
2006-06-26,1856476.75
2006-06-27,1602219.75
2006-06-28,1483616.38
2006-06-29,2422565.25
2006-06-30,2294244.25
2006-07-03,2442313.0
2006-07-04,2811607.5
2006-07-05,2115412.75
2006-07-06,2163751.75
2006-07-07,2252957.0
2006-07-10,1861678.5
2006-07-11,1895895.25
2006-07-12,2483117.25
2006-07-13,3170008.75
2006-07-14,2106509.25
2006-07-17,1604682.38
2006-07-18,1479711.5
2006-07-19,1592362.13
2006-07-20,1150553.75
2006-07-21,1244243.25
2006-07-24,1251772.88
2006-07-25,1408973.88
2006-07-26,1205995.25
2006-07-27,1475169.63
2006-07-28,1380939.38
2006-07-31,1311540.13
2006-08-01,1013795.94
2006-08-02,1018084.06
2006-08-03,811599.19
2006-08-04,976233.38
2006-08-07,851570.25
2006-08-08,838743.13
2006-08-09,748512.06
2006-08-10,1002003.88
2006-08-11,903336.75
2006-08-14,987053.06
2006-08-15,859250.38
2006-08-16,1226702.0
2006-08-17,884386.63
2006-08-18,795134.13
2006-08-21,866163.13
2006-08-22,1122412.13
2006-08-23,1221559.13
2006-08-24,941660.56
2006-08-25,1158628.0
2006-08-28,1664098.63
2006-08-29,2055859.88
2006-08-30,1299458.25
2006-08-31,1393200.13
2006-09-01,1483225.25
2006-09-04,1247037.38
2006-09-05,1595967.0
2006-09-06,1379960.38
2006-09-07,1305500.0
2006-09-08,1015779.44
2006-09-11,1283928.63
2006-09-12,1578725.75
2006-09-13,1870175.0
2006-09-14,1367951.75
2006-09-15,1959462.88
2006-09-18,1818762.25
2006-09-19,1594286.13
2006-09-20,1401724.0
2006-09-21,1602613.13
2006-09-22,1817317.0
2006-09-25,1549380.38
2006-09-26,1195375.88
2006-09-27,1089780.5
2006-09-28,1407085.38
2006-09-29,1734763.88
2006-10-09,2376225.0
2006-10-10,2402474.75
2006-10-11,1859201.25
2006-10-12,2104827.0
2006-10-13,1677080.38
2006-10-16,1734129.0
2006-10-17,1515111.63
2006-10-18,1501540.5
2006-10-19,1444118.13
2006-10-20,1652664.88
2006-10-23,1771077.63
2006-10-24,1615123.25
2006-10-25,2117715.25
2006-10-26,2130029.25
2006-10-27,2149619.0
2006-10-30,1987445.5
2006-10-31,2146361.75
2006-11-01,2351843.0
2006-11-02,2475796.25
2006-11-03,2331928.25
2006-11-06,2522168.0
2006-11-07,2789455.0
2006-11-08,1914030.75
2006-11-09,2228303.75
2006-11-10,3193118.5
2006-11-13,2517622.25
2006-11-14,2202930.75
2006-11-15,2613556.75
2006-11-16,3412731.0
2006-11-17,2695044.5
2006-11-20,3299061.25
2006-11-21,3262858.0
2006-11-22,3806526.25
2006-11-23,3147440.5
2006-11-24,3239804.5
2006-11-27,3205782.0
2006-11-28,2950297.5
2006-11-29,3089501.25
2006-11-30,3986904.75
2006-12-01,4104522.25
2006-12-04,4694758.0
2006-12-05,4725577.5
2006-12-06,5338329.0
2006-12-07,5138801.0
2006-12-08,4198024.0
2006-12-11,3316936.0
2006-12-12,3870247.0
2006-12-13,3315439.25
2006-12-14,3332393.25
2006-12-15,3695741.0
2006-12-18,4653016.5
2006-12-19,4896982.0
2006-12-20,3974536.0
2006-12-21,4343777.5
2006-12-22,3487078.0
2006-12-25,4195157.5
2006-12-26,3910690.0
2006-12-27,3896168.75
2006-12-28,4522433.0
2006-12-29,5571639.0
2007-01-04,8238107.0
2007-01-05,6802606.0
2007-01-08,6630393.5
2007-01-09,6545619.5
2007-01-10,6882262.0
2007-01-11,6873001.0
2007-01-12,6174283.0
2007-01-15,5704345.0
2007-01-16,6784343.0
2007-01-17,8000890.5
2007-01-18,6989497.0
2007-01-19,7353887.0
2007-01-22,8187049.0
2007-01-23,9281287.0
2007-01-24,8027749.5
2007-01-25,7724172.0
2007-01-26,7327568.0
2007-01-29,7954486.0
2007-01-30,7348501.0
2007-01-31,7194503.5
2007-02-01,5757810.5
2007-02-02,5353511.5
2007-02-05,4235801.0
2007-02-06,6120650.5
2007-02-07,6620334.5
2007-02-08,5836750.5
2007-02-09,5130293.0
2007-02-12,5170943.5
2007-02-13,4822786.5
2007-02-14,5846227.0
2007-02-15,6741568.5
2007-02-16,7159758.0
2007-02-26,7098161.5
2007-02-27,10110276.0
2007-02-28,7714825.0
2007-03-01,7429958.0
2007-03-02,5422210.0
2007-03-05,6307175.5
2007-03-06,5026131.5
2007-03-07,5762324.0
2007-03-08,5390762.0
2007-03-09,6793304.5
2007-03-12,6043819.5
2007-03-13,6206119.0
2007-03-14,6658194.0
2007-03-15,6326678.0
2007-03-16,7477702.5
2007-03-19,7294366.5
2007-03-20,6174148.0
2007-03-21,6836931.5
2007-03-22,8603628.0
2007-03-23,7630449.0
2007-03-26,7779610.0
2007-03-27,8401840.0
2007-03-28,11214608.0
2007-03-29,11323344.0
2007-03-30,6653697.0
2007-04-02,7668051.0
2007-04-03,8709186.0
2007-04-04,8845607.0
2007-04-05,8519560.0
2007-04-06,9304957.0
2007-04-09,10621879.0
2007-04-10,11970222.0
2007-04-11,12421893.0
2007-04-12,11843411.0
2007-04-13,12972836.0
2007-04-16,11270659.0
2007-04-17,13382342.0
2007-04-18,12924225.0
2007-04-19,14383032.0
2007-04-20,11862047.0
2007-04-23,13758344.0
2007-04-24,14941230.0
2007-04-25,12908918.0
2007-04-26,10780705.0
2007-04-27,11372281.0
2007-04-30,13808137.0
2007-05-08,15367741.0
2007-05-09,18906048.0
2007-05-10,15315922.0
2007-05-11,13377392.0
2007-05-14,13715673.0
2007-05-15,13822019.0
2007-05-16,12669381.0
2007-05-17,13545910.0
2007-05-18,12074177.0
2007-05-21,14512980.0
2007-05-22,16132337.0
2007-05-23,14749447.0
2007-05-24,17237422.0
2007-05-25,15080905.0
2007-05-28,18321294.0
2007-05-29,17947670.0
2007-05-30,21031890.0
2007-05-31,19367198.0
2007-06-01,19395356.0
2007-06-04,13129620.0
2007-06-05,15076493.0
2007-06-06,13593847.0
2007-06-07,13722858.0
2007-06-08,13665065.0
2007-06-11,14051910.0
2007-06-12,15810239.0
2007-06-13,16590886.0
2007-06-14,13379227.0
2007-06-15,10923427.0
2007-06-18,14184833.0
2007-06-19,13052328.0
2007-06-20,14106075.0
2007-06-21,12178310.0
2007-06-22,12774767.0
2007-06-25,11343270.0
2007-06-26,8786774.0
2007-06-27,10213162.0
2007-06-28,9837205.0
2007-06-29,8852759.0
2007-07-02,7199586.5
2007-07-03,6888749.5
2007-07-04,5905565.0
2007-07-05,6132405.5
2007-07-06,7189499.0
2007-07-09,7927098.5
2007-07-10,7718456.5
2007-07-11,5153228.5
2007-07-12,4596804.5
2007-07-13,3861551.5
2007-07-16,4446295.0
2007-07-17,5015822.5
2007-07-18,6946783.0
2007-07-19,4572849.0
2007-07-20,8155622.0
2007-07-23,12582418.0
2007-07-24,11202489.0
2007-07-25,10177176.0
2007-07-26,10398660.0
2007-07-27,10591007.0
2007-07-30,12108350.0
2007-07-31,11885859.0
2007-08-01,12891122.0
2007-08-02,10835797.0
2007-08-03,14128752.0
2007-08-06,13659902.0
2007-08-07,15463812.0
2007-08-08,13547663.0
2007-08-09,11719134.0
2007-08-10,12359827.0
2007-08-13,13718954.0
2007-08-14,10553684.0
2007-08-15,10990291.0
2007-08-16,11021470.0
2007-08-17,11156522.0
2007-08-20,11925935.0
2007-08-21,13290240.0
2007-08-22,13872228.0
2007-08-23,13087321.0
2007-08-24,13454610.0
2007-08-27,14937548.0
2007-08-28,14041966.0
2007-08-29,13898356.0
2007-08-30,12382018.0
2007-08-31,12286240.0
2007-09-03,14961243.0
2007-09-04,14768667.0
2007-09-05,12274070.0
2007-09-06,12858102.0
2007-09-07,14593044.0
2007-09-10,11676898.0
2007-09-11,12724965.0
2007-09-12,11377391.0
2007-09-13,11893472.0
2007-09-14,11873916.0
2007-09-17,13140229.0
2007-09-18,14026303.0
2007-09-19,11013278.0
2007-09-20,11372579.0
2007-09-21,12112587.0
2007-09-24,11667846.0
2007-09-25,9549483.0
2007-09-26,8407777.0
2007-09-27,7156951.5
2007-09-28,10422427.0
2007-10-08,12870914.0
2007-10-09,10759406.0
2007-10-10,12850610.0
2007-10-11,13742890.0
2007-10-12,16058874.0
2007-10-15,15505208.0
2007-10-16,13509235.0
2007-10-17,10832840.0
2007-10-18,10649480.0
2007-10-19,8497154.0
2007-10-22,7473040.5
2007-10-23,9001431.0
2007-10-24,9944996.0
2007-10-25,10389071.0
2007-10-26,7728375.5
2007-10-29,7235386.5
2007-10-30,7972798.5
2007-10-31,10378229.0
2007-11-01,9634275.0
2007-11-02,9367108.0
2007-11-05,7419019.5
2007-11-06,5649153.0
2007-11-07,5963921.0
2007-11-08,7297874.5
2007-11-09,6796865.0
2007-11-12,7590104.5
2007-11-13,7471482.5
2007-11-14,7344966.0
2007-11-15,6660904.5
2007-11-16,4707925.0
2007-11-19,4896999.5
2007-11-20,6653613.5
2007-11-21,5305945.5
2007-11-22,5371412.5
2007-11-23,4117411.0
2007-11-26,4842704.5
2007-11-27,4483191.0
2007-11-28,4516730.5
2007-11-29,7289575.0
2007-11-30,5740298.0
2007-12-03,4369830.0
2007-12-04,4392703.0
2007-12-05,6109018.0
2007-12-06,4743627.0
2007-12-07,5038040.5
2007-12-10,8289816.0
2007-12-11,8203438.5
2007-12-12,8375350.0
2007-12-13,7712515.0
2007-12-14,6116257.0
2007-12-17,7693538.0
2007-12-18,4744735.0
2007-12-19,6037985.5
2007-12-20,5992750.0
2007-12-21,7354981.0
2007-12-24,10396976.0
2007-12-25,7933366.5
2007-12-26,8369491.0
2007-12-27,10921683.0
2007-12-28,9505666.0
2008-01-02,9888643.0
2008-01-03,13598336.0
2008-01-04,11886623.0
2008-01-07,12318955.0
2008-01-08,14797575.0
2008-01-09,10836810.0
2008-01-10,14431645.0
2008-01-11,12224153.0
2008-01-14,10935640.0
2008-01-15,11967314.0
2008-01-16,12663498.0
2008-01-17,13605242.0
2008-01-18,9508087.0
2008-01-21,10154005.0
2008-01-22,12602934.0
2008-01-23,11100613.0
2008-01-24,11416908.0
2008-01-25,10068007.0
2008-01-28,8146074.0
2008-01-29,5804061.5
2008-01-30,7221923.0
2008-01-31,6431167.0
2008-02-01,6794147.0
2008-02-04,8566039.0
2008-02-05,7062610.0
2008-02-13,4327170.0
2008-02-14,4015282.25
2008-02-15,4729876.5
2008-02-18,6184463.0
2008-02-19,7420777.5
2008-02-20,8498086.0
2008-02-21,6793211.5
2008-02-22,7711034.5
2008-02-25,6532366.0
2008-02-26,6762596.5
2008-02-27,6031146.0
2008-02-28,5033255.5
2008-02-29,4727505.0
2008-03-03,7968496.0
2008-03-04,8855768.0
2008-03-05,7347959.5
2008-03-06,8571063.0
2008-03-07,6055244.5
2008-03-10,6114738.0
2008-03-11,5234431.0
2008-03-12,5570263.5
2008-03-13,6576947.0
2008-03-14,4556425.0
2008-03-17,5237609.0
2008-03-18,5845948.0
2008-03-19,6882371.0
2008-03-20,8243260.0
2008-03-21,7498540.5
2008-03-24,6394357.0
2008-03-25,5829242.0
2008-03-26,5202606.0
2008-03-27,5515141.0
2008-03-28,7272608.5
2008-03-31,5116660.0
2008-04-01,5896208.0
2008-04-02,7010276.0
2008-04-03,5423390.5
2008-04-07,7052592.5
2008-04-08,7648592.0
2008-04-09,6455576.5
2008-04-10,4715226.0
2008-04-11,4441899.5
2008-04-14,5463741.5
2008-04-15,4899712.5
2008-04-16,4208771.5
2008-04-17,4682995.5
2008-04-18,4218412.0
2008-04-21,6465768.5
2008-04-22,4770644.5
2008-04-23,6771861.5
2008-04-24,14939457.0
2008-04-25,14709832.0
2008-04-28,8507065.0
2008-04-29,7889582.5
2008-04-30,12263722.0
2008-05-05,11100439.0
2008-05-06,10619841.0
2008-05-07,9846532.0
2008-05-08,7783910.5
2008-05-09,9637786.0
2008-05-12,8169148.5
2008-05-13,7984732.0
2008-05-14,8523088.0
2008-05-15,8179587.5
2008-05-16,6627936.5
2008-05-19,4975565.0
2008-05-20,6457203.0
2008-05-21,6917911.5
2008-05-22,6628121.5
2008-05-23,5253076.0
2008-05-26,4552437.5
2008-05-27,3985628.0
2008-05-28,4999477.0
2008-05-29,4658902.0
2008-05-30,4688668.5
2008-06-02,4196689.5
2008-06-03,4879640.5
2008-06-04,4296371.5
2008-06-05,3656591.25
2008-06-06,3029859.5
2008-06-10,4581826.5
2008-06-11,4059653.25
2008-06-12,4281739.0
2008-06-13,3319399.5
2008-06-16,3373183.5
2008-06-17,3203125.75
2008-06-18,5282665.5
2008-06-19,4526491.0
2008-06-20,6525957.0
2008-06-23,3238238.0
2008-06-24,3888576.0
2008-06-25,5161934.5
2008-06-26,5250856.0
2008-06-27,4932484.5
2008-06-30,3150244.75
2008-07-01,3524255.25
2008-07-02,3512624.75
2008-07-03,5880814.5
2008-07-04,4736359.0
2008-07-07,6328478.0
2008-07-08,6788715.0
2008-07-09,8584625.0
2008-07-10,7764354.5
2008-07-11,5508536.0
2008-07-14,4392056.0
2008-07-15,5711825.5
2008-07-16,4536133.0
2008-07-17,3805436.25
2008-07-18,4721330.0
2008-07-21,5493805.5
2008-07-22,4778161.5
2008-07-23,4694954.5
2008-07-24,6025566.0
2008-07-25,4770618.5
2008-07-28,4708942.0
2008-07-29,4219202.5
2008-07-30,3422391.25
2008-07-31,3117920.75
2008-08-01,3974840.75
2008-08-04,2744027.25
2008-08-05,3477082.0
2008-08-06,3174460.0
2008-08-07,2666101.0
2008-08-08,3361769.5
2008-08-11,3245453.25
2008-08-12,2445963.0
2008-08-13,2748061.5
2008-08-14,2115617.75
2008-08-15,2129693.75
2008-08-18,2266287.0
2008-08-19,1840757.75
2008-08-20,4456442.5
2008-08-21,3965132.75
2008-08-22,2618385.0
2008-08-25,1896520.25
2008-08-26,2226289.75
2008-08-27,2357997.25
2008-08-28,2171109.25
2008-08-29,2900090.0
2008-09-01,2138488.25
2008-09-02,1864502.88
2008-09-03,2406662.5
2008-09-04,1854858.0
2008-09-05,1970956.75
2008-09-08,2011413.13
2008-09-09,1548063.25
2008-09-10,2030709.5
2008-09-11,2067801.13
2008-09-12,1765232.38
2008-09-16,2876930.0
2008-09-17,2698861.5
2008-09-18,3684492.5
2008-09-19,3210472.0
2008-09-22,9841558.0
2008-09-23,6951668.0
2008-09-24,4018363.5
2008-09-25,7175827.5
2008-09-26,5951809.5
2008-10-06,4182734.5
2008-10-07,4151200.25
2008-10-08,3468989.75
2008-10-09,3176028.5
2008-10-10,3292410.75
2008-10-13,3760642.5
2008-10-14,4897512.0
2008-10-15,2655589.25
2008-10-16,3249384.75
2008-10-17,2301743.5
2008-10-20,2843544.75
2008-10-21,3358899.5
2008-10-22,2656283.75
2008-10-23,2907880.25
2008-10-24,2710101.25
2008-10-27,2786751.75
2008-10-28,3643587.5
2008-10-29,3122426.5
2008-10-30,3216580.5
2008-10-31,2128190.25
2008-11-03,1951401.0
2008-11-04,1898476.13
2008-11-05,3150041.5
2008-11-06,2154704.5
2008-11-07,2362046.5
2008-11-10,4732229.0
2008-11-11,4919427.5
2008-11-12,3445379.0
2008-11-13,6498876.0
2008-11-14,7342958.0
2008-11-17,7091918.5
2008-11-18,7616575.0
2008-11-19,6483811.5
2008-11-20,6691904.0
2008-11-21,6612427.5
2008-11-24,3979461.75
2008-11-25,3462965.25
2008-11-26,3473230.25
2008-11-27,7175336.0
2008-11-28,4064851.5
2008-12-01,3823716.0
2008-12-02,4815192.5
2008-12-03,6739327.5
2008-12-04,9858022.0
2008-12-05,5995069.0
2008-12-08,8917605.0
2008-12-09,7754669.5
2008-12-10,7075139.0
2008-12-11,6377770.0
2008-12-12,5486655.0
2008-12-15,4075644.5
2008-12-16,3855224.75
2008-12-17,4912018.0
2008-12-18,4845515.0
2008-12-19,5341039.5
2008-12-22,4384346.0
2008-12-23,5082576.5
2008-12-24,3421052.75
2008-12-25,3080599.75
2008-12-26,2853631.5
2008-12-29,2932956.25
2008-12-30,2962850.5
2008-12-31,2729191.5
2009-01-05,3921707.75
2009-01-06,5926217.0
2009-01-07,5014341.5
2009-01-08,4721080.5
2009-01-09,4151121.0
2009-01-12,4698149.5
2009-01-13,4020146.5
2009-01-14,5265899.5
2009-01-15,6714477.5
2009-01-16,8471765.0
2009-01-19,6978552.5
2009-01-20,4564012.5
2009-01-21,5991419.0
2009-01-22,5343913.0
2009-01-23,4988783.0
2009-02-02,4612654.5
2009-02-03,7555409.5
2009-02-04,8719216.0
2009-02-05,10171245.0
2009-02-06,9564006.0
2009-02-09,11988679.0
2009-02-10,10789160.0
2009-02-11,14458810.0
2009-02-12,11605022.0
2009-02-13,13447108.0
2009-02-16,14738037.0
2009-02-17,13797130.0
2009-02-18,11245568.0
2009-02-19,8839886.0
2009-02-20,8524721.0
2009-02-23,10937977.0
2009-02-24,12713116.0
2009-02-25,10887806.0
2009-02-26,10179539.0
2009-02-27,8033745.5
2009-03-02,6087795.5
2009-03-03,6410964.0
2009-03-04,10587209.0
2009-03-05,12886665.0
2009-03-06,8549532.0
2009-03-09,8375890.5
2009-03-10,5505810.0
2009-03-11,7058912.0
2009-03-12,5384390.0
2009-03-13,5463625.0
2009-03-16,4812830.5
2009-03-17,9402869.0
2009-03-18,10361959.0
2009-03-19,10134843.0
2009-03-20,11478651.0
2009-03-23,12779404.0
2009-03-24,12159336.0
2009-03-25,10540623.0
2009-03-26,11804878.0
2009-03-27,13414008.0
2009-03-30,10000347.0
2009-03-31,10663123.0
2009-04-01,13711756.0
2009-04-02,14370898.0
2009-04-03,13107573.0
2009-04-07,9391912.0
2009-04-08,10714442.0
2009-04-09,8286099.0
2009-04-10,12185985.0
2009-04-13,15680197.0
2009-04-14,12683987.0
2009-04-15,13358613.0
2009-04-16,13160972.0
2009-04-17,11618484.0
2009-04-20,10508150.0
2009-04-21,11847395.0
2009-04-22,13194528.0
2009-04-23,8479565.0
2009-04-24,8195659.5
2009-04-27,7504061.0
2009-04-28,6624749.0
2009-04-29,9149680.0
2009-04-30,9690368.0
2009-05-04,11335110.0
2009-05-05,11264188.0
2009-05-06,11823208.0
2009-05-07,13696582.0
2009-05-08,12087317.0
2009-05-11,14045576.0
2009-05-12,9342146.0
2009-05-13,12363796.0
2009-05-14,9615610.0
2009-05-15,7497303.5
2009-05-18,8847909.0
2009-05-19,11654319.0
2009-05-20,10514616.0
2009-05-21,10287582.0
2009-05-22,7440720.0
2009-05-25,9104881.0
2009-05-26,8889490.0
2009-05-27,7860225.0
2009-06-01,13296778.0
2009-06-02,13013178.0
2009-06-03,13160659.0
2009-06-04,15377074.0
2009-06-05,13134799.0
2009-06-08,11453894.0
2009-06-09,10874742.0
2009-06-10,11645549.0
2009-06-11,10189029.0
2009-06-12,9213556.0
2009-06-15,9268964.0
2009-06-16,8992838.0
2009-06-17,9994553.0
2009-06-18,12277712.0
2009-06-19,11943448.0
2009-06-22,12268510.0
2009-06-23,12709478.0
2009-06-24,13243117.0
2009-06-25,10770659.0
2009-06-26,8866350.0
2009-06-29,10753921.0
2009-06-30,11892614.0
2009-07-01,12983070.0
2009-07-02,15259456.0
2009-07-03,14253135.0
2009-07-06,17585736.0
2009-07-07,16045059.0
2009-07-08,14730306.0
2009-07-09,14824954.0
2009-07-10,14074585.0
2009-07-13,13230102.0
2009-07-14,14325816.0
2009-07-15,17677312.0
2009-07-16,17897432.0
2009-07-17,14614027.0
2009-07-20,18968954.0
2009-07-21,18493484.0
2009-07-22,16887770.0
2009-07-23,16098037.0
2009-07-24,18220512.0
2009-07-27,20082410.0
2009-07-28,21047942.0
2009-07-29,22656026.0
2009-07-30,18549378.0
2009-07-31,18443188.0
2009-08-03,19844090.0
2009-08-04,20513412.0
2009-08-05,19401214.0
2009-08-06,17840640.0
2009-08-07,14865608.0
2009-08-10,12656493.0
2009-08-11,9531892.0
2009-08-12,13186796.0
2009-08-13,12358407.0
2009-08-14,12657325.0
2009-08-17,12124272.0
2009-08-18,10069127.0
2009-08-19,10477874.0
2009-08-20,10765632.0
2009-08-21,11391078.0
2009-08-24,11090792.0
2009-08-25,12844612.0
2009-08-26,10979247.0
2009-08-27,10360461.0
2009-08-28,10878728.0
2009-08-31,10556831.0
2009-09-01,8774322.0
2009-09-02,7629319.5
2009-09-03,11882139.0
2009-09-04,11618166.0
2009-09-07,11381319.0
2009-09-08,11796933.0
2009-09-09,13181370.0
2009-09-10,9146742.0
2009-09-11,10898936.0
2009-09-14,11706481.0
2009-09-15,11641150.0
2009-09-16,12364148.0
2009-09-17,12532600.0
2009-09-18,13163198.0
2009-09-21,9968518.0
2009-09-22,10163374.0
2009-09-23,8904956.0
2009-09-24,8689131.0
2009-09-25,6073302.0
2009-09-28,5459320.0
2009-09-29,5667442.0
2009-09-30,5480361.0
2009-10-09,7606166.5
2009-10-12,8156233.0
2009-10-13,6857712.5
2009-10-14,11118322.0
2009-10-15,8539196.0
2009-10-16,7889205.0
2009-10-19,11384146.0
2009-10-20,12850837.0
2009-10-21,11744516.0
2009-10-22,8797852.0
2009-10-23,12090900.0
2009-10-26,9780098.0
2009-10-27,10522880.0
2009-10-28,8622853.0
2009-10-29,8441494.0
2009-10-30,8422642.0
2009-11-02,11067946.0
2009-11-03,11593544.0
2009-11-04,11778070.0
2009-11-05,10353908.0
2009-11-06,12413842.0
2009-11-09,10891600.0
2009-11-10,11607364.0
2009-11-11,10049440.0
2009-11-12,10656950.0
2009-11-13,12235658.0
2009-11-16,17054480.0
2009-11-17,13505868.0
2009-11-18,11903489.0
2009-11-19,12551432.0
2009-11-20,12758526.0
2009-11-23,13575045.0
2009-11-24,20372200.0
2009-11-25,15703086.0
2009-11-26,18080938.0
2009-11-27,12577599.0
2009-11-30,11737739.0
2009-12-01,13800263.0
2009-12-02,13892926.0
2009-12-03,12856263.0
2009-12-04,18884398.0
2009-12-07,13199169.0
2009-12-08,11875086.0
2009-12-09,9709197.0
2009-12-10,8115140.0
2009-12-11,7428293.5
2009-12-14,11344173.0
2009-12-15,9878363.0
2009-12-16,8134090.0
2009-12-17,8675666.0
2009-12-18,8913768.0
2009-12-21,6905578.5
2009-12-22,7549851.0
2009-12-23,6794826.5
2009-12-24,9481163.0
2009-12-25,6870183.5
2009-12-28,7896600.0
2009-12-29,7805367.0
2009-12-30,12468457.0
2009-12-31,9800403.0
2010-01-04,9341984.0
2010-01-05,12830244.0
2010-01-06,12104599.0
2010-01-07,12043616.0
2010-01-08,9019096.0
2010-01-11,13411400.0
2010-01-12,13407142.0
2010-01-13,15986039.0
2010-01-14,11810787.0
2010-01-15,10403517.0
2010-01-18,11788426.0
2010-01-19,10802353.0
2010-01-20,12841616.0
2010-01-21,10007661.0
2010-01-22,11919782.0
2010-01-25,7662662.5
2010-01-26,8158606.0
2010-01-27,7054027.0
2010-01-28,6408211.5
2010-01-29,6801812.0
2010-02-01,7598215.0
2010-02-02,6831841.5
2010-02-03,8753625.0
2010-02-04,7546655.5
2010-02-05,7369313.5
2010-02-08,4790243.0
2010-02-09,4522266.0
2010-02-10,4815214.5
2010-02-11,4699971.0
2010-02-12,4670322.0
2010-02-22,4998133.5
2010-02-23,6238608.0
2010-02-24,6441409.5
2010-02-25,8948580.0
2010-02-26,7017166.5
2010-03-01,8120569.0
2010-03-02,7623399.0
2010-03-03,7844213.5
2010-03-04,8946292.0
2010-03-05,5962118.0
2010-03-08,5468655.5
2010-03-09,7197130.0
2010-03-10,6176043.0
2010-03-11,6373266.0
2010-03-12,5261121.0
2010-03-15,4921990.0
2010-03-16,4151042.5
2010-03-17,6258739.5
2010-03-18,6250913.0
2010-03-19,6211423.0
2010-03-22,6565298.0
2010-03-23,6214553.0
2010-03-24,5833030.0
2010-03-25,5860476.0
2010-03-26,6159284.0
2010-03-29,11032697.0
2010-03-30,7868267.0
2010-03-31,7212088.5
2010-04-01,9236050.0
2010-04-02,9904076.0
2010-04-06,9398588.0
2010-04-07,7673316.0
2010-04-08,8931747.0
2010-04-09,7559035.5
2010-04-12,10599661.0
2010-04-13,11644034.0
2010-04-14,9078757.0
2010-04-15,8870023.0
2010-04-16,6723560.0
2010-04-19,11885597.0
2010-04-20,8800597.0
2010-04-21,9337337.0
2010-04-22,9897039.0
2010-04-23,9211567.0
2010-04-26,7495912.0
2010-04-27,8805836.0
2010-04-28,6548492.5
2010-04-29,6925086.5
2010-04-30,7319088.5
2010-05-04,5455860.5
2010-05-05,8083534.0
2010-05-06,8150226.5
2010-05-07,7914750.0
2010-05-10,6490919.0
2010-05-11,7389466.5
2010-05-12,6469399.0
2010-05-13,6748653.5
2010-05-14,5517529.0
2010-05-17,6239551.5
2010-05-18,6274624.5
2010-05-19,5465640.0
2010-05-20,5267791.5
2010-05-21,6350181.0
2010-05-24,8996188.0
2010-05-25,6795498.5
2010-05-26,4849560.5
2010-05-27,6526677.5
2010-05-28,6434250.5
2010-05-31,5669580.5
2010-06-01,5323091.5
2010-06-02,4636423.0
2010-06-03,4714326.5
2010-06-04,3985836.5
2010-06-07,4706270.5
2010-06-08,4267710.5
2010-06-09,7071008.5
2010-06-10,5031224.5
2010-06-11,4887147.5
2010-06-17,4029323.25
2010-06-18,5025635.0
2010-06-21,6280919.0
2010-06-22,4520721.0
2010-06-23,4160024.25
2010-06-24,3377285.75
2010-06-25,3464917.75
2010-06-28,3119827.75
2010-06-29,5063597.0
2010-06-30,3580989.0
2010-07-01,3247845.75
2010-07-02,4336732.0
2010-07-05,3092230.0
2010-07-06,3897683.5
2010-07-07,3705990.0
2010-07-08,3534875.75
2010-07-09,6147007.0
2010-07-12,6346226.0
2010-07-13,4512511.0
2010-07-14,4949711.0
2010-07-15,4144471.25
2010-07-16,3542232.75
2010-07-19,5982612.5
2010-07-20,8095822.0
2010-07-21,7373468.5
2010-07-22,6357660.5
2010-07-23,7042334.0
2010-07-26,5984890.5
2010-07-27,5596399.0
2010-07-28,8451685.0
2010-07-29,9227823.0
2010-07-30,6522448.5
2010-08-02,7356907.5
2010-08-03,8687057.0
2010-08-04,7567014.5
2010-08-05,7303845.5
2010-08-06,8214515.0
2010-08-09,8343198.0
2010-08-10,8428370.0
2010-08-11,5878630.5
2010-08-12,6582561.0
2010-08-13,6292374.5
2010-08-16,9142750.0
2010-08-17,8670054.0
2010-08-18,8083236.5
2010-08-19,9173459.0
2010-08-20,8229817.5
2010-08-23,5777277.5
2010-08-24,6503659.0
2010-08-25,6704822.5
2010-08-26,5186292.0
2010-08-27,4669934.5
2010-08-30,7734161.5
2010-08-31,7997635.0
2010-09-01,8793189.0
2010-09-02,8892314.0
2010-09-03,8772483.0
2010-09-06,11046611.0
2010-09-07,8548820.0
2010-09-08,9266088.0
2010-09-09,10324828.0
2010-09-10,8374316.0
2010-09-13,8753618.0
2010-09-14,8720442.0
2010-09-15,8644597.0
2010-09-16,8419838.0
2010-09-17,6246632.5
2010-09-20,5758298.5
2010-09-21,4474202.5
2010-09-27,6261153.5
2010-09-28,8085975.0
2010-09-29,7451602.0
2010-09-30,8070973.0
2010-10-08,13498664.0
2010-10-11,21260708.0
2010-10-12,17824522.0
2010-10-13,19544472.0
2010-10-14,22765446.0
2010-10-15,24561930.0
2010-10-18,26788436.0
2010-10-19,16548892.0
2010-10-20,23537206.0
2010-10-21,17538370.0
2010-10-22,16315363.0
2010-10-25,20880942.0
2010-10-26,20521646.0
2010-10-27,17707256.0
2010-10-28,14113589.0
2010-10-29,14552837.0
2010-11-01,18672576.0
2010-11-02,23397624.0
2010-11-03,17880332.0
2010-11-04,16472139.0
2010-11-05,19661804.0
2010-11-08,17406758.0
2010-11-09,17017488.0
2010-11-10,17652978.0
2010-11-11,20912152.0
2010-11-12,22420078.0
2010-11-15,14449295.0
2010-11-16,15427812.0
2010-11-17,11898123.0
2010-11-18,9447612.0
2010-11-19,11467298.0
2010-11-22,11430298.0
2010-11-23,10528146.0
2010-11-24,10768844.0
2010-11-25,11694830.0
2010-11-26,9622637.0
2010-11-29,8879908.0
2010-11-30,12057233.0
2010-12-01,6947257.5
2010-12-02,8976427.0
2010-12-03,7138734.0
2010-12-06,8004320.5
2010-12-07,8554829.0
2010-12-08,8705611.0
2010-12-09,8315904.0
2010-12-10,7806912.0
2010-12-13,13208836.0
2010-12-14,11492874.0
2010-12-15,10479318.0
2010-12-16,7926237.5
2010-12-17,6569726.0
2010-12-20,10752197.0
2010-12-21,11246168.0
2010-12-22,9830903.0
2010-12-23,8443048.0
2010-12-24,7298914.0
2010-12-27,9985547.0
2010-12-28,7484395.5
2010-12-29,6013477.5
2010-12-30,7028428.0
2010-12-31,9054590.0
2011-01-04,12915962.0
2011-01-05,11694322.0
2011-01-06,9156845.0
2011-01-07,11365125.0
2011-01-10,8799289.0
2011-01-11,7483244.5
2011-01-12,7155142.0
2011-01-13,6692578.5
2011-01-14,7101210.0
2011-01-17,8545412.0
2011-01-18,5465241.5
2011-01-19,7277222.5
2011-01-20,7644011.5
2011-01-21,8515779.0
2011-01-24,7580523.5
2011-01-25,5757282.0
2011-01-26,5174604.0
2011-01-27,9697603.0
2011-01-28,7824191.5
2011-01-31,8307031.0
2011-02-01,6583270.0
2011-02-09,7814835.5
2011-02-10,8696727.0
2011-02-11,9900150.0
2011-02-14,15582939.0
2011-02-15,14774723.0
2011-02-16,12554960.0
2011-02-17,12755967.0
2011-02-18,10474337.0
2011-02-21,10805588.0
2011-02-22,14758861.0
2011-02-23,9725143.0
2011-02-24,9490828.0
2011-02-25,8827590.0
2011-02-28,10924997.0
2011-03-01,12404076.0
2011-03-02,11359201.0
2011-03-03,13121780.0
2011-03-04,10740181.0
2011-03-07,17040678.0
2011-03-08,12630633.0
2011-03-09,11353409.0
2011-03-10,11795263.0
2011-03-11,10030608.0
2011-03-14,9413469.0
2011-03-15,12960331.0
2011-03-16,11182609.0
2011-03-17,11729573.0
2011-03-18,8684520.0
2011-03-21,8410574.0
2011-03-22,8000979.0
2011-03-23,9854042.0
2011-03-24,8805890.0
2011-03-25,12202136.0
2011-03-28,13903009.0
2011-03-29,13290807.0
2011-03-30,10327193.0
2011-03-31,8656537.0
2011-04-01,8671155.0
2011-04-06,14303009.0
2011-04-07,11267858.0
2011-04-08,10732931.0
2011-04-11,14197439.0
2011-04-12,12286356.0
2011-04-13,10830524.0
2011-04-14,10749123.0
2011-04-15,9893457.0
2011-04-18,10717823.0
2011-04-19,10436898.0
2011-04-20,9366714.0
2011-04-21,9673913.0
2011-04-22,8352833.5
2011-04-25,9845588.0
2011-04-26,7669685.5
2011-04-27,7511124.5
2011-04-28,7915583.0
2011-04-29,6345581.5
2011-05-03,6434898.5
2011-05-04,8356765.5
2011-05-05,6300937.5
2011-05-06,6974737.5
2011-05-09,5728741.5
2011-05-10,5493122.5
2011-05-11,5950772.0
2011-05-12,6170308.0
2011-05-13,5775720.5
2011-05-16,5423872.5
2011-05-17,6541794.5
2011-05-18,4975717.5
2011-05-19,5224968.0
2011-05-20,4896703.0
2011-05-23,6697643.0
2011-05-24,5297169.0
2011-05-25,4860440.0
2011-05-26,4834648.0
2011-05-27,5201999.5
2011-05-30,4296026.0
2011-05-31,5055338.5
2011-06-01,4906008.0
2011-06-02,6174834.5
2011-06-03,4927376.0
2011-06-07,4985913.5
2011-06-08,5112319.0
2011-06-09,5538128.0
2011-06-10,5094299.0
2011-06-13,4699128.0
2011-06-14,6615891.0
2011-06-15,5446770.5
2011-06-16,4706718.5
2011-06-17,5164715.5
2011-06-20,4541670.0
2011-06-21,5016067.5
2011-06-22,4326382.5
2011-06-23,5527689.0
2011-06-24,10497293.0
2011-06-27,7904415.0
2011-06-28,7033338.5
2011-06-29,6171762.5
2011-06-30,7389167.0
2011-07-01,7261464.0
2011-07-04,10267982.0
2011-07-05,8199983.0
2011-07-06,7655700.0
2011-07-07,9212055.0
2011-07-08,6515554.5
2011-07-11,6223725.0
2011-07-12,7122264.0
2011-07-13,6829483.0
2011-07-14,7994850.5
2011-07-15,7942485.0
2011-07-18,7822503.0
2011-07-19,6850606.5
2011-07-20,5693099.0
2011-07-21,5794264.0
2011-07-22,4961895.0
2011-07-25,7751363.0
2011-07-26,4956068.0
2011-07-27,5874622.0
2011-07-28,6067860.0
2011-07-29,5435823.5
2011-08-01,4120312.25
2011-08-02,4843529.5
2011-08-03,4959398.5
2011-08-04,4133565.75
2011-08-05,6024001.5
2011-08-08,8369479.0
2011-08-09,7965328.0
2011-08-10,6858054.0
2011-08-11,6922395.0
2011-08-12,6348764.5
2011-08-15,6110222.5
2011-08-16,5749663.0
2011-08-17,4189185.25
2011-08-18,4578442.5
2011-08-19,4844296.0
2011-08-22,4013654.0
2011-08-23,3644199.25
2011-08-24,4193978.0
2011-08-25,7574596.0
2011-08-26,5175943.0
2011-08-29,4989265.5
2011-08-30,4856579.0
2011-08-31,3762454.5
2011-09-01,3514373.0
2011-09-02,3196059.75
2011-09-05,3604031.0
2011-09-06,3374680.5
2011-09-07,3709666.0
2011-09-08,3120944.25
2011-09-09,3034813.0
2011-09-13,3003434.0
2011-09-14,3285841.75
2011-09-15,3250711.0
2011-09-16,2974391.25
2011-09-19,2973141.5
2011-09-20,2727434.75
2011-09-21,5914648.5
2011-09-22,4779333.0
2011-09-23,4593433.5
2011-09-26,4049502.25
2011-09-27,3730131.0
2011-09-28,3619591.75
2011-09-29,3770858.25
2011-09-30,3237667.75
2011-10-10,2814990.25
2011-10-11,4740989.5
2011-10-12,6282283.0
2011-10-13,5663104.0
2011-10-14,3732670.75
2011-10-17,3810161.75
2011-10-18,3945330.25
2011-10-19,3211496.75
2011-10-20,3940959.75
2011-10-21,2909070.75
2011-10-24,4405673.0
2011-10-25,5753346.0
2011-10-26,6953436.0
2011-10-27,4740322.0
2011-10-28,7290842.5
2011-10-31,5252250.0
2011-11-01,5606760.5
2011-11-02,6532747.5
2011-11-03,9050255.0
2011-11-04,6350087.0
2011-11-07,4776193.5
2011-11-08,4786491.5
2011-11-09,4848423.0
2011-11-10,5179395.0
2011-11-11,3872422.0
2011-11-14,5133349.0
2011-11-15,4698074.0
2011-11-16,5784420.0
2011-11-17,3776263.75
2011-11-18,4494947.5
2011-11-21,3117540.75
2011-11-22,3188673.5
2011-11-23,3095856.25
2011-11-24,3189472.75
2011-11-25,2750935.75
2011-11-28,2917954.0
2011-11-29,3496242.75
2011-11-30,4245420.5
2011-12-01,6614681.0
2011-12-02,3316842.0
2011-12-05,3274992.75
2011-12-06,2631094.0
2011-12-07,2343373.0
2011-12-08,2784368.5
2011-12-09,2547724.25
2011-12-12,2120044.25
2011-12-13,3326915.5
2011-12-14,2375360.75
2011-12-15,3390040.25
2011-12-16,3365205.75
2011-12-19,3371137.0
2011-12-20,2996766.0
2011-12-21,3091784.0
2011-12-22,3184545.5
2011-12-23,2991029.75
2011-12-26,2503305.25
2011-12-27,2677702.0
2011-12-28,2883927.5
2011-12-29,2686822.5
2011-12-30,3236265.0
2012-01-04,3257255.0
2012-01-05,3763527.25
2012-01-06,3107936.25
2012-01-09,5147812.5
2012-01-10,7524915.5
2012-01-11,5758722.0
2012-01-12,4787740.5
2012-01-13,4722834.0
2012-01-16,3441038.5
2012-01-17,6432413.5
2012-01-18,6705884.0
2012-01-19,5637765.5
2012-01-20,5747447.5
2012-01-30,4477088.5
2012-01-31,3269413.25
2012-02-01,3775232.0
2012-02-02,4412638.5
2012-02-03,5150754.5
2012-02-06,4754152.0
2012-02-07,4003427.5
2012-02-08,6172130.5
2012-02-09,6345620.5
2012-02-10,6002948.0
2012-02-13,5428262.0
2012-02-14,4372368.0
2012-02-15,6042239.5
2012-02-16,5516563.5
2012-02-17,4045800.25
2012-02-20,5674891.5
2012-02-21,4775822.5
2012-02-22,7642181.0
2012-02-23,7261208.5
2012-02-24,8805862.0
2012-02-27,10667021.0
2012-02-28,7721305.5
2012-02-29,6487522.0
2012-03-01,4652408.0
2012-03-02,6698159.5
2012-03-05,7497326.0
2012-03-06,6885255.5
2012-03-07,6324329.5
2012-03-08,6445885.0
2012-03-09,6596344.0
2012-03-12,7436770.5
2012-03-13,6642976.5
2012-03-14,11708041.0
2012-03-15,7704277.0
2012-03-16,6745182.0
2012-03-19,6880393.5
2012-03-20,6426381.5
2012-03-21,6667492.0
2012-03-22,5011550.5
2012-03-23,4781244.5
2012-03-26,3635613.25
2012-03-27,4739445.5
2012-03-28,5499364.0
2012-03-29,4865159.5
2012-03-30,3913973.25
2012-04-05,5804969.0
2012-04-06,4720779.5
2012-04-09,3818075.25
2012-04-10,4406483.5
2012-04-11,4362798.5
2012-04-12,5953695.0
2012-04-13,6189297.5
2012-04-16,4265075.5
2012-04-17,3832841.75
2012-04-18,5936100.5
2012-04-19,5551293.0
2012-04-20,6382991.0
2012-04-23,6207395.0
2012-04-24,7315051.5
2012-04-25,6352946.0
2012-04-26,6437748.5
2012-04-27,5334552.0
2012-05-02,9236609.0
2012-05-03,7233733.5
2012-05-04,7369955.0
2012-05-07,8271567.5
2012-05-08,7374450.0
2012-05-09,6948258.0
2012-05-10,5405695.0
2012-05-11,4939290.0
2012-05-14,6033129.5
2012-05-15,5137476.0
2012-05-16,4786354.0
2012-05-17,4920391.0
2012-05-18,4690751.0
2012-05-21,4430040.5
2012-05-22,4939241.5
2012-05-23,5256340.5
2012-05-24,5006444.0
2012-05-25,4142008.25
2012-05-28,5841234.5
2012-05-29,7868150.5
2012-05-30,5697627.5
2012-05-31,4987504.0
2012-06-01,5384340.5
2012-06-04,6061557.0
2012-06-05,4355330.5
2012-06-06,4131691.0
2012-06-07,4205300.0
2012-06-08,4763801.0
2012-06-11,4344966.0
2012-06-12,4025991.25
2012-06-13,5129127.0
2012-06-14,4633182.0
2012-06-15,4886830.5
2012-06-18,4085245.25
2012-06-19,3702004.0
2012-06-20,3357367.0
2012-06-21,3860795.75
2012-06-25,4250351.0
2012-06-26,3389651.25
2012-06-27,3143759.75
2012-06-28,3441879.5
2012-06-29,4097654.0
2012-07-02,4565147.5
2012-07-03,4500465.5
2012-07-04,3783766.0
2012-07-05,3594620.5
2012-07-06,5660178.0
2012-07-09,5460173.0
2012-07-10,3853902.75
2012-07-11,3985189.25
2012-07-12,6513753.5
2012-07-13,4201358.0
2012-07-16,4584488.0
2012-07-17,3828544.25
2012-07-18,4432549.0
2012-07-19,4770404.0
2012-07-20,3668362.5
2012-07-23,3317893.0
2012-07-24,3114910.5
2012-07-25,2573060.0
2012-07-26,3132639.5
2012-07-27,3304818.25
2012-07-30,2990797.25
2012-07-31,3119633.25
2012-08-01,3127776.5
2012-08-02,2975116.75
2012-08-03,3110694.75
2012-08-06,4368668.5
2012-08-07,4040371.0
2012-08-08,4134086.25
2012-08-09,4325610.0
2012-08-10,4069922.5
2012-08-13,4624967.5
2012-08-14,4240469.0
2012-08-15,3033255.5
2012-08-16,2707600.5
2012-08-17,2862996.75
2012-08-20,2717481.75
2012-08-21,3475787.0
2012-08-22,3154752.0
2012-08-23,3378960.5
2012-08-24,3298633.75
2012-08-27,3538415.5
2012-08-28,3033107.75
2012-08-29,2739618.5
2012-08-30,3386720.75
2012-08-31,2334089.0
2012-09-03,3529917.75
2012-09-04,3322020.5
2012-09-05,3044516.75
2012-09-06,2687331.5
2012-09-07,8430225.0
2012-09-10,6325204.0
2012-09-11,4338977.0
2012-09-12,4648517.5
2012-09-13,3802400.0
2012-09-14,5543861.5
2012-09-17,4375317.0
2012-09-18,3017149.75
2012-09-19,3260701.0
2012-09-20,3838585.75
2012-09-21,3404336.75
2012-09-24,3360876.25
2012-09-25,2667706.25
2012-09-26,2491891.75
2012-09-27,4821058.0
2012-09-28,5443146.5
2012-10-08,3391584.0
2012-10-09,4833019.5
2012-10-10,3787399.5
2012-10-11,3617296.5
2012-10-12,3320590.25
2012-10-15,2856902.25
2012-10-16,3270514.0
2012-10-17,3127090.0
2012-10-18,4505029.5
2012-10-19,3317303.0
2012-10-22,3281527.5
2012-10-23,3371687.75
2012-10-24,3039237.75
2012-10-25,3318353.0
2012-10-26,3453006.75
2012-10-29,2532865.0
2012-10-30,2951662.75
2012-10-31,3063436.0
2012-11-01,4560214.0
2012-11-02,3489387.75
2012-11-05,3366315.25
2012-11-06,3447338.25
2012-11-07,3027845.0
2012-11-08,3041186.5
2012-11-09,2437427.75
2012-11-12,2904082.25
2012-11-13,2881845.25
2012-11-14,2359232.25
2012-11-15,2377869.5
2012-11-16,2611824.75
2012-11-19,2673722.25
2012-11-20,2299919.5
2012-11-21,2712195.0
2012-11-22,2153615.25
2012-11-23,2630763.0
2012-11-26,2223150.0
2012-11-27,2614973.5
2012-11-28,2442332.25
2012-11-29,2401625.75
2012-11-30,2855206.75
2012-12-03,3417365.25
2012-12-04,3173233.75
2012-12-05,6910904.5
2012-12-06,4275857.0
2012-12-07,6499650.0
2012-12-10,6139977.5
2012-12-11,4508798.0
2012-12-12,3918253.75
2012-12-13,3666568.5
2012-12-14,9393474.0
2012-12-17,8500082.0
2012-12-18,7880284.0
2012-12-19,6114074.5
2012-12-20,6302869.0
2012-12-21,6688771.0
2012-12-24,5412154.0
2012-12-25,8987777.0
2012-12-26,6840624.5
2012-12-27,6932760.0
2012-12-28,6605329.0
2012-12-31,8114908.5
2013-01-04,9557924.0
2013-01-07,7316751.0
2013-01-08,7649806.0
2013-01-09,7423359.5
2013-01-10,7115904.5
2013-01-11,7277592.5
2013-01-14,9685348.0
2013-01-15,10135696.0
2013-01-16,9556500.0
2013-01-17,7171612.0
2013-01-18,7743516.5
2013-01-21,8535745.0
2013-01-22,10226116.0
2013-01-23,7275892.5
2013-01-24,10953768.0
2013-01-25,6068937.5
2013-01-28,9817327.0
2013-01-29,10882701.0
2013-01-30,10085665.0
2013-01-31,9447682.0
2013-02-01,11056094.0
2013-02-04,13611959.0
2013-02-05,11270117.0
2013-02-06,8898958.0
2013-02-07,9597859.0
2013-02-08,8290363.0
2013-02-18,8100136.5
2013-02-19,8246081.0
2013-02-20,7363636.5
2013-02-21,10361950.0
2013-02-22,6589910.0
2013-02-25,5561449.5
2013-02-26,8337395.5
2013-02-27,6461227.5
2013-02-28,9223537.0
2013-03-01,8034274.5
2013-03-04,11258504.0
2013-03-05,9235713.0
2013-03-06,9504889.0
2013-03-07,9649810.0
2013-03-08,6305459.5
2013-03-11,5246090.0
2013-03-12,7167512.5
2013-03-13,5600372.5
2013-03-14,4992977.5
2013-03-15,8274987.5
2013-03-18,6309355.5
2013-03-19,5560101.5
2013-03-20,9127102.0
2013-03-21,7164267.0
2013-03-22,5588214.0
2013-03-25,5800493.0
2013-03-26,6530657.0
2013-03-27,5865224.5
2013-03-28,8472590.0
2013-03-29,5205554.0
2013-04-01,4715982.0
2013-04-02,5563739.5
2013-04-03,4515672.0
2013-04-08,5524929.5
2013-04-09,5494703.5
2013-04-10,5196382.0
2013-04-11,4303995.0
2013-04-12,4042804.75
2013-04-15,4408484.0
2013-04-16,5378325.5
2013-04-17,4680083.0
2013-04-18,4627013.5
2013-04-19,7672367.5
2013-04-22,6302702.5
2013-04-23,6157616.0
2013-04-24,6218942.0
2013-04-25,5989128.5
2013-04-26,4635198.5
2013-05-02,4720045.0
2013-05-03,6326704.0
2013-05-06,6176795.0
2013-05-07,5924495.0
2013-05-08,6030915.0
2013-05-09,6443829.0
2013-05-10,5089669.0
2013-05-13,5515509.5
2013-05-14,5614457.0
2013-05-15,4757858.5
2013-05-16,7683043.5
2013-05-17,8359937.0
2013-05-20,9405941.0
2013-05-21,7583781.5
2013-05-22,7822413.0
2013-05-23,8135990.5
2013-05-24,6283123.5
2013-05-27,6670165.0
2013-05-28,8675674.0
2013-05-29,8195385.0
2013-05-30,7104506.5
2013-05-31,6590443.5
2013-06-03,6300870.5
2013-06-04,6313942.0
2013-06-05,4736705.5
2013-06-06,5444811.0
2013-06-07,6136617.5
2013-06-13,6408159.5
2013-06-14,5368678.0
2013-06-17,5198375.5
2013-06-18,4879209.0
2013-06-19,5297999.0
2013-06-20,5217173.5
2013-06-21,5348613.5
2013-06-24,7373193.0
2013-06-25,8709040.0
2013-06-26,6729843.0
2013-06-27,6292708.0
2013-06-28,6410605.0
2013-07-01,5187473.5
2013-07-02,5963290.0
2013-07-03,5953676.0
2013-07-04,6718938.0
2013-07-05,5842440.0
2013-07-08,4928825.5
2013-07-09,3724619.0
2013-07-10,5437375.5
2013-07-11,11132981.0
2013-07-12,8206455.5
2013-07-15,7179618.5
2013-07-16,6208563.0
2013-07-17,6322906.5
2013-07-18,5193723.5
2013-07-19,6617907.0
2013-07-22,4887295.0
2013-07-23,6925542.0
2013-07-24,6927982.5
2013-07-25,6055836.5
2013-07-26,4563607.0
2013-07-29,4962461.5
2013-07-30,5090722.5
2013-07-31,4672349.5
2013-08-01,5894476.5
2013-08-02,5846000.0
2013-08-05,5362306.5
2013-08-06,6899357.5
2013-08-07,6956048.5
2013-08-08,5271027.5
2013-08-09,6266398.0
2013-08-12,9403891.0
2013-08-13,7117852.0
2013-08-14,7133822.0
2013-08-15,5941120.0
2013-08-16,10402678.0
2013-08-19,6706492.5
2013-08-20,6758970.5
2013-08-21,5088649.5
2013-08-22,5168631.0
2013-08-23,6545984.5
2013-08-26,6654101.0
2013-08-27,6257538.0
2013-08-28,8096556.0
2013-08-29,5971988.0
2013-08-30,7669599.5
2013-09-02,7357586.5
2013-09-03,7266398.0
2013-09-04,6850901.0
2013-09-05,5960606.5
2013-09-06,6391689.0
2013-09-09,12729954.0
2013-09-10,13064813.0
2013-09-11,14283029.0
2013-09-12,12611553.0
2013-09-13,9827501.0
2013-09-16,9704384.0
2013-09-17,9311511.0
2013-09-18,6934132.5
2013-09-23,8092069.0
2013-09-24,9676984.0
2013-09-25,8911922.0
2013-09-26,8418392.0
2013-09-27,6638399.0
2013-09-30,6099014.0
2013-10-08,8422991.0
2013-10-09,7612834.0
2013-10-10,8946802.0
2013-10-11,9181155.0
2013-10-14,9910916.0
2013-10-15,8610082.0
2013-10-16,8315085.0
2013-10-17,6772289.0
2013-10-18,5913875.5
2013-10-21,8222314.5
2013-10-22,8341205.0
2013-10-23,8328678.0
2013-10-24,6042723.5
2013-10-25,7077809.5
2013-10-28,5660210.0
2013-10-29,9174156.0
2013-10-30,7573506.5
2013-10-31,7039388.0
2013-11-01,5782002.5
2013-11-04,4895946.5
2013-11-05,5693555.0
2013-11-06,5953687.0
2013-11-07,5094257.0
2013-11-08,4856500.0
2013-11-11,4256655.0
2013-11-12,4985476.5
2013-11-13,5318305.0
2013-11-14,5194508.0
2013-11-15,8314786.0
2013-11-18,10854951.0
2013-11-19,7988493.5
2013-11-20,6774143.0
2013-11-21,8222052.5
2013-11-22,7005221.0
2013-11-25,6381126.5
2013-11-26,5333420.5
2013-11-27,7074477.5
2013-11-28,8685244.0
2013-11-29,6190737.5
2013-12-02,11292184.0
2013-12-03,7204523.0
2013-12-04,9478393.0
2013-12-05,7299993.0
2013-12-06,6484320.5
2013-12-09,5763453.5
2013-12-10,6123673.0
2013-12-11,6280885.0
2013-12-12,4748144.5
2013-12-13,4758352.5
2013-12-16,6210789.5
2013-12-17,4630607.5
2013-12-18,3967527.0
2013-12-19,4514887.0
2013-12-20,6086213.0
2013-12-23,4441534.5
2013-12-24,4517319.0
2013-12-25,4120298.25
2013-12-26,4860301.5
2013-12-27,5119795.0
2013-12-30,4615644.5
2013-12-31,5702648.5
2014-01-02,4901221.0
2014-01-03,5773971.0
2014-01-06,5997936.0
2014-01-07,4256565.0
2014-01-08,5069149.0
2014-01-09,5439949.0
2014-01-10,4757231.0
2014-01-13,4612300.5
2014-01-14,4678510.0
2014-01-15,4575591.5
2014-01-16,4984278.0
2014-01-17,4626816.0
2014-01-20,3915722.75
2014-01-21,3859099.25
2014-01-22,6480335.5
2014-01-23,5572641.5
2014-01-24,5956344.5
2014-01-27,6350399.0
2014-01-28,4940875.5
2014-01-29,4878868.5
2014-01-30,4347596.0
2014-02-07,4959711.0
2014-02-10,8110324.0
2014-02-11,9268897.0
2014-02-12,7348737.5
2014-02-13,8735212.0
2014-02-14,6461332.5
2014-02-17,8687135.0
2014-02-18,8810727.0
2014-02-19,8834190.0
2014-02-20,9177159.0
2014-02-21,6990818.5
2014-02-24,7959915.0
2014-02-25,8830657.0
2014-02-26,6864058.0
2014-02-27,8158800.5
2014-02-28,7021680.0
2014-03-03,6940874.5
2014-03-04,6469144.0
2014-03-05,5566968.0
2014-03-06,6149502.5
2014-03-07,5869317.5
2014-03-10,6308641.0
2014-03-11,5307578.5
2014-03-12,6011524.0
2014-03-13,5916309.5
2014-03-14,4980524.5
2014-03-17,4757129.0
2014-03-18,5418844.0
2014-03-19,5528394.5
2014-03-20,5895160.0
2014-03-21,8356051.5
2014-03-24,8120391.5
2014-03-25,6754847.5
2014-03-26,5011602.0
2014-03-27,6217586.0
2014-03-28,6012334.0
2014-03-31,4810502.0
2014-04-01,4365906.5
2014-04-02,5677715.0
2014-04-03,5770886.0
2014-04-04,4391262.5
2014-04-08,8569289.0
2014-04-09,6117863.0
2014-04-10,10161681.0
2014-04-11,8615485.0
2014-04-14,6025415.0
2014-04-15,6259911.5
2014-04-16,4777022.0
2014-04-17,4509643.5
2014-04-18,4570961.5
2014-04-21,5185611.5
2014-04-22,5235199.0
2014-04-23,4519115.0
2014-04-24,4192701.25
2014-04-25,5209202.5
2014-04-28,4999881.0
2014-04-29,4155035.25
2014-04-30,3949302.25
2014-05-05,4147045.25
2014-05-06,4148645.0
2014-05-07,3775102.25
2014-05-08,4072977.25
2014-05-09,4024274.5
2014-05-12,6627551.0
2014-05-13,5024128.0
2014-05-14,3921412.5
2014-05-15,3893853.0
2014-05-16,3498758.5
2014-05-19,3713595.0
2014-05-20,3157633.75
2014-05-21,3224680.75
2014-05-22,3922755.25
2014-05-23,3242002.0
2014-05-26,3778848.25
2014-05-27,3237425.5
2014-05-28,4562762.0
2014-05-29,4107691.25
2014-05-30,3976919.75
2014-06-03,3790622.75
2014-06-04,3560702.25
2014-06-05,3305077.5
2014-06-06,3241559.75
2014-06-09,3532673.0
2014-06-10,4441614.0
2014-06-11,3731108.25
2014-06-12,3725204.25
2014-06-13,5176551.0
2014-06-16,5690430.0
2014-06-17,4624498.0
2014-06-18,4253809.5
2014-06-19,4602974.5
2014-06-20,3542571.5
2014-06-23,3711243.0
2014-06-24,3877850.75
2014-06-25,3380931.5
2014-06-26,4060183.75
2014-06-27,4552567.0
2014-06-30,5027757.5
2014-07-01,4993628.5
2014-07-02,5327365.5
2014-07-03,5602494.0
2014-07-04,4799003.5
2014-07-07,4766388.0
2014-07-08,4601726.5
2014-07-09,5898025.0
2014-07-10,5093166.5
2014-07-11,5155182.5
2014-07-14,6046709.0
2014-07-15,6430487.5
2014-07-16,6112605.5
2014-07-17,4635464.5
2014-07-18,5375892.0
2014-07-21,4773163.0
2014-07-22,6680611.5
2014-07-23,6917800.0
2014-07-24,9996437.0
2014-07-25,8199456.5
2014-07-28,14527742.0
2014-07-29,11217655.0
2014-07-30,10336231.0
2014-07-31,9313557.0
2014-08-01,10612519.0
2014-08-04,10130189.0
2014-08-05,9790697.0
2014-08-06,9668130.0
2014-08-07,9425446.0
2014-08-08,7260566.5
2014-08-11,8297390.0
2014-08-12,8297377.0
2014-08-13,9418527.0
2014-08-14,8425144.0
2014-08-15,8188821.5
2014-08-18,9014891.0
2014-08-19,10274276.0
2014-08-20,9137480.0
2014-08-21,9219206.0
2014-08-22,8564246.0
2014-08-25,8518250.0
2014-08-26,8313503.0
2014-08-27,6244867.5
2014-08-28,6619597.0
2014-08-29,5835997.0
2014-09-01,7336224.5
2014-09-02,10692579.0
2014-09-03,12362919.0
2014-09-04,10829470.0
2014-09-05,12334932.0
2014-09-09,10779521.0
2014-09-10,9747268.0
2014-09-11,12720339.0
2014-09-12,9662576.0
2014-09-15,11250769.0
2014-09-16,14725017.0
2014-09-17,9803947.0
2014-09-18,9210533.0
2014-09-19,8822104.0
2014-09-22,8895806.0
2014-09-23,7546368.0
2014-09-24,12038994.0
2014-09-25,11961263.0
2014-09-26,8775738.0
2014-09-29,11146378.0
2014-09-30,10190655.0
2014-10-08,11650011.0
2014-10-09,12075263.0
2014-10-10,12192498.0
2014-10-13,11278448.0
2014-10-14,10635665.0
2014-10-15,11483729.0
2014-10-16,12834053.0
2014-10-17,11268563.0
2014-10-20,8484360.0
2014-10-21,8662220.0
2014-10-22,8225174.5
2014-10-23,8604545.0
2014-10-24,6560122.5
2014-10-27,6595648.0
2014-10-28,9052991.0
2014-10-29,13454172.0
2014-10-30,13915736.0
2014-10-31,18160462.0
2014-11-03,15140684.0
2014-11-04,15529188.0
2014-11-05,14613089.0
2014-11-06,11883921.0
2014-11-07,17686868.0
2014-11-10,18761256.0
2014-11-11,26584050.0
2014-11-12,15784739.0
2014-11-13,19298544.0
2014-11-14,14540993.0
2014-11-17,14772465.0
2014-11-18,12424665.0
2014-11-19,11303173.0
2014-11-20,9814554.0
2014-11-21,14375081.0
2014-11-24,26497490.0
2014-11-25,20687922.0
2014-11-26,23933390.0
2014-11-27,26116488.0
2014-11-28,33025602.0
2014-12-01,33883308.0
2014-12-02,34118520.0
2014-12-03,46485748.0
2014-12-04,43387556.0
2014-12-05,55436292.0
2014-12-08,51577368.0
2014-12-09,70215008.0
2014-12-10,47730008.0
2014-12-11,39294484.0
2014-12-12,33781744.0
2014-12-15,32666802.0
2014-12-16,42566572.0
2014-12-17,52774892.0
2014-12-18,41626044.0
2014-12-19,43551688.0
2014-12-22,53702108.0
2014-12-23,37722776.0
2014-12-24,33947580.0
2014-12-25,33012894.0
2014-12-26,43883844.0
2014-12-29,50500452.0
2014-12-30,39460780.0
2014-12-31,40371092.0
2015-01-05,51984980.0
2015-01-06,49852960.0
2015-01-07,39873172.0
2015-01-08,35583196.0
2015-01-09,43021060.0
2015-01-12,33425712.0
2015-01-13,25079668.0
2015-01-14,24128584.0
2015-01-15,30344534.0
2015-01-16,35556872.0
2015-01-19,36601756.0
2015-01-20,38191788.0
2015-01-21,42543368.0
2015-01-22,34502604.0
2015-01-23,36183556.0
2015-01-26,30958570.0
2015-01-27,35754828.0
2015-01-28,27874916.0
2015-01-29,25189792.0
2015-01-30,23742078.0
2015-02-02,22483776.0
2015-02-03,24110002.0
2015-02-04,24403428.0
2015-02-05,31152368.0
2015-02-06,22143318.0
2015-02-09,22076652.0
2015-02-10,19912068.0
2015-02-11,18597922.0
2015-02-12,19128588.0
2015-02-13,24707616.0
2015-02-16,22279972.0
2015-02-17,21445728.0
2015-02-25,21173906.0
2015-02-26,27980906.0
2015-02-27,27186194.0
2015-03-02,32516490.0
2015-03-03,33570012.0
2015-03-04,25746880.0
2015-03-05,27903060.0
2015-03-06,23346824.0
2015-03-09,27786048.0
2015-03-10,24536662.0
2015-03-11,23577276.0
2015-03-12,32214126.0
2015-03-13,29729852.0
2015-03-16,35849760.0
2015-03-17,45500384.0
2015-03-18,48446556.0
2015-03-19,46321280.0
2015-03-20,54446836.0
2015-03-23,51976020.0
2015-03-24,59106684.0
2015-03-25,50173388.0
2015-03-26,46853848.0
2015-03-27,39313236.0
2015-03-30,54621108.0
2015-03-31,59812172.0
2015-04-01,46659688.0
2015-04-02,47661784.0
2015-04-03,46696560.0
2015-04-07,56464632.0
2015-04-08,65830808.0
2015-04-09,65041916.0
2015-04-10,50935428.0
2015-04-13,59851812.0
2015-04-14,60212748.0
2015-04-15,59682284.0
2015-04-16,56472288.0
2015-04-17,73395360.0
2015-04-20,93926488.0
2015-04-21,68536504.0
2015-04-22,76992480.0
2015-04-23,75225824.0
2015-04-24,72127312.0
2015-04-27,76591040.0
2015-04-28,86034984.0
2015-04-29,60167640.0
2015-04-30,61251140.0
2015-05-04,56545340.0
2015-05-05,66002020.0
2015-05-06,58603400.0
2015-05-07,42718996.0
2015-05-08,45209068.0
2015-05-11,58326044.0
2015-05-12,60712328.0
2015-05-13,59047980.0
2015-05-14,51321964.0
2015-05-15,50669504.0
2015-05-18,43408312.0
2015-05-19,52423216.0
2015-05-20,58995624.0
2015-05-21,50534608.0
2015-05-22,71912992.0
2015-05-25,75708584.0
2015-05-26,80229584.0
2015-05-27,77782632.0
2015-05-28,87320736.0
2015-05-29,63600812.0
2015-06-01,63784368.0
2015-06-02,65845284.0
2015-06-03,67205656.0
2015-06-04,73517064.0
2015-06-05,85522440.0
2015-06-08,94949800.0
2015-06-09,87143176.0
2015-06-10,71150928.0
2015-06-11,66058484.0
2015-06-12,69421312.0
2015-06-15,76623776.0
2015-06-16,65152252.0
2015-06-17,58986836.0
2015-06-18,55564676.0
2015-06-19,51960960.0
2015-06-23,53698412.0
2015-06-24,61537408.0
2015-06-25,64024640.0
2015-06-26,61295944.0
2015-06-29,70401448.0
2015-06-30,71604584.0
2015-07-01,62333060.0
2015-07-02,59350668.0
2015-07-03,53821684.0
2015-07-06,77955808.0
2015-07-07,79596264.0
2015-07-08,64012244.0
2015-07-09,56474404.0
2015-07-10,62907952.0
2015-07-13,65925172.0
2015-07-14,59752128.0
2015-07-15,51406456.0
2015-07-16,41005088.0
2015-07-17,43559712.0
2015-07-20,48349392.0
2015-07-21,43169584.0
2015-07-22,44183252.0
2015-07-23,48397220.0
2015-07-24,53590164.0
2015-07-27,47795200.0
2015-07-28,48265456.0
2015-07-29,37228788.0
2015-07-30,37635116.0
2015-07-31,29931254.0
2015-08-03,30963128.0
2015-08-04,28875650.0
2015-08-05,27269352.0
2015-08-06,19553236.0
2015-08-07,24654612.0
2015-08-10,40170204.0
2015-08-11,41699656.0
2015-08-12,33979936.0
2015-08-13,31988760.0
2015-08-14,34007684.0
2015-08-17,33683056.0
2015-08-18,42492420.0
2015-08-19,34092348.0
2015-08-20,27057670.0
2015-08-21,26749842.0
2015-08-24,27312422.0
2015-08-25,28116032.0
2015-08-26,31218824.0
2015-08-27,27877000.0
2015-08-28,31876346.0
2015-08-31,30661090.0
2015-09-01,35138784.0
2015-09-02,34898636.0
2015-09-07,22175678.0
2015-09-08,16829474.0
2015-09-09,25881578.0
2015-09-10,16810828.0
2015-09-11,13026241.0
2015-09-14,22616856.0
2015-09-15,14598921.0
2015-09-16,16826984.0
2015-09-17,19027018.0
2015-09-18,12175254.0
2015-09-21,14532302.0
2015-09-22,17249286.0
2015-09-23,13688598.0
2015-09-24,12082065.0
2015-09-25,13760217.0
2015-09-28,8800747.0
2015-09-29,9669151.0
2015-09-30,9588160.0
2015-10-08,16412061.0
2015-10-09,14473134.0
2015-10-12,26370648.0
2015-10-13,17497894.0
2015-10-14,17459926.0
2015-10-15,20188188.0
2015-10-16,25221150.0
2015-10-19,25489098.0
2015-10-20,22652558.0
2015-10-21,32688698.0
2015-10-22,22358360.0
2015-10-23,24705968.0
2015-10-26,27048976.0
2015-10-27,23904254.0
2015-10-28,21330302.0
2015-10-29,16105189.0
2015-10-30,18331716.0
2015-11-02,16745510.0
2015-11-03,13223150.0
2015-11-04,26695588.0
2015-11-05,49513816.0
2015-11-06,38977944.0
2015-11-09,46316172.0
2015-11-10,38091064.0
2015-11-11,30700834.0
2015-11-12,30244680.0
2015-11-13,28196114.0
2015-11-16,22748372.0
2015-11-17,36513860.0
2015-11-18,25413796.0
2015-11-19,20455762.0
2015-11-20,24229510.0
2015-11-23,23464098.0
2015-11-24,19249510.0
2015-11-25,21512504.0
2015-11-26,23979720.0
2015-11-27,26975816.0
2015-11-30,22009828.0
2015-12-01,17659882.0
2015-12-02,26093870.0
2015-12-03,23669900.0
2015-12-04,19645560.0
2015-12-07,16122007.0
2015-12-08,16331724.0
2015-12-09,15431999.0
2015-12-10,16862220.0
2015-12-11,14524863.0
2015-12-14,20329150.0
2015-12-15,18679546.0
2015-12-16,16011824.0
2015-12-17,24254382.0
2015-12-18,23228146.0
2015-12-21,28990528.0
2015-12-22,24379736.0
2015-12-23,29471078.0
2015-12-24,20368354.0
2015-12-25,16331452.0
2015-12-28,21002602.0
2015-12-29,14040505.0
2015-12-30,15574409.0
2015-12-31,14504370.0
2016-01-04,14596820.0
2016-01-05,19601708.0
2016-01-06,16094719.0
2016-01-07,4713079.5
2016-01-08,20349886.0
2016-01-11,18446404.0
2016-01-12,14204890.0
2016-01-13,13088608.0
2016-01-14,14477158.0
2016-01-15,13188274.0
2016-01-18,10945828.0
2016-01-19,14290769.0
2016-01-20,14331334.0
2016-01-21,12185620.0
2016-01-22,9688567.0
2016-01-25,8577789.0
2016-01-26,12725065.0
2016-01-27,12699767.0
2016-01-28,9566387.0
2016-01-29,10946236.0
2016-02-01,8293145.0
2016-02-02,8874023.0
2016-02-03,7481709.5
2016-02-04,9155034.0
2016-02-05,7744322.0
2016-02-15,7128504.5
2016-02-16,11230049.0
2016-02-17,12227934.0
2016-02-18,12261861.0
2016-02-19,9084935.0
2016-02-22,14168408.0
2016-02-23,11747647.0
2016-02-24,11291861.0
2016-02-25,15349301.0
2016-02-26,10253157.0
2016-02-29,11844083.0
2016-03-01,11049104.0
2016-03-02,16402516.0
2016-03-03,16550909.0
2016-03-04,20552048.0
2016-03-07,12779034.0
2016-03-08,12875849.0
2016-03-09,10629865.0
2016-03-10,7818046.5
2016-03-11,7436729.5
2016-03-14,12353910.0
2016-03-15,10130285.0
2016-03-16,12612886.0
2016-03-17,13660371.0
2016-03-18,21001782.0
2016-03-21,25683664.0
2016-03-22,19421198.0
2016-03-23,15556708.0
2016-03-24,16243604.0
2016-03-25,11519560.0
2016-03-28,12384404.0
2016-03-29,11384428.0
2016-03-30,14072177.0
2016-03-31,14726762.0
2016-04-01,12705010.0
2016-04-05,15929654.0
2016-04-06,13720627.0
2016-04-07,12827306.0
2016-04-08,11392071.0
2016-04-11,14275949.0
2016-04-12,9908656.0
2016-04-13,20015960.0
2016-04-14,11798944.0
2016-04-15,10796398.0
2016-04-18,10395615.0
2016-04-19,9097624.0
2016-04-20,17232470.0
2016-04-21,11032438.0
2016-04-22,8244292.0
2016-04-25,7473484.5
2016-04-26,6887155.5
2016-04-27,7062040.5
2016-04-28,7887677.0
2016-04-29,7080771.0
2016-05-03,11573386.0
2016-05-04,9779714.0
2016-05-05,8394650.0
2016-05-06,11926521.0
2016-05-09,10040921.0
2016-05-10,7065076.5
2016-05-11,8732341.0
2016-05-12,8141879.0
2016-05-13,6585099.5
2016-05-16,6440520.0
2016-05-17,7538938.5
2016-05-18,8845885.0
2016-05-19,6867906.0
2016-05-20,6512425.0
2016-05-23,7033751.0
2016-05-24,6110601.5
2016-05-25,6331656.0
2016-05-26,6598518.5
2016-05-27,5937178.0
2016-05-30,6349656.5
2016-05-31,15139817.0
2016-06-01,13170082.0
2016-06-02,9709362.0
2016-06-03,13633203.0
2016-06-06,10117623.0
2016-06-07,8871162.0
2016-06-08,9768279.0
2016-06-13,11409132.0
2016-06-14,7862230.0
2016-06-15,10617018.0
2016-06-16,9349624.0
2016-06-17,9795339.0
2016-06-20,7464780.5
2016-06-21,10723364.0
2016-06-22,8134871.5
2016-06-23,8173255.0
2016-06-24,11896744.0
2016-06-27,10406608.0
2016-06-28,11719779.0
2016-06-29,11795886.0
2016-06-30,10062791.0
2016-07-01,9121503.0
2016-07-04,14989477.0
2016-07-05,14389910.0
2016-07-06,14723247.0
2016-07-07,14048884.0
2016-07-08,11106347.0
2016-07-11,15528816.0
2016-07-12,19085374.0
2016-07-13,19659230.0
2016-07-14,12809042.0
2016-07-15,12517981.0
2016-07-18,12978571.0
2016-07-19,10710891.0
2016-07-20,9136745.0
2016-07-21,10746407.0
2016-07-22,10741689.0
2016-07-25,9201585.0
2016-07-26,10374577.0
2016-07-27,18692836.0
2016-07-28,13729590.0
2016-07-29,10378703.0
2016-08-01,9881864.0
2016-08-02,7064076.5
2016-08-03,7975432.0
2016-08-04,8691959.0
2016-08-05,9442954.0
2016-08-08,10263812.0
2016-08-09,10592405.0
2016-08-10,10615745.0
2016-08-11,11699616.0
2016-08-12,12935469.0
2016-08-15,25889746.0
2016-08-16,22678524.0
2016-08-17,16791754.0
2016-08-18,17225652.0
2016-08-19,13538270.0
2016-08-22,12820179.0
2016-08-23,10850370.0
2016-08-24,9401283.0
2016-08-25,11257814.0
2016-08-26,9321320.0
2016-08-29,8801164.0
2016-08-30,8951302.0
2016-08-31,9921504.0
2016-09-01,10091146.0
2016-09-02,9939638.0
2016-09-05,8753109.0
2016-09-06,11836654.0
2016-09-07,11511991.0
2016-09-08,8374234.5
2016-09-09,9547119.0
2016-09-12,13445663.0
2016-09-13,7686264.5
2016-09-14,7978075.0
2016-09-19,6767803.0
2016-09-20,6162615.0
2016-09-21,6895774.0
2016-09-22,8999176.0
2016-09-23,6804626.0
2016-09-26,7870084.0
2016-09-27,6665113.0
2016-09-28,5199640.5
2016-09-29,6222030.0
2016-09-30,5265573.5
2016-10-10,8960799.0
2016-10-11,8821342.0
2016-10-12,7238691.0
2016-10-13,7992375.0
2016-10-14,8148559.5
2016-10-17,8819942.0
2016-10-18,10462505.0
2016-10-19,9635444.0
2016-10-20,8248109.5
2016-10-21,10711493.0
2016-10-24,15006301.0
2016-10-25,11057651.0
2016-10-26,10471932.0
2016-10-27,8524101.0
2016-10-28,10479797.0
2016-10-31,8070182.5
2016-11-01,8471768.0
2016-11-02,10034899.0
2016-11-03,13738647.0
2016-11-04,11081377.0
2016-11-07,9437087.0
2016-11-08,10513826.0
2016-11-09,14518691.0
2016-11-10,13327740.0
2016-11-11,19064728.0
2016-11-14,20835332.0
2016-11-15,13520677.0
2016-11-16,12894460.0
2016-11-17,12157688.0
2016-11-18,11734561.0
2016-11-21,14754259.0
2016-11-22,16725067.0
2016-11-23,17124710.0
2016-11-24,16507145.0
2016-11-25,16683218.0
2016-11-28,21985976.0
2016-11-29,24832282.0
2016-11-30,19068124.0
2016-12-01,19963774.0
2016-12-02,20374216.0
2016-12-05,19017506.0
2016-12-06,12572775.0
2016-12-07,11528219.0
2016-12-08,11918851.0
2016-12-09,15267486.0
2016-12-12,19916354.0
2016-12-13,12445419.0
2016-12-14,12618267.0
2016-12-15,12150782.0
2016-12-16,9811221.0
2016-12-19,8609569.0
2016-12-20,8852735.0
2016-12-21,10620549.0
2016-12-22,9256488.0
2016-12-23,9957547.0
2016-12-26,9549322.0
2016-12-27,7961713.0
2016-12-28,7175984.0
2016-12-29,7597296.0
2016-12-30,7692137.5
2017-01-03,8761277.0
2017-01-04,9801436.0
2017-01-05,9118934.0
2017-01-06,9107226.0
2017-01-09,8791612.0
2017-01-10,8253396.5
2017-01-11,8675045.0
2017-01-12,7503189.0
2017-01-13,8455610.0
2017-01-16,15326252.0
2017-01-17,7475450.5
2017-01-18,7568068.0
2017-01-19,6386971.0
2017-01-20,7083132.5
2017-01-23,7649266.0
2017-01-24,6604965.0
2017-01-25,6248339.5
2017-01-26,6648882.0
2017-02-03,5711385.5
2017-02-06,7340813.5
2017-02-07,6975818.0
2017-02-08,8286974.0
2017-02-09,10213423.0
2017-02-10,12190858.0
2017-02-13,12533300.0
2017-02-14,9853717.0
2017-02-15,12465318.0
2017-02-16,10180977.0
2017-02-17,11803313.0
2017-02-20,13468150.0
2017-02-21,12067543.0
2017-02-22,10923242.0
2017-02-23,10655592.0
2017-02-24,9987517.0
2017-02-27,10683087.0
2017-02-28,8197931.0
2017-03-01,10931778.0
2017-03-02,9787619.0
2017-03-03,9000962.0
2017-03-06,9517855.0
2017-03-07,9448382.0
2017-03-08,8912490.0
2017-03-09,9009005.0
2017-03-10,8216171.5
2017-03-13,10848914.0
2017-03-14,9531757.0
2017-03-15,9405626.0
2017-03-16,12469558.0
2017-03-17,12236892.0
2017-03-20,10376941.0
2017-03-21,11352820.0
2017-03-22,12386564.0
2017-03-23,11581381.0
2017-03-24,14175253.0
2017-03-27,12438802.0
2017-03-28,9749594.0
2017-03-29,11466346.0
2017-03-30,12208802.0
2017-03-31,10098491.0
2017-04-05,16074298.0
2017-04-06,14522165.0
2017-04-07,14455967.0
2017-04-10,15574783.0
2017-04-11,18945726.0
2017-04-12,20215458.0
2017-04-13,13334593.0
2017-04-14,13042539.0
2017-04-17,12388437.0
2017-04-18,12679085.0
2017-04-19,12705036.0
2017-04-20,13397726.0
2017-04-21,11520883.0
2017-04-24,12277816.0
2017-04-25,10759936.0
2017-04-26,13131658.0
2017-04-27,13461094.0
2017-04-28,11376101.0
2017-05-02,10163586.0
2017-05-03,9785412.0
2017-05-04,10698596.0
2017-05-05,11746494.0
2017-05-08,12688543.0
2017-05-09,8552883.0
2017-05-10,10219498.0
2017-05-11,11157638.0
2017-05-12,9752212.0
2017-05-15,9218333.0
2017-05-16,11281410.0
2017-05-17,11055345.0
2017-05-18,8809116.0
2017-05-19,7839708.0
2017-05-22,9902112.0
2017-05-23,12676786.0
2017-05-24,9262005.0
2017-05-25,13663402.0
2017-05-26,11258591.0
2017-05-31,11596873.0
2017-06-01,11608877.0
2017-06-02,9285075.0
2017-06-05,8560946.0
2017-06-06,7786879.5
2017-06-07,12418929.0
2017-06-08,11203562.0
2017-06-09,12170059.0
2017-06-12,11769080.0
2017-06-13,9422308.0
2017-06-14,10610532.0
2017-06-15,10605390.0
2017-06-16,9146229.0
2017-06-19,9857236.0
2017-06-20,9818759.0
2017-06-21,11714780.0
2017-06-22,16941880.0
2017-06-23,13397511.0
2017-06-26,17073684.0
2017-06-27,12305723.0
2017-06-28,12446595.0
2017-06-29,11184727.0
2017-06-30,10245998.0
2017-07-03,11521469.0
2017-07-04,12535042.0
2017-07-05,12035156.0
2017-07-06,13283713.0
2017-07-07,12346539.0
2017-07-10,14103462.0
2017-07-11,14508437.0
2017-07-12,14349459.0
2017-07-13,14638868.0
2017-07-14,12102145.0
2017-07-17,19621726.0
2017-07-18,14147228.0
2017-07-19,19839244.0
2017-07-20,16926716.0
2017-07-21,14143264.0
2017-07-24,15470187.0
2017-07-25,13353166.0
2017-07-26,14651800.0
2017-07-27,16163122.0
2017-07-28,12581786.0
2017-07-31,16089013.0
2017-08-01,17312758.0
2017-08-02,18933678.0
2017-08-03,16471047.0
2017-08-04,16829266.0
2017-08-07,13434854.0
2017-08-08,14648187.0
2017-08-09,13722360.0
2017-08-10,14800518.0
2017-08-11,16108347.0
2017-08-14,14023390.0
2017-08-15,12479063.0
2017-08-16,12728217.0
2017-08-17,13702001.0
2017-08-18,12307816.0
2017-08-21,12391172.0
2017-08-22,13113108.0
2017-08-23,12408115.0
2017-08-24,10773602.0
2017-08-25,15069708.0
2017-08-28,23644628.0
2017-08-29,15897869.0
2017-08-30,16623513.0
2017-08-31,15707921.0
2017-09-01,18277044.0
2017-09-04,17555108.0
2017-09-05,14577975.0
2017-09-06,15588331.0
2017-09-07,15611340.0
2017-09-08,13495859.0
2017-09-11,15479390.0
2017-09-12,18760532.0
2017-09-13,12625436.0
2017-09-14,14311163.0
2017-09-15,15347722.0
2017-09-18,15284103.0
2017-09-19,14552846.0
2017-09-20,13504188.0
2017-09-21,14413290.0
2017-09-22,12836090.0
2017-09-25,13598024.0
2017-09-26,10103634.0
2017-09-27,10929949.0
2017-09-28,11564634.0
2017-09-29,11605678.0
2017-10-09,17194146.0
2017-10-10,15797974.0
2017-10-11,14415274.0
2017-10-12,12314725.0
2017-10-13,11431485.0
2017-10-16,15082376.0
2017-10-17,10670845.0
2017-10-18,12642038.0
2017-10-19,13318985.0
2017-10-20,9452963.0
2017-10-23,10028091.0
2017-10-24,12019215.0
2017-10-25,10682031.0
2017-10-26,17048862.0
2017-10-27,15297484.0
2017-10-30,19348984.0
2017-10-31,14289720.0
2017-11-01,16647714.0
2017-11-02,15198136.0
2017-11-03,15814205.0
2017-11-06,15891186.0
2017-11-07,19399096.0
2017-11-08,20094974.0
2017-11-09,15924720.0
2017-11-10,19886982.0
2017-11-13,20593080.0
2017-11-14,19960502.0
2017-11-15,17775308.0
2017-11-16,17290388.0
2017-11-17,25307930.0
2017-11-20,19158962.0
2017-11-21,25330220.0
2017-11-22,25429836.0
2017-11-23,23753670.0
2017-11-24,18291218.0
2017-11-27,18300454.0
2017-11-28,13553965.0
2017-11-29,16574335.0
2017-11-30,14582995.0
2017-12-01,13601092.0
2017-12-04,13822306.0
2017-12-05,19633766.0
2017-12-06,14411496.0
2017-12-07,11965121.0
2017-12-08,12437123.0
2017-12-11,14847659.0
2017-12-12,12351518.0
2017-12-13,11500638.0
2017-12-14,11508694.0
2017-12-15,11847415.0
2017-12-18,11172435.0
2017-12-19,11599820.0
2017-12-20,12681288.0
2017-12-21,13781952.0
2017-12-22,10442650.0
2017-12-25,12993884.0
2017-12-26,11972510.0
2017-12-27,14051690.0
2017-12-28,15363670.0
2017-12-29,12125704.0
2018-01-02,17840204.0
2018-01-03,20572690.0
2018-01-04,17452356.0
2018-01-05,18520630.0
2018-01-08,22640388.0
2018-01-09,18197508.0
2018-01-10,19485026.0
2018-01-11,17040732.0
2018-01-12,15760622.0
2018-01-15,23498658.0
2018-01-16,22827122.0
2018-01-17,28455436.0
2018-01-18,22528968.0
2018-01-19,25855472.0
2018-01-22,23396022.0
2018-01-23,25711336.0
2018-01-24,28447080.0
2018-01-25,25030808.0
2018-01-26,22333130.0
2018-01-29,25617632.0
2018-01-30,18665056.0
2018-01-31,19440180.0
2018-02-01,23923030.0
2018-02-02,19116988.0
2018-02-05,21736014.0
2018-02-06,27941510.0
2018-02-07,26150702.0
2018-02-08,19906176.0
2018-02-09,24677482.0
2018-02-12,14985804.0
2018-02-13,14447935.0
2018-02-14,9311020.0
2018-02-22,13833436.0
2018-02-23,12819584.0
2018-02-26,17901310.0
2018-02-27,16968490.0
2018-02-28,15249392.0
2018-03-01,14600346.0
2018-03-02,13093118.0
2018-03-05,11819786.0
2018-03-06,17137066.0
2018-03-07,13657231.0
2018-03-08,12363464.0
2018-03-09,15002413.0
2018-03-12,19036760.0
2018-03-13,14117416.0
2018-03-14,13153796.0
2018-03-15,12688246.0
2018-03-16,12212534.0
2018-03-19,11818381.0
2018-03-20,11198023.0
2018-03-21,13933040.0
2018-03-22,12766434.0
2018-03-23,21890504.0
2018-03-26,15660453.0
2018-03-27,16229155.0
2018-03-28,15584895.0
2018-03-29,16499678.0
2018-03-30,13795928.0
2018-04-02,15935608.0
2018-04-03,13204994.0
2018-04-04,13159307.0
2018-04-09,11816727.0
2018-04-10,13794130.0
2018-04-11,13998929.0
2018-04-12,10807557.0
2018-04-13,9892182.0
2018-04-16,13156687.0
2018-04-17,12651876.0
2018-04-18,14307767.0
2018-04-19,12752012.0
2018-04-20,12355066.0
2018-04-23,11176303.0
2018-04-24,14570052.0
2018-04-25,10575045.0
2018-04-26,12577231.0
2018-04-27,14211362.0
2018-05-02,12008348.0
2018-05-03,12274017.0
2018-05-04,9831526.0
2018-05-07,12635480.0
2018-05-08,13544586.0
2018-05-09,9232290.0
2018-05-10,10325514.0
2018-05-11,10771546.0
2018-05-14,12252005.0
2018-05-15,10609191.0
2018-05-16,10653393.0
2018-05-17,8710417.0
2018-05-18,9682385.0
2018-05-21,12052872.0
2018-05-22,10288334.0
2018-05-23,11068450.0
2018-05-24,9340822.0
2018-05-25,9566754.0
2018-05-28,10000164.0
2018-05-29,11728858.0
2018-05-30,11585897.0
2018-05-31,13054542.0
2018-06-01,10593486.0
2018-06-04,11514647.0
2018-06-05,12126147.0
2018-06-06,10714205.0
2018-06-07,11236571.0
2018-06-08,10781880.0
2018-06-11,10559793.0
2018-06-12,11621714.0
2018-06-13,9718550.0
2018-06-14,9923401.0
2018-06-15,10953490.0
2018-06-19,19384880.0
2018-06-20,11280481.0
2018-06-21,11558415.0
2018-06-22,8968729.0
2018-06-25,10669035.0
2018-06-26,10813216.0
2018-06-27,10762890.0
2018-06-28,9857053.0
2018-06-29,9761636.0
2018-07-02,10760154.0
2018-07-03,12989802.0
2018-07-04,9364856.0
2018-07-05,9754462.0
2018-07-06,10948194.0
2018-07-09,10091886.0
2018-07-10,9012744.0
2018-07-11,8966151.0
2018-07-12,11780551.0
2018-07-13,9980019.0
2018-07-16,9075429.0
2018-07-17,8572056.0
2018-07-18,8855687.0
2018-07-19,8880491.0
2018-07-20,12219695.0
2018-07-23,14396093.0
2018-07-24,17744896.0
2018-07-25,11217669.0
2018-07-26,10557728.0
2018-07-27,8119217.5
2018-07-30,9618310.0
2018-07-31,8002215.0
2018-08-01,10747721.0
2018-08-02,12240128.0
2018-08-03,9139599.0
2018-08-06,9751799.0
2018-08-07,10751223.0
2018-08-08,9095891.0
2018-08-09,10880232.0
2018-08-10,8563452.0
2018-08-13,9086929.0
2018-08-14,7212199.0
2018-08-15,8340219.5
2018-08-16,8926917.0
2018-08-17,8445245.0
2018-08-20,8896338.0
2018-08-21,9792584.0
2018-08-22,6654853.5
2018-08-23,8021278.5
2018-08-24,7719784.5
2018-08-27,11496097.0
2018-08-28,9494595.0
2018-08-29,7907229.5
2018-08-30,8022605.0
2018-08-31,9609189.0
2018-09-03,8130568.0
2018-09-04,8589204.0
2018-09-05,8065668.0
2018-09-06,7937314.0
2018-09-07,8126344.5
2018-09-10,7617558.0
2018-09-11,6772211.5
2018-09-12,6888702.0
2018-09-13,8588796.0
2018-09-14,7648121.0
2018-09-17,6065094.0
2018-09-18,8389914.0
2018-09-19,10939543.0
2018-09-20,7666084.0
2018-09-21,12357312.0
2018-09-25,8287002.5
2018-09-26,11911332.0
2018-09-27,8757330.0
2018-09-28,9488028.0
2018-10-08,11416422.0
2018-10-09,7837294.0
2018-10-10,7916681.0
2018-10-11,12572308.0
2018-10-12,10442308.0
2018-10-15,7713770.0
2018-10-16,7520647.0
2018-10-17,8613270.0
2018-10-18,7970373.0
2018-10-19,11095137.0
2018-10-22,17065130.0
2018-10-23,14258918.0
2018-10-24,12095439.0
2018-10-25,11329175.0
2018-10-26,10607037.0
2018-10-29,10847949.0
2018-10-30,13176710.0
2018-10-31,11709970.0
2018-11-01,14591931.0
2018-11-02,17834064.0
2018-11-05,12363092.0
2018-11-06,9170389.0
2018-11-07,10181492.0
2018-11-08,8522166.0
2018-11-09,8819420.0
2018-11-12,9736305.0
2018-11-13,12560305.0
2018-11-14,10538657.0
2018-11-15,10011919.0
2018-11-16,13537980.0
2018-11-19,12318878.0
2018-11-20,11415507.0
2018-11-21,8781328.0
2018-11-22,7008337.0
2018-11-23,8686495.0
2018-11-26,6189948.0
2018-11-27,6194626.0
2018-11-28,7762055.0
2018-11-29,8692761.0
2018-11-30,7729769.5
2018-12-03,14582841.0
2018-12-04,9054360.0
2018-12-05,9090909.0
2018-12-06,9567888.0
2018-12-07,6632397.0
2018-12-10,7371720.5
2018-12-11,6001497.0
2018-12-12,6053622.0
2018-12-13,10337548.0
2018-12-14,9157690.0
2018-12-17,7715149.5
2018-12-18,7203545.0
2018-12-19,6787292.5
2018-12-20,7818142.5
2018-12-21,8482406.0
2018-12-24,6388074.0
2018-12-25,8041356.5
2018-12-26,5857497.0
2018-12-27,8115926.5
2018-12-28,7814530.5
2019-01-02,7610557.0
2019-01-03,7666480.0
2019-01-04,10714104.0
2019-01-07,10570394.0
2019-01-08,7962888.5
2019-01-09,11712968.0
2019-01-10,9020687.0
2019-01-11,7742024.0
2019-01-14,6811597.0
2019-01-15,9997689.0
2019-01-16,8578159.0
2019-01-17,8288820.5
2019-01-18,10678066.0
2019-01-21,10553699.0
2019-01-22,7815087.5
2019-01-23,6266965.0
2019-01-24,8096388.0
2019-01-25,9320795.0
2019-01-28,9737150.0
2019-01-29,8594391.0
2019-01-30,7300512.0
2019-01-31,9750992.0
2019-02-01,9476642.0
2019-02-11,11475236.0
2019-02-12,12283410.0
2019-02-13,16886626.0
2019-02-14,13864929.0
2019-02-15,14155506.0
2019-02-18,18044974.0
2019-02-19,18576274.0
2019-02-20,14557027.0
2019-02-21,18519716.0
2019-02-22,20286930.0
2019-02-25,37638240.0
2019-02-26,38763284.0
2019-02-27,30730614.0
2019-02-28,20601096.0
2019-03-01,23562064.0
2019-03-04,37639728.0
2019-03-05,26146412.0
2019-03-06,33115560.0
2019-03-07,35933916.0
2019-03-08,34929668.0
2019-03-11,26871846.0
2019-03-12,32518062.0
2019-03-13,28617104.0
2019-03-14,23182014.0
2019-03-15,22419436.0
2019-03-18,27647344.0
2019-03-19,22409690.0
2019-03-20,21540700.0
2019-03-21,23199344.0
2019-03-22,19851840.0
2019-03-25,22339656.0
2019-03-26,19654780.0
2019-03-27,17750754.0
2019-03-28,17260440.0
2019-03-29,28302230.0
2019-04-01,34079940.0
2019-04-02,28189206.0
2019-04-03,28482650.0
2019-04-04,31353942.0
2019-04-08,32467046.0
2019-04-09,24318790.0
2019-04-10,27828202.0
2019-04-11,23625916.0
2019-04-12,17879594.0
2019-04-15,23629872.0
2019-04-16,25056922.0
2019-04-17,22882444.0
2019-04-18,18781270.0
2019-04-19,19470168.0
2019-04-22,24438054.0
2019-04-23,20412150.0
2019-04-24,18649796.0
2019-04-25,19753100.0
2019-04-26,18657214.0
2019-04-29,20394656.0
2019-04-30,16166593.0
2019-05-06,25411540.0
2019-05-07,18365916.0
2019-05-08,14505848.0
2019-05-09,14182910.0
2019-05-10,19506716.0
2019-05-13,13505393.0
2019-05-14,13526287.0
2019-05-15,15253455.0
2019-05-16,13985194.0
2019-05-17,15409236.0
2019-05-20,13419427.0
2019-05-21,13307138.0
2019-05-22,12177524.0
2019-05-23,12561197.0
2019-05-24,10133750.0
2019-05-27,13339905.0
2019-05-28,14896634.0
2019-05-29,12000204.0
2019-05-30,11286408.0
2019-05-31,10826420.0
2019-06-03,12390244.0
2019-06-04,10946724.0
2019-06-05,11463423.0
2019-06-06,10436727.0
2019-06-10,11734661.0
2019-06-11,18089906.0
2019-06-12,13229610.0
2019-06-13,11045990.0
2019-06-14,11658426.0
2019-06-17,9309258.0
2019-06-18,8947284.0
2019-06-19,17257418.0
2019-06-20,22772698.0
2019-06-21,19996162.0
2019-06-24,14364474.0
2019-06-25,16935878.0
2019-06-26,11210686.0
2019-06-27,15648342.0
2019-06-28,11651205.0
2019-07-01,21747026.0
2019-07-02,17399704.0
2019-07-03,16314573.0
2019-07-04,14266925.0
2019-07-05,11623653.0
2019-07-08,14719843.0
2019-07-09,11314760.0
2019-07-10,10135548.0
2019-07-11,11367462.0
2019-07-12,10700793.0
2019-07-15,14249304.0
2019-07-16,10844969.0
2019-07-17,11676678.0
2019-07-18,11166936.0
2019-07-19,11779753.0
2019-07-22,11781045.0
2019-07-23,10386661.0
2019-07-24,12994059.0
2019-07-25,12589951.0
2019-07-26,11092973.0
2019-07-29,11167911.0
2019-07-30,12048028.0
2019-07-31,11108390.0
2019-08-01,11764916.0
2019-08-02,14187479.0
2019-08-05,13306110.0
2019-08-06,16726748.0
2019-08-07,10866767.0
2019-08-08,11498162.0
2019-08-09,11635569.0
2019-08-12,12112935.0
2019-08-13,10376432.0
2019-08-14,12830167.0
2019-08-15,11924108.0
2019-08-16,13269691.0
2019-08-19,19544894.0
2019-08-20,14911534.0
2019-08-21,12168851.0
2019-08-22,12070814.0
2019-08-23,13780215.0
2019-08-26,14235099.0
2019-08-27,18174878.0
2019-08-28,13766728.0
2019-08-29,12647567.0
2019-08-30,15240867.0
2019-09-02,16499447.0
2019-09-03,14627063.0
2019-09-04,17683974.0
2019-09-05,24468122.0
2019-09-06,18171826.0
2019-09-09,20954538.0
2019-09-10,18449434.0
2019-09-11,19016500.0
2019-09-12,15675066.0
2019-09-16,15473656.0
2019-09-17,15489930.0
2019-09-18,13015956.0
2019-09-19,12742179.0
2019-09-20,15316260.0
2019-09-23,13922350.0
2019-09-24,14234141.0
2019-09-25,13322446.0
2019-09-26,15080676.0
2019-09-27,10913048.0
2019-09-30,10048727.0
2019-10-08,11836568.0
2019-10-09,11240621.0
2019-10-10,12747404.0
2019-10-11,13981730.0
2019-10-14,16785712.0
2019-10-15,12511710.0
2019-10-16,12855853.0
2019-10-17,9999185.0
2019-10-18,12218692.0
2019-10-21,11085823.0
2019-10-22,10284337.0
2019-10-23,9973360.0
2019-10-24,10509695.0
2019-10-25,12667748.0
2019-10-28,15076221.0
2019-10-29,13961142.0
2019-10-30,12261050.0
2019-10-31,13501243.0
2019-11-01,15147106.0
2019-11-04,15448536.0
2019-11-05,16331786.0
2019-11-06,13985977.0
2019-11-07,11775155.0
2019-11-08,13902668.0
2019-11-11,13033008.0
2019-11-12,10882824.0
2019-11-13,11205715.0
2019-11-14,11979157.0
2019-11-15,11542302.0
2019-11-18,10708582.0
2019-11-19,12322717.0
2019-11-20,11800306.0
2019-11-21,10414777.0
2019-11-22,14698116.0
2019-11-25,14085107.0
2019-11-26,14021363.0
2019-11-27,10723883.0
2019-11-28,8708179.0
2019-11-29,11620055.0
2019-12-02,10999259.0
2019-12-03,10870371.0
2019-12-04,10964634.0
2019-12-05,12935759.0
2019-12-06,11642478.0
2019-12-09,13087310.0
2019-12-10,12111841.0
2019-12-11,12769040.0
2019-12-12,11787431.0
2019-12-13,20101888.0
2019-12-16,20215490.0
2019-12-17,25163786.0
2019-12-18,19762020.0
2019-12-19,15255382.0
2019-12-20,15846023.0
2019-12-23,16204826.0
2019-12-24,12249916.0
2019-12-25,13189647.0
2019-12-26,14081497.0
2019-12-27,19509042.0
2019-12-30,21681466.0
2019-12-31,17311934.0
2020-01-02,27010552.0
2020-01-03,21521630.0
2020-01-06,25018208.0
2020-01-07,19638906.0
2020-01-08,21240628.0
2020-01-09,20015036.0
2020-01-10,17782742.0
2020-01-13,19979550.0
2020-01-14,19622126.0
2020-01-15,16308193.0
2020-01-16,15624251.0
2020-01-17,16659159.0
2020-01-20,20269228.0
2020-01-21,20458688.0
2020-01-22,20813614.0
2020-01-23,25040936.0
2020-02-03,24330310.0
2020-02-04,29816576.0
2020-02-05,26404292.0
2020-02-06,26282008.0
2020-02-07,23750882.0
2020-02-10,22962544.0
2020-02-11,21930712.0
2020-02-12,20077672.0
2020-02-13,22860596.0
2020-02-14,22289508.0
2020-02-17,27306782.0
2020-02-18,24255252.0
2020-02-19,25755454.0
2020-02-20,31083558.0
2020-02-21,32656398.0
2020-02-24,32638780.0
2020-02-25,37221372.0
2020-02-26,36602244.0
2020-02-27,28205020.0
2020-02-28,33035892.0
2020-03-02,31742620.0
2020-03-03,33080260.0
2020-03-04,28178488.0
2020-03-05,36283880.0
2020-03-06,25316864.0
2020-03-09,30542872.0
2020-03-10,29618444.0
2020-03-11,24499086.0
2020-03-12,23315286.0
2020-03-13,28021346.0
2020-03-16,28283624.0
2020-03-17,25082404.0
2020-03-18,24412716.0
2020-03-19,27182746.0
2020-03-20,21122306.0
2020-03-23,19766962.0
2020-03-24,20855384.0
2020-03-25,23156152.0
2020-03-26,16933630.0
2020-03-27,18610344.0
2020-03-30,18064080.0
2020-03-31,16159551.0
2020-04-01,17042256.0
2020-04-02,16889326.0
2020-04-03,15013282.0
2020-04-07,20764282.0
2020-04-08,16157678.0
2020-04-09,15459531.0
2020-04-10,16225123.0
2020-04-13,11987431.0
2020-04-14,17061258.0
2020-04-15,16970022.0
2020-04-16,14716430.0
2020-04-17,20359526.0
2020-04-20,15192410.0
2020-04-21,15507746.0
2020-04-22,13554728.0
2020-04-23,14212255.0
2020-04-24,13896121.0
2020-04-27,14530116.0
2020-04-28,18417976.0
2020-04-29,15128211.0
2020-04-30,20226830.0
2020-05-06,21493596.0
2020-05-07,16720780.0
2020-05-08,19029958.0
2020-05-11,19375810.0
2020-05-12,15746577.0
2020-05-13,14556339.0
2020-05-14,14349918.0
2020-05-15,15330150.0
2020-05-18,18852812.0
2020-05-19,15988623.0
2020-05-20,15710254.0
2020-05-21,14915414.0
2020-05-22,15728650.0
2020-05-25,12701191.0
2020-05-26,12544562.0
2020-05-27,12373750.0
2020-05-28,13910840.0
2020-05-29,13565814.0
2020-06-01,20843652.0
2020-06-02,19556330.0
2020-06-03,20088276.0
2020-06-04,14905786.0
2020-06-05,15431134.0
2020-06-08,19304752.0
2020-06-09,16653397.0
2020-06-10,16677863.0
2020-06-11,19707944.0
2020-06-12,19350406.0
2020-06-15,21112534.0
2020-06-16,18510402.0
2020-06-17,17697752.0
2020-06-18,21019292.0
2020-06-19,25554980.0
2020-06-22,25920052.0
2020-06-23,23480650.0
2020-06-24,22455144.0
2020-06-29,22652206.0
2020-06-30,22793570.0
2020-07-01,30571180.0
2020-07-02,39957152.0
2020-07-03,44233504.0
2020-07-06,59743824.0
2020-07-07,63525472.0
2020-07-08,53284980.0
2020-07-09,55671876.0
2020-07-10,51047208.0
2020-07-13,54110508.0
2020-07-14,51121104.0
2020-07-15,48674836.0
2020-07-16,51123796.0
2020-07-17,37297388.0
2020-07-20,41671424.0
2020-07-21,35606980.0
2020-07-22,38647088.0
2020-07-23,40517528.0
2020-07-24,43772672.0
2020-07-27,30189338.0
2020-07-28,29283578.0
2020-07-29,35043264.0
2020-07-30,32400924.0
2020-07-31,35111932.0
2020-08-03,40191484.0
2020-08-04,42641136.0
2020-08-05,34740784.0
2020-08-06,40432340.0
2020-08-07,39704120.0
2020-08-10,37129756.0
2020-08-11,35082860.0
2020-08-12,34729868.0
2020-08-13,25094588.0
2020-08-14,25434394.0
2020-08-17,41646916.0
2020-08-18,31439592.0
2020-08-19,31940330.0
2020-08-20,26048656.0
2020-08-21,25177516.0
2020-08-24,27242868.0
2020-08-25,26230880.0
2020-08-26,27745636.0
2020-08-27,22363150.0
2020-08-28,30504790.0
2020-08-31,35700508.0
2020-09-01,26201808.0
2020-09-02,28077860.0
2020-09-03,27941198.0
2020-09-04,23846334.0
2020-09-07,28231640.0
2020-09-08,24919814.0
2020-09-09,24490520.0
2020-09-10,22614636.0
2020-09-11,19824092.0
2020-09-14,21165342.0
2020-09-15,19457368.0
2020-09-16,19612018.0
2020-09-17,21414664.0
2020-09-18,28188594.0
2020-09-21,22413792.0
2020-09-22,20290922.0
2020-09-23,19039346.0
2020-09-24,19351588.0
2020-09-25,16745737.0
2020-09-28,15931467.0
2020-09-29,15993789.0
2020-09-30,16553222.0
2020-10-09,22992674.0
2020-10-12,30784854.0
2020-10-13,24217256.0
2020-10-14,22983622.0
2020-10-15,21387830.0
2020-10-16,20417514.0
2020-10-19,22539220.0
2020-10-20,18584920.0
2020-10-21,18997868.0
2020-10-22,19461496.0
2020-10-23,20098582.0
2020-10-26,20551900.0
2020-10-27,18667554.0
2020-10-28,22675426.0
2020-10-29,25230350.0
2020-10-30,28078332.0
2020-11-02,27902768.0
2020-11-03,25239056.0
2020-11-04,23051378.0
2020-11-05,28195192.0
2020-11-06,30536510.0
2020-11-09,37192328.0
2020-11-10,33427144.0
2020-11-11,30385854.0
2020-11-12,22764592.0
2020-11-13,25535312.0
2020-11-16,26670502.0
2020-11-17,28891140.0
2020-11-18,29072724.0
2020-11-19,24772712.0
2020-11-20,22905368.0
2020-11-23,33363382.0
2020-11-24,26480446.0
2020-11-25,27707064.0
2020-11-26,23974816.0
2020-11-27,25317898.0
2020-11-30,39649584.0
2020-12-01,32845100.0
2020-12-02,31060974.0
2020-12-03,27533522.0
2020-12-04,25779882.0
2020-12-07,26465778.0
2020-12-08,23488064.0
2020-12-09,26077278.0
2020-12-10,22965128.0
2020-12-11,27521274.0
2020-12-14,24787828.0
2020-12-15,24809340.0
2020-12-16,22969602.0
2020-12-17,27018036.0
2020-12-18,25893856.0
2020-12-21,29820430.0
2020-12-22,32675882.0
2020-12-23,30872906.0
2020-12-24,24667448.0
2020-12-25,24399226.0
2020-12-28,28101926.0
2020-12-29,27903524.0
2020-12-30,29657782.0
2020-12-31,35873140.0
2021-01-04,45279620.0
2021-01-05,49804196.0
2021-01-06,44443440.0
2021-01-07,47338536.0
2021-01-08,47356764.0
2021-01-11,52229848.0
2021-01-12,48623376.0
2021-01-13,54695972.0
2021-01-14,50189012.0
2021-01-15,47570992.0
2021-01-18,42271720.0
2021-01-19,43320520.0
2021-01-20,37377040.0
2021-01-21,45318368.0
2021-01-22,45662216.0
2021-01-25,50816700.0
2021-01-26,41500808.0
2021-01-27,37689264.0
2021-01-28,37616652.0
2021-01-29,39028768.0
2021-02-01,34685908.0
2021-02-02,38001672.0
2021-02-03,40434360.0
2021-02-04,39799520.0
2021-02-05,39540012.0
2021-02-08,36758276.0
2021-02-09,37876912.0
2021-02-10,41705644.0
2021-02-18,50748124.0
2021-02-19,45643380.0
2021-02-22,54363316.0
2021-02-23,42490444.0
2021-02-24,47236920.0
2021-02-25,41220616.0
2021-02-26,40571772.0
2021-03-01,35814652.0
2021-03-02,37644460.0
2021-03-03,33761032.0
2021-03-04,38438248.0
2021-03-05,35253976.0
2021-03-08,40713380.0
2021-03-09,41441524.0
2021-03-10,30957742.0
2021-03-11,33385920.0
2021-03-12,32323774.0
2021-03-15,33074050.0
2021-03-16,27175506.0
2021-03-17,26349242.0
2021-03-18,26093004.0
2021-03-19,28297448.0
2021-03-22,26420910.0
2021-03-23,25575538.0
2021-03-24,26597002.0
2021-03-25,21978206.0
2021-03-26,27390192.0
2021-03-29,26617660.0
2021-03-30,25492802.0
2021-03-31,24105848.0
2021-04-01,21149332.0
2021-04-02,24806038.0
2021-04-06,21385244.0
2021-04-07,24627120.0
2021-04-08,22842200.0
2021-04-09,22151980.0
2021-04-12,26721820.0
2021-04-13,22575324.0
2021-04-14,22103628.0
2021-04-15,21382088.0
2021-04-16,21338918.0
2021-04-19,30789976.0
2021-04-20,27664060.0
2021-04-21,24257500.0
2021-04-22,24148884.0
2021-04-23,26434520.0
2021-04-26,32576038.0
2021-04-27,25473800.0
2021-04-28,27218252.0
2021-04-29,29411246.0
2021-04-30,31507510.0
2021-05-06,32325826.0
2021-05-07,30463840.0
2021-05-10,28265680.0
2021-05-11,27093162.0
2021-05-12,22834400.0
2021-05-13,23782142.0
2021-05-14,31880278.0
2021-05-17,33543992.0
2021-05-18,23818226.0
2021-05-19,25073628.0
2021-05-20,27708846.0
2021-05-21,26805362.0
2021-05-24,27851312.0
2021-05-25,40468328.0
2021-05-26,34644468.0
2021-05-27,31189372.0
2021-05-28,33071190.0
2021-05-31,32145080.0
2021-06-01,32184586.0
2021-06-02,29617618.0
2021-06-03,28544864.0
2021-06-04,29232604.0
2021-06-07,28046324.0
2021-06-08,30404222.0
2021-06-09,25507546.0
2021-06-10,30145432.0
2021-06-11,36536348.0
2021-06-15,33061660.0
2021-06-16,29828678.0
2021-06-17,28192728.0
2021-06-18,35669708.0
2021-06-21,33152712.0
2021-06-22,31369036.0
2021-06-23,35876564.0
2021-06-24,31260740.0
2021-06-25,36826564.0
2021-06-28,33745276.0
2021-06-29,31489684.0
2021-06-30,28101552.0
2021-07-01,32409740.0
2021-07-02,34257896.0
2021-07-05,33519780.0
2021-07-06,36282888.0
2021-07-07,33673140.0
2021-07-08,39787988.0
2021-07-09,35284560.0
2021-07-12,43720316.0
2021-07-13,36132848.0
2021-07-14,37256808.0
2021-07-15,37248408.0
2021-07-16,36259428.0
2021-07-19,34032260.0
2021-07-20,28354314.0
2021-07-21,39027552.0
2021-07-22,41822164.0
2021-07-23,43552116.0
2021-07-26,49515364.0
2021-07-27,52114612.0
2021-07-28,41970616.0
2021-07-29,41567612.0
2021-07-30,42094392.0
2021-08-02,52465944.0
2021-08-03,47119416.0
2021-08-04,42580140.0
2021-08-05,39877220.0
2021-08-06,37177360.0
2021-08-09,40889708.0
2021-08-10,41009876.0
2021-08-11,37338636.0
2021-08-12,36182840.0
2021-08-13,35245908.0
2021-08-16,34073512.0
2021-08-17,38845712.0
2021-08-18,39579216.0
2021-08-19,39742496.0
2021-08-20,40493804.0
2021-08-23,38959912.0
2021-08-24,41748144.0
2021-08-25,37186820.0
2021-08-26,36898772.0
2021-08-27,36842140.0
2021-08-30,47718208.0
2021-08-31,46080568.0
2021-09-01,56881976.0
2021-09-02,46595416.0
2021-09-03,46643012.0
2021-09-06,45275628.0
2021-09-07,41775964.0
2021-09-08,42859108.0
2021-09-09,40167568.0
2021-09-10,47276256.0
2021-09-13,43332964.0
2021-09-14,41724584.0
2021-09-15,36325664.0
2021-09-16,39351728.0
2021-09-17,36039740.0
2021-09-22,31195300.0
2021-09-23,36214092.0
2021-09-24,36184944.0
2021-09-27,42608304.0
2021-09-28,32127218.0
2021-09-29,33184176.0
2021-09-30,28325468.0
2021-10-08,34363584.0
2021-10-11,31518632.0
2021-10-12,29942426.0
2021-10-13,28004466.0
2021-10-14,24915166.0
2021-10-15,30072848.0
2021-10-18,30253944.0
2021-10-19,28292826.0
2021-10-20,27974772.0
2021-10-21,27480296.0
2021-10-22,28925260.0
2021-10-25,29940822.0
2021-10-26,30178624.0
2021-10-27,29946046.0
2021-10-28,31663172.0
2021-10-29,36873196.0
2021-11-01,37973076.0
2021-11-02,38573188.0
2021-11-03,30226992.0
2021-11-04,30868806.0
2021-11-05,31207084.0
2021-11-08,29589382.0
2021-11-09,26164506.0
2021-11-10,30105898.0
2021-11-11,32362464.0
2021-11-12,27177324.0
2021-11-15,27299774.0
2021-11-16,28409460.0
2021-11-17,24617792.0
2021-11-18,24448472.0
2021-11-19,26628068.0
2021-11-22,31614880.0
2021-11-23,30102216.0
2021-11-24,28970732.0
2021-11-25,25545098.0
2021-11-26,24304134.0
2021-11-29,28599524.0
2021-11-30,27926822.0
2021-12-01,25596892.0
2021-12-02,27805172.0
2021-12-03,30005270.0
2021-12-06,33340578.0
2021-12-07,34061776.0
2021-12-08,32906484.0
2021-12-09,42568096.0
2021-12-10,35691764.0
2021-12-13,42637652.0
2021-12-14,31868554.0
2021-12-15,29107258.0
2021-12-16,29147476.0
2021-12-17,29794330.0
2021-12-20,31753692.0
2021-12-21,25902318.0
2021-12-22,24464244.0
2021-12-23,26335976.0
2021-12-24,29048366.0
2021-12-27,25442154.0
2021-12-28,27631672.0
2021-12-29,27322546.0
2021-12-30,26802248.0
2021-12-31,26697540.0
2022-01-04,33651696.0
2022-01-05,36394456.0
2022-01-06,32175008.0
2022-01-07,33221896.0
2022-01-10,30503380.0
2022-01-11,28644576.0
2022-01-12,29315304.0
2022-01-13,28879912.0
2022-01-14,28182846.0
2022-01-17,26378824.0
2022-01-18,28274940.0
2022-01-19,27553454.0
2022-01-20,30434426.0
2022-01-21,27469916.0
2022-01-24,24626160.0
2022-01-25,25055578.0
2022-01-26,22655344.0
2022-01-27,25053566.0
2022-01-28,26396790.0
2022-02-07,26603180.0
2022-02-08,28136488.0
2022-02-09,27377196.0
2022-02-10,28722440.0
2022-02-11,30793800.0
2022-02-14,27573754.0
2022-02-15,24997702.0
2022-02-16,21019092.0
2022-02-17,22794626.0
2022-02-18,19582570.0
2022-02-21,21503918.0
2022-02-22,24687296.0
2022-02-23,25905014.0
2022-02-24,34234668.0
2022-02-25,27172760.0
2022-02-28,24836372.0
2022-03-01,26043118.0
2022-03-02,21529966.0
2022-03-03,24270178.0
2022-03-04,24997028.0
2022-03-07,30689854.0
2022-03-08,31517672.0
2022-03-09,34100940.0
2022-03-10,30163620.0
2022-03-11,29500882.0
2022-03-14,26069166.0
2022-03-15,34698892.0
2022-03-16,37888360.0
2022-03-17,38503920.0
2022-03-18,27579128.0
2022-03-21,25121454.0
2022-03-22,22621352.0
2022-03-23,22639078.0
2022-03-24,21959442.0
2022-03-25,21701320.0
2022-03-28,21346898.0
2022-03-29,19946384.0
2022-03-30,26886918.0
2022-03-31,23887722.0
2022-04-01,24475888.0
2022-04-06,25369094.0
2022-04-07,21699618.0
2022-04-08,22908176.0
2022-04-11,26522492.0
2022-04-12,25283042.0
2022-04-13,22128102.0
2022-04-14,24599382.0
2022-04-15,22622974.0
2022-04-18,21285532.0
2022-04-19,20857058.0
2022-04-20,21653662.0
2022-04-21,22702668.0
2022-04-22,20637176.0
2022-04-25,27288926.0
2022-04-26,25962636.0
2022-04-27,29692412.0
2022-04-28,26850224.0
2022-04-29,32141488.0
2022-05-05,29053822.0
2022-05-06,21482518.0
2022-05-09,17175650.0
2022-05-10,23906020.0
2022-05-11,30929492.0
2022-05-12,20202916.0
2022-05-13,19572704.0
2022-05-16,19971792.0
2022-05-17,21011754.0
2022-05-18,20180066.0
2022-05-19,21020668.0
2022-05-20,26560908.0
2022-05-23,22598154.0
2022-05-24,24771304.0
2022-05-25,18870054.0
2022-05-26,21698702.0
2022-05-27,20694442.0
2022-05-30,21114472.0
2022-05-31,26777008.0
2022-06-01,22541624.0
2022-06-02,22265754.0
2022-06-06,32407562.0
2022-06-07,28573372.0
2022-06-08,31948026.0
2022-06-09,28517280.0
2022-06-10,32409144.0
2022-06-13,33658564.0
2022-06-14,33541856.0
2022-06-15,45976684.0
2022-06-16,33723592.0
2022-06-17,34667576.0
2022-06-20,35956928.0
2022-06-21,31716330.0
2022-06-22,29865626.0
2022-06-23,32714476.0
2022-06-24,35605476.0
2022-06-27,38143296.0
2022-06-28,36168596.0
2022-06-29,39592612.0
2022-06-30,35434388.0
2022-07-01,31849212.0
2022-07-04,35696852.0
2022-07-05,36189184.0
2022-07-06,34467268.0
2022-07-07,32813314.0
2022-07-08,30403110.0
2022-07-11,29919524.0
2022-07-12,29107232.0
2022-07-13,28607556.0
2022-07-14,30156986.0
2022-07-15,31679320.0
2022-07-18,28105514.0
2022-07-19,23111774.0
2022-07-20,21230188.0
2022-07-21,23922814.0
2022-07-22,22429534.0
2022-07-25,18813642.0
2022-07-26,19760142.0
2022-07-27,19424530.0
2022-07-28,24387148.0
2022-07-29,25319858.0
2022-08-01,25112530.0
2022-08-02,28101356.0
2022-08-03,26869584.0
2022-08-04,21689868.0
2022-08-05,24732590.0
2022-08-08,22408080.0
2022-08-09,21422370.0
2022-08-10,21744736.0
2022-08-11,26963100.0
2022-08-12,21920806.0
2022-08-15,24553980.0
2022-08-16,23381858.0
2022-08-17,25204432.0
2022-08-18,23311548.0
2022-08-19,26249412.0
2022-08-22,25974716.0
2022-08-23,23910132.0
2022-08-24,26284430.0
2022-08-25,24214958.0
2022-08-26,22551920.0
2022-08-29,20308612.0
2022-08-30,19264900.0
2022-08-31,29297466.0
2022-09-01,21089850.0
2022-09-02,18446832.0
2022-09-05,20111870.0
2022-09-06,23592184.0
2022-09-07,21514716.0
2022-09-08,18688904.0
2022-09-09,22144254.0
2022-09-13,21852106.0
2022-09-14,18548496.0
2022-09-15,25436750.0
2022-09-16,24125184.0
2022-09-19,18357444.0
2022-09-20,17924816.0
2022-09-21,16893908.0
2022-09-22,16113410.0
2022-09-23,17290480.0
2022-09-26,19290620.0
2022-09-27,18595526.0
2022-09-28,17243804.0
2022-09-29,17163594.0
2022-09-30,15869275.0
2022-10-10,19463590.0
2022-10-11,16680039.0
2022-10-12,21093136.0
2022-10-13,19836888.0
2022-10-14,25655128.0
2022-10-17,22048888.0
2022-10-18,18655630.0
2022-10-19,18673642.0
2022-10-20,20378162.0
2022-10-21,18068636.0
2022-10-24,25945074.0
2022-10-25,21930276.0
2022-10-26,24245380.0
2022-10-27,25747332.0
2022-10-28,24581646.0
2022-10-31,25657482.0
2022-11-01,29508994.0
2022-11-02,29164824.0
2022-11-03,21537930.0
2022-11-04,31114546.0
2022-11-07,25119570.0
2022-11-08,19335132.0
2022-11-09,17202952.0
2022-11-10,18315532.0
2022-11-11,34447132.0
2022-11-14,31553686.0
2022-11-15,29626814.0
2022-11-16,23584458.0
2022-11-17,21954082.0
2022-11-18,22427614.0
2022-11-21,18823036.0
2022-11-22,20349084.0
2022-11-23,20107060.0
2022-11-24,16069893.0
2022-11-25,19171104.0
2022-11-28,19630556.0
2022-11-29,28906232.0
2022-11-30,25005146.0
2022-12-01,30667820.0
2022-12-02,20125316.0
2022-12-05,29661552.0
2022-12-06,27558344.0
2022-12-07,25549084.0
2022-12-08,19803768.0
2022-12-09,26816680.0
2022-12-12,22760630.0
2022-12-13,18402070.0
2022-12-14,19617510.0
2022-12-15,18199488.0
2022-12-16,16748844.0
2022-12-19,18080138.0
2022-12-20,16404644.0
2022-12-21,12345004.0
2022-12-22,16397030.0
2022-12-23,13055942.0
2022-12-26,14869283.0
2022-12-27,15203220.0
2022-12-28,16067112.0
2022-12-29,14901137.0
2022-12-30,14829506.0
2023-01-03,20754016.0
2023-01-04,19899770.0
2023-01-05,25631260.0
2023-01-06,23574432.0
2023-01-09,23321242.0
2023-01-10,21487116.0
2023-01-11,20300026.0
2023-01-12,18368626.0
2023-01-13,21217400.0
2023-01-16,31900776.0
2023-01-17,20438156.0
2023-01-18,17212618.0
2023-01-19,19269960.0
2023-01-20,22234244.0
2023-01-30,33019334.0
2023-01-31,24936532.0
2023-02-01,26555396.0
2023-02-02,26249744.0
2023-02-03,22691476.0
2023-02-06,22634510.0
2023-02-07,18353736.0
2023-02-08,17059174.0
2023-02-09,21172260.0
2023-02-10,19534832.0
2023-02-13,25199018.0
2023-02-14,20491544.0
2023-02-15,21985554.0
2023-02-16,28131564.0
2023-02-17,22573776.0
2023-02-20,28012294.0
2023-02-21,24967420.0
2023-02-22,19158616.0
2023-02-23,19719358.0
2023-02-24,19121048.0
2023-02-27,18795950.0
2023-02-28,19879972.0
2023-03-01,25537478.0
2023-03-02,23595376.0
2023-03-03,22691454.0
2023-03-06,28307986.0
2023-03-07,27249198.0
2023-03-08,19165966.0
2023-03-09,20173800.0
2023-03-10,21828694.0
2023-03-13,24286552.0
2023-03-14,26722484.0
2023-03-15,23210110.0
2023-03-16,24626428.0
2023-03-17,30554102.0
2023-03-20,31976004.0
2023-03-21,25163200.0
2023-03-22,26518098.0
2023-03-23,29647952.0
2023-03-24,29578560.0
2023-03-27,31547470.0
2023-03-28,24873692.0
2023-03-29,26386692.0
2023-03-30,28000472.0
2023-03-31,27986368.0
2023-04-03,38289556.0
2023-04-04,39444316.0
2023-04-06,32898184.0
2023-04-07,28656776.0
2023-04-10,34082256.0
2023-04-11,32419296.0
2023-04-12,32542524.0
2023-04-13,30029104.0
2023-04-14,30620150.0
2023-04-17,34183128.0
2023-04-18,33154568.0
2023-04-19,31221950.0
2023-04-20,33217240.0
2023-04-21,34785200.0
2023-04-24,32837560.0
2023-04-25,33111062.0
2023-04-26,32206282.0
2023-04-27,30480400.0
2023-04-28,32893630.0
2023-05-04,34549252.0
2023-05-05,30769450.0
2023-05-08,35953996.0
2023-05-09,39642212.0
2023-05-10,30948484.0
2023-05-11,24105208.0
2023-05-12,22899292.0
2023-05-15,27953116.0
2023-05-16,23484066.0
2023-05-17,20519568.0
2023-05-18,22913418.0
2023-05-19,20709494.0
2023-05-22,20218556.0
2023-05-23,18995582.0
2023-05-24,21176842.0
2023-05-25,21331362.0
2023-05-26,19153780.0
2023-05-29,23009560.0
2023-05-30,24456626.0
2023-05-31,23560614.0
2023-06-01,24182954.0
2023-06-02,23269654.0
2023-06-05,21114436.0
2023-06-06,22209172.0
2023-06-07,18987980.0
2023-06-08,19911930.0
2023-06-09,24729608.0
2023-06-12,24079128.0
2023-06-13,22543522.0
2023-06-14,24393258.0
2023-06-15,28263590.0
2023-06-16,28037478.0
2023-06-19,26821308.0
2023-06-20,26627408.0
2023-06-21,24363070.0
2023-06-26,24771384.0
2023-06-27,21009772.0
2023-06-28,20618796.0
2023-06-29,20411004.0
2023-06-30,20814626.0
2023-07-03,25687652.0
2023-07-04,21633562.0
2023-07-05,18840028.0
2023-07-06,18474242.0
2023-07-07,17391856.0
2023-07-10,18536080.0
2023-07-11,17758570.0
2023-07-12,21404652.0
2023-07-13,23527872.0
2023-07-14,22023046.0
2023-07-17,17462356.0
2023-07-18,16710432.0
2023-07-19,15131148.0
2023-07-20,17432088.0
2023-07-21,15714420.0
2023-07-24,15144837.0
2023-07-25,29985358.0
2023-07-26,19291260.0
2023-07-27,19684542.0
2023-07-28,31009246.0
2023-07-31,36654412.0
2023-08-01,25562078.0
2023-08-02,20487570.0
2023-08-03,22480982.0
2023-08-04,31652974.0
2023-08-07,22709058.0
2023-08-08,20261134.0
2023-08-09,17439424.0
2023-08-10,17564674.0
2023-08-11,20354632.0
2023-08-14,19762376.0
2023-08-15,17743706.0
2023-08-16,16932388.0
2023-08-17,17409384.0
2023-08-18,16844568.0
2023-08-21,17337994.0
2023-08-22,20346388.0
2023-08-23,16047623.0
2023-08-24,19625740.0
2023-08-25,17560144.0
2023-08-28,33504766.0
2023-08-29,26213494.0
2023-08-30,22672748.0
2023-08-31,19357700.0
2023-09-01,17221914.0
2023-09-04,23793472.0
2023-09-05,18137788.0
2023-09-06,16608153.0
2023-09-07,16440576.0
2023-09-08,12919765.0
2023-09-11,18687176.0
2023-09-12,14011751.0
2023-09-13,13823808.0
2023-09-14,15157810.0
2023-09-15,18039896.0
2023-09-18,15696698.0
2023-09-19,13521690.0
2023-09-20,11769181.0
2023-09-21,13501179.0
2023-09-22,19223648.0
2023-09-25,15579383.0
2023-09-26,13780845.0
2023-09-27,16479044.0
2023-09-28,15350042.0
2023-10-09,17807238.0
2023-10-10,16193896.0
2023-10-11,18766754.0
2023-10-12,19459822.0
2023-10-13,17015232.0
2023-10-16,15953797.0
2023-10-17,14705623.0
2023-10-18,15898236.0
2023-10-19,18919478.0
2023-10-20,16959130.0
2023-10-23,15205489.0
2023-10-24,18652920.0
2023-10-25,20369174.0
2023-10-26,17608846.0
2023-10-27,22430196.0
2023-10-30,24297332.0
2023-10-31,19631766.0
2023-11-01,18294356.0
2023-11-02,14946506.0
2023-11-03,16586600.0
2023-11-06,25446594.0
2023-11-07,19043360.0
2023-11-08,19259438.0
2023-11-09,18935522.0
2023-11-10,16692468.0
2023-11-13,16482125.0
2023-11-14,16593517.0
2023-11-15,18893214.0
2023-11-16,14662921.0
2023-11-17,13962189.0
2023-11-20,15744963.0
2023-11-21,17592210.0
2023-11-22,13604119.0
2023-11-23,14149981.0
2023-11-24,14010199.0
2023-11-27,15597543.0
2023-11-28,14774054.0
2023-11-29,15594824.0
2023-11-30,15379019.0
2023-12-01,17607832.0
2023-12-04,16466439.0
2023-12-05,16484069.0
2023-12-06,17214298.0
2023-12-07,16094994.0
2023-12-08,20303422.0
2023-12-11,21976118.0
2023-12-12,16697996.0
2023-12-13,16545592.0
2023-12-14,15024577.0
2023-12-15,16490702.0
2023-12-18,14230331.0
2023-12-19,13529366.0
2023-12-20,14129054.0
2023-12-21,17112078.0
2023-12-22,16733635.0
2023-12-25,12183833.0
2023-12-26,12169000.0
2023-12-27,14092493.0
2023-12-28,24585564.0
2023-12-29,19357318.0
2024-01-02,18409610.0
2024-01-03,16509901.0
2024-01-04,16551227.0
2024-01-05,18225166.0
2024-01-08,17076166.0
2024-01-09,17227632.0
2024-01-10,15977765.0
2024-01-11,18097854.0
2024-01-12,15653603.0
2024-01-15,14433172.0
2024-01-16,17565058.0
2024-01-17,17351640.0
2024-01-18,25678454.0
2024-01-19,19126180.0
2024-01-22,22551004.0
2024-01-23,19379116.0
2024-01-24,21903634.0
2024-01-25,26552112.0
2024-01-26,23814490.0
2024-01-29,24469800.0
2024-01-30,19959294.0
2024-01-31,21533336.0
2024-02-01,20381506.0
2024-02-02,23449514.0
2024-02-05,27971316.0
2024-02-06,28504202.0
2024-02-07,29799766.0
2024-02-08,27023976.0
2024-02-19,26767414.0
2024-02-20,21845928.0
2024-02-21,29182356.0
2024-02-22,22509812.0
2024-02-23,23292606.0
2024-02-26,23895164.0
2024-02-27,24448872.0
2024-02-28,32830060.0
2024-02-29,28197188.0
2024-03-01,28857562.0
2024-03-04,29771992.0
2024-03-05,29989592.0
2024-03-06,24829416.0
2024-03-07,25183952.0
2024-03-08,22537910.0
2024-03-11,28641856.0
2024-03-12,33999704.0
2024-03-13,26689876.0
2024-03-14,26380362.0
2024-03-15,24399156.0
2024-03-18,29531484.0
2024-03-19,25955344.0
2024-03-20,22375212.0
2024-03-21,23316248.0
2024-03-22,24885092.0
2024-03-25,23374726.0
2024-03-26,22673074.0
2024-03-27,21640472.0
2024-03-28,23253080.0
2024-03-29,20174938.0
2024-04-01,25163726.0
2024-04-02,22020752.0
2024-04-03,21422290.0
2024-04-08,24324926.0
2024-04-09,19589352.0
2024-04-10,19975478.0
2024-04-11,20029348.0
2024-04-12,20856620.0
2024-04-15,26747248.0
2024-04-16,25331598.0
2024-04-17,24498780.0
2024-04-18,26132992.0
2024-04-19,22622952.0
2024-04-22,22951118.0
2024-04-23,21325722.0
2024-04-24,19529992.0
2024-04-25,18452462.0
2024-04-26,30804506.0
2024-04-29,35870972.0
2024-04-30,28667416.0
2024-05-06,33327048.0
2024-05-07,24736836.0
2024-05-08,19992346.0
2024-05-09,23269492.0
2024-05-10,23373056.0
2024-05-13,24968846.0
2024-05-14,21464356.0
2024-05-15,19148098.0
2024-05-16,24028896.0
2024-05-17,24772952.0
2024-05-20,27997134.0
2024-05-21,19657534.0
2024-05-22,23083936.0
2024-05-23,21420504.0
2024-05-24,19534474.0
2024-05-27,20614376.0
2024-05-28,18438128.0
2024-05-29,17907282.0
2024-05-30,19306964.0
2024-05-31,18070760.0
2024-06-03,22275692.0
2024-06-04,19579096.0
2024-06-05,18263960.0
2024-06-06,22676408.0
2024-06-07,21300154.0
2024-06-11,21928234.0
2024-06-12,20072260.0
2024-06-13,21479234.0
2024-06-14,28376882.0
2024-06-17,23229386.0
2024-06-18,20882412.0
2024-06-19,18479030.0
2024-06-20,18651578.0
2024-06-21,18273674.0
2024-06-24,19578756.0
2024-06-25,19088634.0
2024-06-26,17153810.0
2024-06-27,17411250.0
2024-06-28,20511880.0
2024-07-01,18801822.0
2024-07-02,18610476.0
2024-07-03,16303537.0
2024-07-04,15947715.0
2024-07-05,18141658.0
2024-07-08,17755976.0
2024-07-09,21504884.0
2024-07-10,19814948.0
2024-07-11,23755130.0
2024-07-12,20505556.0
2024-07-15,17158492.0
2024-07-16,20045630.0
2024-07-17,22283080.0
2024-07-18,21578380.0
2024-07-19,22806510.0
2024-07-22,21745732.0
2024-07-23,20285756.0
2024-07-24,18488450.0
2024-07-25,19013148.0
2024-07-26,18785332.0
2024-07-29,16669711.0
2024-07-30,16544283.0
2024-07-31,25824914.0
2024-08-01,20603800.0
2024-08-02,17967118.0
2024-08-05,22363126.0
2024-08-06,18172470.0
2024-08-07,14507898.0
2024-08-08,14948293.0
2024-08-09,14285216.0
2024-08-12,11754489.0
2024-08-13,12525915.0
2024-08-14,11818195.0
2024-08-15,14924934.0
2024-08-16,13588532.0
2024-08-19,14342167.0
2024-08-20,13791058.0
2024-08-21,13000599.0
2024-08-22,14770279.0
2024-08-23,13268088.0
2024-08-26,13907060.0
2024-08-27,12975596.0
2024-08-28,13598231.0
2024-08-29,17434012.0
2024-08-30,26837604.0
2024-09-02,19441000.0
2024-09-03,15508949.0
2024-09-04,14007006.0
2024-09-05,13461820.0
2024-09-06,12154154.0
2024-09-09,14651605.0
2024-09-10,13361048.0
2024-09-11,14151383.0
2024-09-12,13638725.0
2024-09-13,13744891.0
2024-09-18,12345215.0
2024-09-19,18178512.0
2024-09-20,16398505.0
2024-09-23,14387616.0
2024-09-24,30787954.0
2024-09-25,35686260.0
2024-09-26,37398364.0
2024-09-27,46669276.0
2024-09-30,86252880.0
2024-10-08,113038744.0
2024-10-09,102903208.0
2024-10-10,71795216.0
2024-10-11,48499828.0
2024-10-14,53407660.0
2024-10-15,43441092.0
2024-10-16,37730132.0
2024-10-17,36917052.0
2024-10-18,62067368.0
2024-10-21,60010960.0
2024-10-22,44288184.0
2024-10-23,46912080.0
2024-10-24,34048688.0
2024-10-25,41223136.0
2024-10-28,39045020.0
2024-10-29,42962500.0
2024-10-30,38501060.0
2024-10-31,51553384.0
2024-11-01,47647296.0
2024-11-04,38104860.0
2024-11-05,58097184.0
2024-11-06,63912412.0
2024-11-07,65814592.0
2024-11-08,68844656.0
2024-11-11,62560592.0
2024-11-12,66038052.0
2024-11-13,51273428.0
2024-11-14,46415756.0
2024-11-15,47407968.0
2024-11-18,47240808.0
2024-11-19,40261096.0
2024-11-20,34757768.0
2024-11-21,32423500.0
2024-11-22,39756684.0
2024-11-25,34900676.0
2024-11-26,26440326.0
2024-11-27,32063236.0
2024-11-28,28643288.0
2024-11-29,37526200.0
2024-12-02,36859124.0
2024-12-03,32729504.0
2024-12-04,31204042.0
2024-12-05,25771630.0
2024-12-06,35175172.0
2024-12-09,30822722.0
2024-12-10,48727804.0
2024-12-11,31071332.0
2024-12-12,33366754.0
2024-12-13,42147860.0
2024-12-16,32761908.0
2024-12-17,30603736.0
2024-12-18,27682538.0
2024-12-19,32177160.0
2024-12-20,33214326.0
2024-12-23,35406340.0
2024-12-24,31038488.0
2024-12-25,29929514.0
2024-12-26,30576994.0
2024-12-27,34501108.0
2024-12-30,32269940.0
2024-12-31,34788044.0
2025-01-02,38863656.0
2025-01-03,30432274.0
2025-01-06,26280354.0
2025-01-07,26685580.0
2025-01-08,30096572.0
2025-01-09,25148600.0
2025-01-10,27535422.0
2025-01-13,24786196.0
2025-01-14,34546148.0
2025-01-15,27885060.0
2025-01-16,30573462.0
2025-01-17,26543750.0
2025-01-20,29217544.0
2025-01-21,28507334.0
2025-01-22,29874562.0
2025-01-23,34519808.0
2025-01-24,29647438.0
2025-01-27,28294012.0
2025-02-05,34601620.0
2025-02-06,37189196.0
2025-02-07,48738156.0
2025-02-10,38496832.0
2025-02-11,33786608.0
2025-02-12,35483060.0
2025-02-13,37647344.0
2025-02-14,36097424.0
2025-02-17,43092956.0
2025-02-18,40018624.0
2025-02-19,36368036.0
2025-02-20,32597242.0
2025-02-21,50464548.0
2025-02-24,45508872.0
2025-02-25,37798144.0
2025-02-26,38645820.0
2025-02-27,42827276.0
2025-02-28,42030804.0
2025-03-03,35605776.0
2025-03-04,29773926.0
2025-03-05,29086050.0
2025-03-06,39741940.0
2025-03-07,34062672.0
2025-03-10,29257498.0
2025-03-11,28748044.0
2025-03-12,30962726.0
2025-03-13,29517312.0
2025-03-14,45089528.0
2025-03-17,31890440.0
2025-03-18,29273932.0
2025-03-19,28607528.0
2025-03-20,26002068.0
2025-03-21,30934860.0
2025-03-24,26605144.0
2025-03-25,23924632.0
2025-03-26,22094318.0
2025-03-27,23217362.0
2025-03-28,21337918.0
2025-03-31,26848032.0
2025-04-01,24604168.0
2025-04-02,19826752.0
2025-04-03,26368468.0
2025-04-07,51297180.0
2025-04-08,46402108.0
2025-04-09,45503108.0
2025-04-10,40384256.0
2025-04-11,31853514.0
2025-04-14,29257128.0
2025-04-15,22860462.0
2025-04-16,26171110.0
2025-04-17,20901232.0
2025-04-18,17310938.0
2025-04-21,20808568.0
2025-04-22,21020070.0
2025-04-23,24711738.0
2025-04-24,20548304.0
2025-04-25,22053504.0
2025-04-28,21063532.0
2025-04-29,19746274.0
2025-04-30,24482046.0
2025-05-06,26793708.0
2025-05-07,28601074.0
2025-05-08,24698728.0
2025-05-09,21669794.0
2025-05-12,29612294.0
2025-05-13,26758640.0
2025-05-14,31946522.0
2025-05-15,24146496.0
2025-05-16,20883566.0
2025-05-19,18488816.0
2025-05-20,20163670.0
2025-05-21,21703774.0
2025-05-22,19751142.0
2025-05-23,23294538.0
2025-05-26,20887680.0
2025-05-27,17846676.0
2025-05-28,16249636.0
2025-05-29,20945960.0
2025-05-30,19938976.0
2025-06-03,22678278.0
2025-06-04,21173618.0
2025-06-05,23174928.0
2025-06-06,20203474.0
2025-06-09,26202368.0
2025-06-10,26364756.0
2025-06-11,25721770.0
2025-06-12,26023958.0
2025-06-13,30917234.0
2025-06-16,24686098.0
2025-06-17,22039982.0
2025-06-18,23055386.0
2025-06-19,23484018.0
2025-06-20,21352282.0
2025-06-23,23248220.0
2025-06-24,29422872.0
2025-06-25,36172728.0
2025-06-26,32810284.0
2025-06-27,34346824.0
2025-06-30,28882144.0
2025-07-01,23607034.0
2025-07-02,24663786.0
2025-07-03,26960956.0
2025-07-04,29051300.0
2025-07-07,22510698.0
2025-07-08,29208982.0
2025-07-09,30539880.0
2025-07-10,34783672.0
2025-07-11,44378080.0
2025-07-14,32141594.0
2025-07-15,35352460.0
2025-07-16,30065678.0
2025-07-17,32551686.0
2025-07-18,35424448.0
2025-07-21,37793856.0
2025-07-22,45087400.0
2025-07-23,47033092.0
2025-07-24,48700004.0
2025-07-25,43044552.0
2025-07-28,40679288.0
2025-07-29,42876428.0
2025-07-30,44516844.0
2025-07-31,49214256.0
2025-08-01,35968516.0
2025-08-04,29597682.0
2025-08-05,30693426.0
2025-08-06,30767462.0
2025-08-07,35810836.0
2025-08-08,30850768.0
2025-08-11,36068584.0
2025-08-12,38308844.0
2025-08-13,46277672.0
2025-08-14,48507564.0
2025-08-15,51868688.0
2025-08-18,63536588.0
2025-08-19,55353620.0
2025-08-20,53881528.0
2025-08-21,55852124.0
2025-08-22,67593512.0
2025-08-25,82368192.0
2025-08-26,62795040.0
2025-08-27,78509848.0
2025-08-28,73942360.0
2025-08-29,83119408.0
2025-09-01,77037832.0
2025-09-02,77799928.0
2025-09-03,65569712.0
2025-09-04,77312456.0
2025-09-05,66416700.0
2025-09-08,68363088.0
2025-09-09,56286112.0
2025-09-10,53553936.0
2025-09-11,69315664.0
2025-09-12,68957608.0
2025-09-15,61331464.0
2025-09-16,61372832.0
2025-09-17,60845420.0
2025-09-18,83998712.0
2025-09-19,60388704.0
2025-09-22,56314916.0
2025-09-23,68051360.0
2025-09-24,62916152.0
2025-09-25,66986700.0
2025-09-26,59872392.0
2025-09-29,69339528.0
2025-09-30,66462412.0
2025-10-09,86220800.0
2025-10-10,79274304.0
2025-10-13,71400160.0
2025-10-14,80895904.0
2025-10-15,60732636.0
2025-10-16,56056724.0
2025-10-17,55908596.0
2025-10-20,50579880.0
2025-10-21,55139028.0
2025-10-22,44093532.0
2025-10-23,42080020.0
2025-10-24,55198664.0
2025-10-27,67267032.0
2025-10-28,57156324.0
2025-10-29,64589868.0
2025-10-30,71995624.0
2025-10-31,68071224.0
2025-11-03,55760296.0
2025-11-04,50517772.0
2025-11-05,46836116.0
2025-11-06,55364176.0
2025-11-07,50757388.0
2025-11-10,59397716.0
2025-11-11,47762908.0
2025-11-12,49230884.0
2025-11-13,51006068.0
2025-11-14,44472044.0
2025-11-17,43894012.0
2025-11-18,42015012.0
2025-11-19,38523048.0
2025-11-20,41506480.0
2025-11-21,48129584.0
2025-11-24,42580748.0
2025-11-25,41152380.0
2025-11-26,42736136.0
2025-11-27,41778984.0
2025-11-28,34183232.0
2025-12-01,46386156.0
2025-12-02,36436644.0
2025-12-03,37448616.0
2025-12-04,34876740.0
2025-12-05,41214680.0
2025-12-08,49671620.0
2025-12-09,45211388.0
2025-12-10,40145280.0
2025-12-11,43243112.0
2025-12-12,52386324.0
2025-12-15,42438340.0
2025-12-16,39050012.0
2025-12-17,45250476.0
2025-12-18,38210240.0
2025-12-19,37157716.0
2025-12-22,44824060.0
2025-12-23,43314132.0
2025-12-24,40637564.0
2025-12-25,38535608.0
2025-12-26,46042692.0
2025-12-29,48261352.0
2025-12-30,45718548.0
2025-12-31,44449152.0
2026-01-05,63057736.0
2026-01-06,72541456.0
2026-01-07,66489792.0
2026-01-08,63065560.0
2026-01-09,66878880.0
2026-01-12,79995408.0
2026-01-13,80105496.0
2026-01-14,89133424.0
2026-01-15,67405864.0
2026-01-16,78562416.0
2026-01-19,65514924.0
2026-01-20,67196064.0
2026-01-21,66533052.0
2026-01-22,69023528.0
2026-01-23,75561776.0
2026-01-26,79683296.0
2026-01-27,71526792.0
2026-01-28,82941408.0
2026-01-29,91796616.0
2026-01-30,75056488.0
2026-02-02,72592040.0
2026-02-03,66662680.0
2026-02-04,63601864.0
2026-02-05,55043320.0
2026-02-06,50575980.0
2026-02-09,52275728.0
2026-02-10,45033956.0
2026-02-11,43342864.0
2026-02-12,49047384.0
2026-02-13,45287860.0
2026-02-24,52608424.0
2026-02-25,59690384.0
2026-02-26,59984892.0
2026-02-27,57882096.0
2026-03-02,75268192.0
2026-03-03,80165920.0
2026-03-04,60892316.0
2026-03-05,57044376.0
2026-03-06,48780708.0
2026-03-09,66582152.0
2026-03-10,55760788.0
2026-03-11,57956440.0
2026-03-12,57210548.0
2026-03-13,58030560.0
